step,source_tensor_bytes,encoded_bytes,compression_ratio,compression_latency_ms,compression_throughput_mib_per_second,encoded_bits_per_gradient_element,prediction_energy_r2,prediction_cosine_similarity,reconstruction_energy_r2
0,19481600,5521596,3.5282552363483313,240.566709,77.23055962202983,9.069638633377135,0.0,,0.9999277089946894
1,19481600,5571517,3.496641937913857,235.10866599999991,79.02346552593687,9.1516376478318,0.0,,0.9999282364538188
2,19481600,5571517,3.496641937913857,236.02712500000013,78.7159592885775,9.1516376478318,0.0,,0.9999255560339184
3,19481600,5358525,3.6356273414792315,237.70054100000016,78.1617975471919,8.801782194480946,0.0,,0.9999231820682745
4,19481600,5505981,3.538261392474838,232.7077499999999,79.83877443918395,9.043989816031537,0.0,,0.9999281756916314
5,19481600,5637053,3.4559902133260056,232.20520799999989,80.01156271439015,9.259285479632062,0.0,,0.999927874387931
6,19481600,5539518,3.5168402738288784,245.13708300000036,75.79066102577379,9.099076872536136,0.0,,0.9999285539813745
7,19481600,5473213,3.559444881827183,293.372958,63.32929145603121,8.990165900131407,0.0,,0.9999285824273915
8,19481600,5701820,3.4167336043579066,280.88824999999986,66.14410379394656,9.365670170827858,0.0,,0.9999294275067677
9,19481600,5735612,3.3966035359435054,279.1729170000003,66.55051558063555,9.42117608409987,0.0,,0.9999328866902588
10,19481600,5934527,3.2827553063622426,240.45862500000004,77.26527406742011,9.74790900131406,0.0,,0.9999324219613578
11,19481600,5754558,3.385420739525086,237.9522500000002,78.0791169762,9.452296320630749,0.0,,0.9999322924375063
12,19481600,5653692,3.445819121381214,231.72337499999963,80.17793441209818,9.28661629434954,0.0,,0.9999243954535159
13,19481600,5638077,3.4553625287487204,235.42850000000027,78.91611067691456,9.260967477003943,0.0,,0.9999201395067258
14,19481600,5554358,3.5074440646425744,232.75708400000016,79.82185222126252,9.123452693823916,0.0,,0.9999221677642207
15,19481600,5488828,3.5493187252360614,239.47879100000068,77.58140704201212,9.015814717477005,0.0,,0.9999242962981764
16,19481600,5619900,3.466538550508016,232.74749999999943,79.82513909923864,9.23111038107753,0.0,,0.9999254301654051
17,19481600,5669309,3.4363270726644113,231.90208399999966,80.11614747929573,9.312268396846255,0.0,,0.9999265392488167
18,19481600,5835199,3.3386350662590942,233.4338330000003,79.59044035617569,9.584755256241786,0.0,,0.9999230751604985
19,19481600,5669823,3.4360155511027415,231.89812499999985,80.11751523432979,9.31311268068331,0.0,,0.9999238067970362
20,19481600,5964735,3.2661300124816943,241.4166660000001,76.95865356081089,9.797527923784495,0.0,,0.9999765460604454
21,19481600,5701820,3.4167336043579066,232.52679199999983,79.90090691355694,9.365670170827858,0.0,,0.9999776814153748
22,19481600,5636284,3.456461739685225,231.60666700000033,80.21833655807488,9.258022339027596,0.0,,0.9999765670647796
23,19481600,5981886,3.256765508403203,235.37641699999944,78.93357286724287,9.825699737187911,0.0,,0.9999744145306362
24,19481600,5751742,3.387078210392608,232.26741700000008,79.990132935865,9.447670827858081,0.0,,0.999976598591122
25,19481600,5899197,3.3024155660507692,231.55070800000033,80.23772297211016,9.689876806833114,0.0,,0.9999737240780694
26,19481600,5767356,3.377908351764656,238.54504200000014,77.88508789254143,9.47331800262812,0.0,,0.9999148121569544
27,19481600,5947581,3.2755501774587015,244.58008399999898,75.96326429628701,9.769351182654402,0.0,,0.999917050452738
28,19481600,5964733,3.266131107628791,233.9327079999993,79.42070914897481,9.797524638633377,0.0,,0.9999800439222206
29,19481600,5980348,3.257603069252826,231.30845799999912,80.32175616552712,9.823173455978974,0.0,,0.999920252648777
30,19481600,5521596,3.5282552363483313,232.46933300000094,79.92065586775665,9.069638633377135,0.0,,0.9999228762817536
31,19481600,5603516,3.476674288071989,234.761958,79.14017126446015,9.204198423127464,0.0,,0.9999241906078932
32,19481600,6241723,3.1211894536172142,237.0274160000001,78.38376621588783,10.252501642575558,0.0,,0.9999252460183713
33,19481600,5915581,3.293269080416615,232.18187500000022,80.01960343588398,9.71678876478318,0.0,,0.9999234153844991
34,19481600,6077883,3.205326591512209,241.89066699999984,76.80784791295818,9.9833820630749,0.0,,0.9999260057735229
35,19481600,6012347,3.2402654071696126,231.62474999999995,80.21207389322603,9.875734231274638,0.0,,0.9999304518068849
36,19481600,5619894,3.4665422515086584,231.56441699999954,80.23297276498245,9.231100525624178,0.0,,0.9999303923136538
37,19481600,5669052,3.436482854628957,231.97091699999993,80.09237452167335,9.311846254927726,0.0,,0.9999268861025129
38,19481600,5850045,3.330162417554053,235.73508399999986,78.8134767521495,9.609140932982918,0.0,,0.999925074585983
39,19481600,5800893,3.3583794770908546,234.12433400000054,79.35570491574771,9.52840505913272,0.0,,0.9999242776447188
40,19481600,6030270,3.230634780863875,234.92800000000003,79.08423671295034,9.905174113009199,0.0,,0.9999214902055819
41,19481600,5669053,3.436482248446081,241.3677090000004,76.97426320809123,9.311847897503284,0.0,,0.999923308997658
42,19481600,5537211,3.5183055151772256,233.99420900000047,79.39983490146956,9.095287450722733,0.0,,0.9999233411491838
43,19481600,5946811,3.275974299502708,234.1180000000005,79.35785186316285,9.768086399474376,0.0,,0.9999256909141024
44,19481600,5882047,3.3120442594219326,232.31170899999933,79.97488220664786,9.661706636005256,0.0,,0.9999154052158454
45,19481600,5946811,3.275974299502708,233.7250829999995,79.49126094651997,9.768086399474376,0.0,,0.999927145809844
46,19481600,5865660,3.3212971771292574,233.2584999999998,79.65026596029733,9.634789750328515,0.0,,0.9999222711344539
47,19481600,5816508,3.3493635700320534,230.82841700000145,80.48879684731314,9.554053876478317,0.0,,0.9999210669309607
48,19481600,5947067,3.275833280506172,247.15462499999853,75.17197609593634,9.768506898817346,0.0,,0.9999212720147286
49,19481600,5864885,3.3217360613208955,241.8697089999995,76.8145033097139,9.633516754270696,0.0,,0.9999259352685469
50,19481600,5603516,3.476674288071989,241.36604200000102,76.97479483257186,9.204198423127464,0.0,,0.9999301047254122
51,19481600,5702583,3.4162764487601494,232.91091699999987,79.76913148515065,9.366923455978975,0.0,,0.9999359879825768
52,19481600,5637053,3.4559902133260056,238.58408299999923,77.87234307034664,9.259285479632062,0.0,,0.9999136810218183
53,19481600,5751735,3.387082332548353,233.9627499999999,79.41051112837411,9.447659329829172,0.0,,0.9999083035656394
54,19481600,5554364,3.5074402757903513,232.83275000000003,79.79591171130349,9.123462549277267,0.0,,0.9999196051661514
55,19481600,5654206,3.4455058765103357,240.62162500000284,77.21293363595139,9.287460578186597,0.0,,0.9999220614617534
56,19481600,5736126,3.396299174739188,233.18529199999816,79.67527198284935,9.422020367936925,0.0,,0.999976249927044
57,19481600,5652668,3.446443343214213,230.7909170000002,80.50187504779481,9.284934296977662,0.0,,0.9999785713780366
58,19481600,5751741,3.3870787992713858,232.94529200000014,79.75736020670462,9.447669185282523,0.0,,0.9999768214008063
59,19481600,5637822,3.4555188155993575,230.7464579999987,80.51738572082482,9.26054862023653,0.0,,0.9999229157464052
60,19481600,5653437,3.4459745461035474,232.54695800000036,79.89397806915183,9.286197437582128,0.0,,0.9999226529370446
61,19481600,5770432,3.3761077160254205,236.94229200000194,78.41192640484734,9.478370565045992,0.0,,0.9999738857576999
62,19481600,5605054,3.475720305281626,243.10479200000046,76.42425066841119,9.2067247043364,0.0,,0.9999742620737885
63,19481600,5702076,3.4165802069281432,231.77716700000062,80.15932631750543,9.366090670170827,0.0,,0.999924116477058
64,19481600,5702589,3.416272854312313,232.99425000000085,79.74060116290394,9.366933311432327,0.0,,0.9999239621325188
65,19481600,5621438,3.4655901212465565,229.80570800000066,80.84699777126487,9.233636662286465,0.0,,0.999969413693831
66,19481600,5589439,3.485430290946909,232.75912500000118,79.82115228565112,9.181075886990802,0.0,,0.9999317902871704
67,19481600,5637823,3.4555182026821347,235.71916699999917,78.81879865331472,9.260550262812089,0.0,,0.9999288327553179
68,19481600,5537980,3.5178169657528557,231.59554200000088,80.22218995260249,9.096550591327201,0.0,,0.9999294997947064
69,19481600,5671359,3.435084959354539,246.43454099999929,75.39162930289083,9.31563567674113,0.0,,0.9999207869359507
70,19481600,5539774,3.5166777561683924,232.65745799999848,79.85603265079996,9.099497371879107,0.0,,0.9999248684245632
71,19481600,5572542,3.4959987739886036,237.5152500000013,78.22277332718593,9.153321287779239,0.0,,0.9999292503291243
72,19481600,5539518,3.5168402738288784,231.1783750000025,80.36695284539395,9.099076872536136,0.0,,0.9999195636377641
73,19481600,5736126,3.396299174739188,232.40170899999768,79.94391109447558,9.422020367936925,0.0,,0.9999247851792775
74,19481600,5653437,3.4459745461035474,234.70687500000054,79.15874455104887,9.286197437582128,0.0,,0.9999686408953973
75,19481600,5474237,3.5587790590725246,245.09870900000053,75.80252722791764,8.991847897503286,0.0,,0.9999391199370254
76,19481600,5621439,3.4655895047513634,233.56266700000106,79.54653798545603,9.233638304862025,0.0,,0.9999268992322158
77,19481600,5570748,3.497124623120629,238.47791700000087,77.90701041094691,9.150374507227333,0.0,,0.9999244391553431
78,19481600,5622462,3.4649589450315537,234.17183299999778,79.33960854506432,9.235318659658343,0.0,,0.9999278594477203
79,19481600,5554364,3.5074402757903513,233.0257919999994,79.72980760215611,9.123462549277267,0.0,,0.9999197266128665
80,19481600,5619901,3.466537933675344,234.09295799999796,79.36634113743892,9.231112023653088,0.0,,0.9999211756244302
81,19481600,5521590,3.5282590703040246,231.80262500000026,80.15052272380427,9.069628777923784,0.0,,0.9999260956028517
82,19481600,5767356,3.377908351764656,245.51166599999874,75.67502540795799,9.47331800262812,0.0,,0.9999592084417402
83,19481600,5817278,3.348920233827574,234.2282080000011,79.32051276462788,9.555318659658344,0.0,,0.9999275110984841
84,19481600,5652669,3.446442733512258,231.7052079999975,80.18422081604743,9.28493593955322,0.0,,0.999931182933353
85,19481600,5636284,3.456461739685225,232.28074999999748,79.9855414729813,9.258022339027596,0.0,,0.9999257533084381
86,19481600,5653437,3.4459745461035474,231.8214160000025,80.1440258759346,9.286197437582128,0.0,,0.9999300088551871
87,19481600,5587901,3.48638961212806,234.66787499999953,79.17190012693487,9.178549605781866,0.0,,0.9999366907346859
88,19481600,5652668,3.446443343214213,242.0882500000019,76.74516033925585,9.284934296977662,0.0,,0.9999323151157419
89,19481600,5654975,3.445037334382557,242.20054199999907,76.70957880226408,9.288723718791065,0.0,,0.9999432067958003
90,19481600,5652670,3.446442123810518,232.59479200000044,79.87754756993856,9.284937582128778,0.0,,0.9999358150404082
91,19481600,5702589,3.416272854312313,234.19895800000035,79.33041940562337,9.366933311432327,0.0,,0.9999200157593607
92,19481600,5768125,3.377458012785784,234.39170800000042,79.26518271926227,9.474581143232589,0.0,,0.9999298230155154
93,19481600,5882044,3.3120459486532234,317.8988750000009,58.44343287625647,9.661701708278581,0.0,,0.9999281398026032
94,19481600,5636284,3.456461739685225,238.56583400000275,77.87829988471772,9.258022339027596,0.0,,0.9999259641957263
95,19481600,5490366,3.5483244650720915,233.5120410000009,79.56378387570999,9.01834099868594,0.0,,0.9999237011179749
96,19481600,5523134,3.527272740440482,235.5732080000017,78.86763405836824,9.072164914586072,0.0,,0.9999563052716507
97,19481600,5604279,3.476200952879041,232.31479199999683,79.97382087706346,9.20545170827858,0.0,,0.9999247115313392
98,19481600,5750973,3.3875311186472272,234.34320799999853,79.28158755298817,9.446407687253613,0.0,,0.9999251903060381
99,19481600,5733819,3.397665674483272,238.0685420000006,78.04097679776588,9.418230946123522,0.0,,0.999933875739393
100,19481600,5737150,3.3956929834499707,231.45779099999686,80.26993380620422,9.423702365308804,0.0,,0.9999281292539632
101,19481600,5751741,3.3870787992713858,232.4547499999987,79.92566967334547,9.447669185282523,0.0,,0.9999286597323509
102,19481600,5669052,3.436482854628957,236.38737499999962,78.59599761831625,9.311846254927726,0.0,,0.9999259610866832
103,19481600,5636278,3.456465419200401,242.66895799999944,76.56150879627563,9.258012483574245,0.0,,0.9999226767565744
104,19481600,5767356,3.377908351764656,234.27475000000086,79.304754620376,9.47331800262812,0.0,,0.9999220658753812
105,19481600,5734588,3.397210052404811,231.64329100000103,80.20565362499498,9.419494086727989,0.0,,0.999929111288818
106,19481600,5619894,3.4665422515086584,231.3797500000021,80.29700767893401,9.231100525624178,0.0,,0.9999229135189188
107,19481600,5833661,3.339515271799304,230.85500000000536,80.47952854605518,9.582228975032852,0.0,,0.9999185589889388
108,19481600,5818815,3.3480356395589137,235.94125000000332,78.74460935720116,9.557843298291722,0.0,,0.9999371442488882
109,19481600,5669821,3.436016763139436,232.63650000000524,79.86322680447643,9.313109395532194,0.0,,0.9999276642646964
110,19481600,5768125,3.377458012785784,236.50137500000312,78.55811224141827,9.474581143232589,0.0,,0.9999256671530313
111,19481600,5456060,3.570635220287167,244.90754199999998,75.86169625801071,8.961990801576873,0.0,,0.9999222072435471
112,19481600,5570748,3.497124623120629,279.3217919999975,66.51504499333932,9.150374507227333,0.0,,0.9999250106984268
113,19481600,5439670,3.581393724251655,294.4536250000027,63.09686818255278,8.935068988173455,0.0,,0.999929327619627
114,19481600,5507519,3.53727331671484,259.5406659999995,71.58454915307969,9.046516097240474,0.0,,0.9999320484773021
115,19481600,5588157,3.4862298965472873,233.1525839999955,79.6864492932249,9.178970105124836,0.0,,0.999925960456785
116,19481600,5882813,3.311612998747368,239.6190830000009,77.53598473832709,9.662964848883048,0.0,,0.9999350886988019
117,19481600,5637822,3.4555188155993575,248.8368329999986,74.66379208619853,9.26054862023653,0.0,,0.9999267834277467
118,19481600,5786817,3.3665484842530877,232.47783399999378,79.91773341496504,9.505284165571616,0.0,,0.9999252032764261
119,19481600,5406902,3.6030984101431835,243.68854099999737,76.24117853986495,8.881245072273325,0.0,,0.9999289047845162
120,19481600,5491135,3.5478275438502243,233.10262500000078,79.70352784529963,9.019604139290408,0.0,,0.9999249353045351
121,19481600,5736895,3.3958439190537737,232.68062500000042,79.84808173220253,9.423283508541394,0.0,,0.9999412558523374
122,19481600,5505981,3.538261392474838,231.3375000000022,80.31167261036289,9.043989816031537,0.0,,0.999925191458557
123,19481600,5555896,3.5064731233270026,232.77683300000263,79.81508006211163,9.12597897503285,0.0,,0.9999222699767154
124,19481600,5686974,3.425653080179371,239.82904199999666,77.4681056454383,9.341284494086729,0.0,,0.999925753246098
125,19481600,5570748,3.497124623120629,232.67137499999535,79.85125614399438,9.150374507227333,0.0,,0.9999234920521278
126,19481600,5651899,3.4469122678943838,232.33291599999717,79.96758221938826,9.283671156373194,0.0,,0.9999282184481172
127,19481600,5768894,3.3770077938682874,241.14720899999753,77.04464687584334,9.475844283837057,0.0,,0.9999262802903629
128,19481600,5555896,3.5064731233270026,232.05924999999894,80.06188748132249,9.12597897503285,0.0,,0.9999244320043296
129,19481600,5572280,3.4961631504518795,231.384208999998,80.29546027706739,9.152890932982917,0.0,,0.999919417997554
130,19481600,5539518,3.5168402738288784,241.26258399999756,77.00780309349662,9.099076872536136,0.0,,0.9999294245197915
131,19481600,5685692,3.426425490511973,234.09695800000208,79.36498500975752,9.339178712220763,0.0,,0.9999273580637476
132,19481600,5523134,3.527272740440482,234.46637499999667,79.23994032193428,9.072164914586072,0.0,,0.9999219296942577
133,19481600,5736382,3.3961476066273133,231.63566699999905,80.20829349436966,9.422440867279894,0.0,,0.9999198882803898
134,19481600,5538749,3.5173285519889057,234.49458300000003,79.23040833101035,9.09781373193167,0.0,,0.9999253311799503
135,19481600,5720511,3.405569887025827,244.9196669999978,75.85794064671894,9.396371550591327,0.0,,0.9999346032998134
136,19481600,5736895,3.3958439190537737,233.78741600000552,79.47006678280563,9.423283508541394,0.0,,0.9999353441512825
137,19481600,5835199,3.3386350662590942,250.78220900000048,74.08460766249955,9.584755256241786,0.0,,0.9999336825196541
138,19481600,5751741,3.3870787992713858,232.4257090000046,79.93565618207766,9.447669185282523,0.0,,0.9999205177613856
139,19481600,5538749,3.5173285519889057,233.44799999999566,79.585610339349,9.09781373193167,0.0,,0.9999232635777165
140,19481600,5603516,3.476674288071989,236.58283299999994,78.53106384308114,9.204198423127464,0.0,,0.9999298172156622
141,19481600,5931197,3.284598370278377,234.0598749999998,79.37755910747204,9.742439224704336,0.0,,0.9999439072700245
142,19481600,5488828,3.5493187252360614,230.6937910000002,80.53576770299806,9.015814717477005,0.0,,0.9999277718996744
143,19481600,5620156,3.466380648508689,233.10283300000378,79.70345672503989,9.231530880420499,0.0,,0.9999232546438609
144,19481600,5652670,3.446442123810518,245.61183400000175,75.64416282360348,9.284937582128778,0.0,,0.9999412419450073
145,19481600,5752510,3.3866260119495664,238.2647919999954,77.97669729777095,9.448932325886991,0.0,,0.9999223525478061
146,19481600,5440445,3.580883549047918,236.13799999999685,78.6789994092448,8.936341984231275,0.0,,0.9999360493622647
147,19481600,5605824,3.4752428902512813,232.44112500000114,79.9303546758342,9.207989487516425,0.0,,0.9999342445728816
148,19481600,5605054,3.475720305281626,232.65079099999753,79.8583210598248,9.2067247043364,0.0,,0.9999226777757316
149,19481600,5733819,3.397665674483272,230.79404199999942,80.50078503543018,9.418230946123522,0.0,,0.9999258238742721
150,19481600,5652668,3.446443343214213,231.7213340000066,80.17864061881963,9.284934296977662,0.0,,0.9999250022552408
151,19481600,5587132,3.486869470776778,244.336667000006,76.03894163989534,9.177286465177398,0.0,,0.9999301406657538
152,19481600,5686205,3.426116364077623,233.91808300000605,79.4256746815915,9.34002135348226,0.0,,0.9999454953074978
153,19481600,5669052,3.436482854628957,235.6688329999983,78.83563272238096,9.311846254927726,0.0,,0.9999240939113835
154,19481600,5555902,3.5064693365721715,230.63387500000232,80.55668995935577,9.125988830486202,0.0,,0.9999244815978356
155,19481600,5621438,3.4655901212465565,232.24320799999987,79.9984710963001,9.233636662286465,0.0,,0.9999545340563796
156,19481600,5653437,3.4459745461035474,238.4501659999998,77.91607728425744,9.286197437582128,0.0,,0.9999295163829833
157,19481600,5785278,3.3674440536824677,239.0830419999972,77.7098258708797,9.502756241787122,0.0,,0.999930731016798
158,19481600,5751741,3.3870787992713858,245.4597079999985,75.69104401647913,9.447669185282523,0.0,,0.9999255969538151
159,19481600,5735357,3.396754552506496,234.79270800000052,79.12980654620654,9.420757227332457,0.0,,0.9999265650070182
160,19481600,5637053,3.4559902133260056,231.32700000000028,80.31531798060745,9.259285479632062,0.0,,0.9999366766962083
161,19481600,5669052,3.436482854628957,232.53962500000114,79.89649747865514,9.311846254927726,0.0,,0.9999333918430412
162,19481600,5685437,3.4265791706072903,232.53645799999845,79.89758561859631,9.33875985545335,0.0,,0.9999302706753499
163,19481600,5621438,3.4655901212465565,231.24900000000537,80.34240823743916,9.233636662286465,0.0,,0.9999558041231497
164,19481600,5949374,3.274563004443829,233.30208399999464,79.63538620812503,9.77229632063075,0.0,,0.9999301820944708
165,19481600,5637053,3.4559902133260056,266.1512090000002,69.80656459276119,9.259285479632062,0.0,,0.9999278537816964
166,19481600,5455291,3.5711385515456464,312.6394579999996,59.42660495048589,8.960727660972404,0.0,,0.9999473292000859
167,19481600,5767356,3.377908351764656,269.1060410000006,69.04007614790022,9.47331800262812,0.0,,0.999928761088801
168,19481600,5750460,3.387833321160394,237.90420899999987,78.09488382149645,9.445565045992115,0.0,,0.9999257407989354
169,19481600,5653437,3.4459745461035474,245.71508300000033,75.61237729350125,9.286197437582128,0.0,,0.9999278891089849
170,19481600,5572286,3.4961593859324522,284.02941600000275,65.41259642803976,9.152900788436268,0.0,,0.9999244501817617
171,19481600,5621438,3.4655901212465565,246.7184579999966,75.30487063315002,9.233636662286465,0.0,,0.9999302559714288
172,19481600,5604285,3.4761972312257496,304.3927499999981,61.0366099800344,9.205461563731932,0.0,,0.9999311986893358
173,19481600,5654206,3.4455058765103357,246.4222909999947,75.3953771272275,9.287460578186597,0.0,,0.9999200911921549
174,19481600,5572286,3.4961593859324522,243.3295419999979,76.3536618274659,9.152900788436268,0.0,,0.9999285116221283
175,19481600,5507520,3.5372726744523852,239.40749999999866,77.60450930944145,9.046517739816032,0.0,,0.999935565255712
176,19481600,5751997,3.38692805298751,242.9884999999956,76.4608265926179,9.448089684625494,0.0,,0.9999306938220996
177,19481600,5556157,3.5063084070518524,238.8950420000029,77.77098012147015,9.126407687253614,0.0,,0.9999246402210377
178,19481600,5572286,3.4961593859324522,237.73483400000117,78.15052279002542,9.152900788436268,0.0,,0.9999294622169969
179,19481600,5815739,3.3498064476414777,243.88450000000006,76.17991943932475,9.55279073587385,0.0,,0.9999336241568418
180,19481600,5636278,3.456465419200401,232.1015839999987,80.04728465144858,9.258012483574245,0.0,,0.9999344923298885
181,19481600,5587901,3.48638961212806,233.1428339999988,79.68978176914541,9.178549605781866,0.0,,0.9999328710772645
182,19481600,5651899,3.4469122678943838,231.0141250000015,80.42409338606407,9.283671156373194,0.0,,0.9999265675399349
183,19481600,5604285,3.4761972312257496,233.37270799999743,79.611286691245,9.205461563731932,0.0,,0.9999319563181116
184,19481600,5538749,3.5173285519889057,232.18704199999962,80.01782271079551,9.09781373193167,0.0,,0.9999261340142788
185,19481600,5750972,3.387531707683501,233.20995899999986,79.66684459860487,9.446406044678055,0.0,,0.9999258461344781
186,19481600,5669821,3.436016763139436,246.89083300000192,75.25229404730412,9.313109395532194,0.0,,0.9999311300237306
187,19481600,5670590,3.4355507980651043,256.36266699999766,72.47194679286189,9.314372536136663,0.0,,0.9999303457164888
188,19481600,5637309,3.4558332708034984,235.9942500000045,78.72692475558047,9.259705978975033,0.0,,0.999926013299508
189,19481600,5702589,3.416272854312313,232.36058300000195,79.95806053946698,9.366933311432327,0.0,,0.9999196200159075
190,19481600,5571517,3.496641937913857,235.58450000000164,78.86385378706949,9.1516376478318,0.0,,0.9999221180741673
191,19481600,5898429,3.3028455542992887,232.22700000000174,80.00405449194048,9.688615308804206,0.0,,0.9999498146617916
192,19481600,5637053,3.4559902133260056,260.2004170000001,71.40304299550755,9.259285479632062,0.0,,0.9999249408314543
193,19481600,5735357,3.396754552506496,327.46825000000257,56.73558142659587,9.420757227332457,0.0,,0.9999282432493419
194,19481600,5865660,3.3212971771292574,239.10358300000212,77.70314994610447,9.634789750328515,0.0,,0.9999257778619702
195,19481600,5701820,3.4167336043579066,234.28391600000253,79.30165194310564,9.365670170827858,0.0,,0.9999236439815867
196,19481600,5833661,3.339515271799304,233.55633300000278,79.5486952713022,9.582228975032852,0.0,,0.9999232819556121
197,19481600,5521596,3.5282552363483313,237.17791600000027,78.33402820901749,9.069638633377135,0.0,,0.9999280094639653
198,19481600,5897659,3.303276774733839,238.80816700000196,77.79927209315186,9.68735052562418,0.0,,0.9999234766952925
199,19481600,5572287,3.4961587585133356,240.4549999999972,77.26643888669487,9.152902431011826,0.0,,0.9999261091464244
200,19481600,5587132,3.486869470776778,235.09849999999943,79.02688261515937,9.177286465177398,0.0,,0.9999279885557207
201,19481600,5603516,3.476674288071989,239.40645900000135,77.60484675352846,9.204198423127464,0.0,,0.9999198564416125
202,19481600,5605054,3.475720305281626,232.0335,80.07077237769546,9.2067247043364,0.0,,0.9999276972671068
203,19481600,5489597,3.548821525514532,234.79195899999894,79.13005897489055,9.017077858081471,0.0,,0.9999250833195363
204,19481600,5702589,3.416272854312313,236.92941599999529,78.41618772445027,9.366933311432327,0.0,,0.9999237045886253
205,19481600,5505212,3.5387556373850817,233.29479199999525,79.63787533885616,9.042726675427069,0.0,,0.9999200779523739
206,19481600,5554364,3.5074402757903513,237.77904199999966,78.13599300522048,9.123462549277267,0.0,,0.9999289424236083
207,19481600,5587902,3.486388988210602,232.7899579999979,79.81057998429712,9.178551248357424,0.0,,0.9999266697497342
208,19481600,5686205,3.426116364077623,231.77379199999848,80.1604935665035,9.34002135348226,0.0,,0.9999327609443596
209,19481600,5539518,3.5168402738288784,232.32408399999827,79.97062225584902,9.099076872536136,0.0,,0.9999584965665523
210,19481600,5620669,3.466064270996922,231.70612500000232,80.18390347902894,9.232373521681998,0.0,,0.9999293945136795
211,19481600,5702589,3.416272854312313,231.24120899999667,80.34511514122151,9.366933311432327,0.0,,0.9999291039752146
212,19481600,5540543,3.5161896586670296,233.18220799999523,79.67632574480288,9.100760512483575,0.0,,0.9999316123848384
213,19481600,5588670,3.4859098855362727,234.1793340000038,79.3370672174672,9.179812746386334,0.0,,0.9999220113690923
214,19481600,5719742,3.4060277543987123,233.60300000000223,79.5328037846253,9.39510840998686,0.0,,0.9999284205970688
215,19481600,5801662,3.3579343298523767,295.78958300000124,62.81188598348956,9.529668199737188,0.0,,0.9999310001983925
216,19481600,5783740,3.368339517336533,297.5172499999985,62.44714066999508,9.500229960578187,0.0,,0.9999591014860578
217,19481600,5669821,3.436016763139436,282.4636670000018,65.77519069912762,9.313109395532194,0.0,,0.9999325323417807
218,19481600,5505975,3.538265248207629,230.88087499999688,80.47050914243222,9.043979960578186,0.0,,0.9999279358218565
219,19481600,5390524,3.614045684612479,232.91804200000854,79.76669133471128,8.85434296977661,0.0,,0.9999344674081032
220,19481600,5619901,3.466537933675344,246.32350000000258,75.42561534932642,9.231112023653088,0.0,,0.9999336393967176
221,19481600,5768894,3.3770077938682874,239.13075000000106,77.69432230066572,9.475844283837057,0.0,,0.9999527519603728
222,19481600,5882043,3.312046511730703,231.88154199999644,80.12324483550435,9.661700065703023,0.0,,0.999923629914912
223,19481600,5570748,3.497124623120629,234.52608299999156,79.2197666239992,9.150374507227333,0.0,,0.9999531578670143
224,19481600,5604285,3.4761972312257496,231.9257919999984,80.10795781824959,9.205461563731932,0.0,,0.9999548996968665
225,19481600,5669052,3.436482854628957,234.03804100000514,79.3849644404586,9.311846254927726,0.0,,0.9999269531327099
226,19481600,5505975,3.538265248207629,231.98904199999504,80.08611700935597,9.043979960578186,0.0,,0.9999250122982241
227,19481600,5571517,3.496641937913857,240.78583399999332,77.1602766402799,9.1516376478318,0.0,,0.9999218628644638
228,19481600,5539518,3.5168402738288784,232.08779099999788,80.05204186936386,9.099076872536136,0.0,,0.9999284111029312
229,19481600,5686205,3.426116364077623,238.59887499999388,77.86751535396165,9.34002135348226,0.0,,0.9999589752293165
230,19481600,5783741,3.3683389349557666,234.2263330000094,79.32114773149463,9.500231603153745,0.0,,0.999930923662616
231,19481600,5570748,3.497124623120629,233.40570799999227,79.60003087199827,9.150374507227333,0.0,,0.9999272957985005
232,19481600,5835454,3.3384891732502733,231.7642080000013,80.16380839314022,9.585174113009199,0.0,,0.9999298402041107
233,19481600,5738683,3.3947858768292307,234.63041599998746,79.18454000653092,9.426220433639948,0.0,,0.999919989884715
234,19481600,5555388,3.506793764899949,244.41725000001213,76.01387202621369,9.125144546649146,0.0,,0.9999283025036793
235,19481600,5621438,3.4655901212465565,231.7833339999993,80.15719353877297,9.233636662286465,0.0,,0.9999595511523295
236,19481600,5490366,3.5483244650720915,231.06729100000223,80.40558870143079,9.01834099868594,0.0,,0.9999213927938746
237,19481600,5718204,3.4069438585961604,233.0021669999951,79.73789171883706,9.392582128777924,0.0,,0.9999316098611518
238,19481600,5604285,3.4761972312257496,230.86608300000933,80.47566503087961,9.205461563731932,0.0,,0.9999267645530578
239,19481600,5718204,3.4069438585961604,233.87412499999982,79.44060319840861,9.392582128777924,0.0,,0.999931097825694
240,19481600,5654975,3.445037334382557,250.27895799999555,74.23357405259907,9.288723718791065,0.0,,0.9999239134113398
241,19481600,5523134,3.527272740440482,245.58562500000392,75.65223560010772,9.072164914586072,0.0,,0.9999225580143261
242,19481600,5655230,3.4448819941894495,230.58637500000145,80.5732843603612,9.289142575558476,0.0,,0.999922743326726
243,19481600,5800894,3.358378898149147,232.80012499999714,79.80709444421574,9.52840670170828,0.0,,0.9999194156269263
244,19481600,5652668,3.446443343214213,232.64533299999357,79.86019458426236,9.284934296977662,0.0,,0.999927358882702
245,19481600,5866429,3.320861805367456,231.97816700000828,80.08987139940345,9.636052890932984,0.0,,0.9999309764242835
246,19481600,5456829,3.5701320308919335,232.05575000000067,80.06309502134701,8.96325394218134,0.0,,0.9999236707126871
247,19481600,5523389,3.527109895754219,232.579666999996,79.88274212509006,9.072583771353482,0.0,,0.9999593772756998
248,19481600,5537980,3.5178169657528557,256.84874999998897,72.33479455321779,9.096550591327201,0.0,,0.9999215416106831
249,19481600,5669815,3.4360203992546494,238.45525000000123,77.91441606968144,9.313099540078843,0.0,,0.9999264181141236
250,19481600,5619132,3.4670123428315973,237.0761669999979,78.36764782222991,9.22984888304862,0.0,,0.9999198426640534
251,19481600,5685436,3.426579773301467,236.2376670000117,78.64580529615152,9.338758212877792,0.0,,0.9999223894379807
252,19481600,5586363,3.4873494615369607,243.54120899999998,76.28730118729106,9.176023324572931,0.0,,0.9999213155283874
253,19481600,5604797,3.4758796794959745,238.4937499999893,77.90183836054754,9.206302562417871,0.0,,0.999940475173532
254,19481600,5817533,3.3487734405632077,247.84049999999525,74.96394480522899,9.555737516425756,0.0,,0.9999221871806809
255,19481600,5702589,3.416272854312313,239.688416000007,77.51355644362661,9.366933311432327,0.0,,0.9999269039124559
256,19481600,5637822,3.4555188155993575,237.74779099998966,78.14626367023031,9.26054862023653,0.0,,0.9999284707651276
257,19481600,5637047,3.45599389183734,236.53787499999623,78.54598999209026,9.259275624178713,0.0,,0.9999237380554108
258,19481600,5602747,3.4771514758742454,240.18812500000308,77.35229026205921,9.202935282522995,0.0,,0.9999257225899839
259,19481600,5735357,3.396754552506496,240.7904579999922,77.15879489917579,9.420757227332457,0.0,,0.9999232867891994
260,19481600,5407677,3.602582032913578,236.75270799999737,78.4747161688229,8.882518068331143,0.0,,0.999948921438088
261,19481600,5605054,3.475720305281626,268.5872079999996,69.17344165735558,9.2067247043364,0.0,,0.9999278949368728
262,19481600,5703358,3.415812228515201,243.4071249999903,76.32932504543875,9.368196452036793,0.0,,0.9999296203531323
263,19481600,5637053,3.4559902133260056,237.6549170000004,78.17680272316844,9.259285479632062,0.0,,0.9999375239765603
264,19481600,5605823,3.4752435101857477,237.30458400000032,78.29221521696343,9.207987844940867,0.0,,0.9999229245051604
265,19481600,5783740,3.368339517336533,237.18295799999112,78.3323629959143,9.500229960578187,0.0,,0.9999267297711977
266,19481600,5520827,3.528746689581108,237.99470899999164,78.06518741767765,9.068375492772667,0.0,,0.999926104562037
267,19481600,5751741,3.3870787992713858,236.02366699999777,78.71711256185243,9.447669185282523,0.0,,0.999933133409785
268,19481600,5603516,3.476674288071989,247.2634999999883,75.13887639097918,9.204198423127464,0.0,,0.9999299080955255
269,19481600,5473982,3.558944841250848,237.03095899999482,78.38259458124374,8.991429040735873,0.0,,0.9999300559678713
270,19481600,5768894,3.3770077938682874,237.81066600000145,78.12560250136085,9.475844283837057,0.0,,0.9999235020693206
271,19481600,5719742,3.4060277543987123,237.88199999999904,78.10217487031417,9.39510840998686,0.0,,0.9999254003350859
272,19481600,5883583,3.3111795992340043,239.36754100000712,77.61746427640934,9.664229632063075,0.0,,0.999920440740769
273,19481600,5620669,3.466064270996922,238.4457499999968,77.91752028501347,9.232373521681998,0.0,,0.9999257630201459
274,19481600,5637816,3.45552249310726,236.46212499998853,78.57115198681777,9.26053876478318,0.0,,0.9999256475825709
275,19481600,5702589,3.416272854312313,241.2536249999988,77.01066279315012,9.366933311432327,0.0,,0.9999334777279469
276,19481600,5604285,3.4761972312257496,232.96620799999346,79.75019949030772,9.205461563731932,0.0,,0.9999258625571965
277,19481600,5604285,3.4761972312257496,230.43079199999283,80.62768608850061,9.205461563731932,0.0,,0.9999254278087386
278,19481600,5604285,3.4761972312257496,238.19854200000634,77.99838490404994,9.205461563731932,0.0,,0.9999303283778948
279,19481600,5521596,3.5282552363483313,233.40341700000522,79.60081219590536,9.069638633377135,0.0,,0.9999201183533205
280,19481600,5571517,3.496641937913857,232.5263329999956,79.9010646355497,9.1516376478318,0.0,,0.9999603107560484
281,19481600,5736381,3.3961481986639313,232.4872079999949,79.91451109215612,9.422439224704336,0.0,,0.9999508666890109
282,19481600,5948350,3.2751267158119477,243.70974999999362,76.23454360156082,9.77061432325887,0.0,,0.9999264986381339
283,19481600,5669821,3.436016763139436,256.36483300000634,72.47133448486494,9.313109395532194,0.0,,0.9999224947214664
284,19481600,5635515,3.456933394729674,243.18337500000098,76.39955470845787,9.256759198423127,0.0,,0.9999256735949452
285,19481600,5603516,3.476674288071989,234.20683300000178,79.32775198962645,9.204198423127464,0.0,,0.999918750252633
286,19481600,5635515,3.456933394729674,231.46270799999513,80.26822861892893,9.256759198423127,0.0,,0.9999217872528797
287,19481600,5637053,3.4559902133260056,240.01112499999522,77.40933493187188,9.259285479632062,0.0,,0.9999232429207403
288,19481600,5784765,3.367742682719177,259.4426659999982,71.61158898398048,9.501913600525624,0.0,,0.9999201971220247
289,19481600,5899966,3.3019851300838003,241.9370830000105,76.7931122096698,9.691139947437582,0.0,,0.9999279416749216
290,19481600,5554620,3.5072786257205713,234.2853749999989,79.30115809618968,9.123883048620236,0.0,,0.9999298219818905
291,19481600,5342910,3.6462526975000515,231.67183399999658,80.19577193186235,8.776133377135348,0.0,,0.9999488776459957
292,19481600,5604286,3.476196610950976,339.9652079999953,54.65000866353435,9.20546320630749,0.0,,0.9999232384779156
293,19481600,5881275,3.3124790117789087,240.2974160000042,77.31710923807718,9.660438567674113,0.0,,0.9999222101424924
294,19481600,5833662,3.3395146993432254,234.50300000000368,79.22756451942921,9.58223061760841,0.0,,0.9999239836755106
295,19481600,5653432,3.445977593787278,234.67899999999986,79.16814696883833,9.286189224704337,0.0,,0.9999281373740366
296,19481600,5686205,3.426116364077623,240.0362090000101,77.40124558665738,9.34002135348226,0.0,,0.999930612304618
297,19481600,5718973,3.4064857449055976,231.34862499999542,80.30781061482585,9.39384526938239,0.0,,0.9999197674362512
298,19481600,5735358,3.396753960258453,230.77062500000523,80.50895369590293,9.420758869908015,0.0,,0.9999278303509189
299,19481600,5505468,3.5385910879874336,234.2873330000117,79.30049535584185,9.04314717477004,0.0,,0.999931938768811
300,19481600,5670590,3.4355507980651043,237.15883299999518,78.34033136138926,9.314372536136663,0.0,,0.9999343122941996
301,19481600,5785278,3.3674440536824677,236.14387499999623,78.6770419622372,9.502756241787122,0.0,,0.9999309744582652
302,19481600,5816508,3.3493635700320534,234.56004100000882,79.20829772748591,9.554053876478317,0.0,,0.9999281868168337
303,19481600,5800893,3.3583794770908546,248.32141699999966,74.81876427315984,9.52840505913272,0.0,,0.99995606265774
304,19481600,5555127,3.506958526780756,233.17666700000927,79.67821910113871,9.124715834428384,0.0,,0.9999250281064613
305,19481600,5587901,3.48638961212806,233.6483339999944,79.5173723023441,9.178549605781866,0.0,,0.9999268573205612
306,19481600,5523134,3.527272740440482,231.06804199998976,80.40532737322812,9.072164914586072,0.0,,0.999953840698173
307,19481600,5899197,3.3024155660507692,230.74995800000409,80.51616443847705,9.689876806833114,0.0,,0.9999378192900096
308,19481600,5686974,3.425653080179371,232.3899170000061,79.94796763277604,9.341284494086729,0.0,,0.9999293707212612
309,19481600,5556665,3.505987854225511,241.62516700000936,76.89224509671743,9.12724211563732,0.0,,0.9999210213935967
310,19481600,5538749,3.5173285519889057,231.66612499998962,80.19774821416308,9.09781373193167,0.0,,0.9999297750811388
311,19481600,5555903,3.5064687054471615,231.5252089999973,80.24655994371747,9.12599047306176,0.0,,0.9999214555172121
312,19481600,5569979,3.497607441607949,233.17637499999933,79.67831887986102,9.149111366622865,0.0,,0.9999336866557844
313,19481600,5374134,3.625067778362058,229.28137500001355,81.03188304108392,8.827421156373193,0.0,,0.9999312728218153
314,19481600,5570748,3.497124623120629,236.46316599999295,78.57080608698504,9.150374507227333,0.0,,0.9999288407131126
315,19481600,5817278,3.348920233827574,285.13929199999666,65.15798447903917,9.555318659658344,0.0,,0.9999236355059745
316,19481600,5815739,3.3498064476414777,240.3197499999976,77.30992380984162,9.55279073587385,0.0,,0.9999301042567472
317,19481600,5671359,3.435084959354539,238.43233299999156,77.92190483872277,9.31563567674113,0.0,,0.9999326037644306
318,19481600,5685436,3.426579773301467,288.1707499999919,64.47254470656901,9.338758212877792,0.0,,0.9999288782443775
319,19481600,5588157,3.4862298965472873,294.24279100000206,63.142079027179534,9.178970105124836,0.0,,0.9999144810475524
320,19481600,5833148,3.339808967644915,276.0319169999974,67.30780180938342,9.581386333771354,0.0,,0.9999320302889658
321,19481600,5750203,3.3879847372344942,232.92216699999813,79.7652786842746,9.445142904073588,0.0,,0.9999264915338
322,19481600,5718973,3.4064857449055976,240.1952499999993,77.34999573263856,9.39384526938239,0.0,,0.9999286099060507
323,19481600,5621438,3.4655901212465565,240.49766699999964,77.25273094852945,9.233636662286465,0.0,,0.9999288672738647
324,19481600,5704127,3.4153517269163185,246.58341699999653,75.34611122085417,9.369459592641261,0.0,,0.9999243589529904
325,19481600,5636284,3.456461739685225,246.71312499999942,75.30649843821662,9.258022339027596,0.0,,0.9999524234411832
326,19481600,5619131,3.467012959833113,246.43658300000482,75.39100459974985,9.229847240473061,0.0,,0.9999276632801978
327,19481600,5735612,3.3966035359435054,281.8775420000037,65.91196102632311,9.42117608409987,0.0,,0.9999303231115809
328,19481600,5637053,3.4559902133260056,298.9492089999999,62.14802047695001,9.259285479632062,0.0,,0.9999235159894208
329,19481600,5686205,3.426116364077623,255.73316700000248,72.65034011994157,9.34002135348226,0.0,,0.9999176047496212
330,19481600,5587132,3.486869470776778,248.74562500001218,74.69116919141428,9.177286465177398,0.0,,0.9999230761058951
331,19481600,5654206,3.4455058765103357,253.34229199999925,73.33596540801824,9.287460578186597,0.0,,0.9999600206704795
332,19481600,5603516,3.476674288071989,250.93658299999788,74.03903145720349,9.204198423127464,0.0,,0.9999275346391862
333,19481600,5734588,3.397210052404811,263.4949170000027,70.51028450199595,9.419494086727989,0.0,,0.9999291672647012
334,19481600,5720767,3.4054174903470114,248.64887500000066,74.72023174245189,9.396792049934296,0.0,,0.9999330746469528
335,19481600,5701821,3.4167330051223987,245.73329100000763,75.60677467384517,9.365671813403416,0.0,,0.9999237980789266
336,19481600,5685436,3.426579773301467,248.02233299999443,74.90898637140236,9.338758212877792,0.0,,0.9999335681394279
337,19481600,5848507,3.3310381606792983,248.6362499999899,74.72402581080094,9.606614651773981,0.0,,0.999943529957688
338,19481600,5686461,3.4259621230146484,233.01220800000522,79.73445564062284,9.34044185282523,0.0,,0.9999263698709572
339,19481600,5637047,3.45599389183734,231.87991600001112,80.12380667974327,9.259275624178713,0.0,,0.9999281193122906
340,19481600,5555902,3.5064693365721715,234.79083399999467,79.13043812647483,9.125988830486202,0.0,,0.9999186693879695
341,19481600,5488828,3.5493187252360614,234.79287499999657,79.12975026393059,9.015814717477005,0.0,,0.9999242182003861
342,19481600,5769150,3.376857942677864,233.45529200000215,79.58312447464172,9.476264783180026,0.0,,0.9999549192270659
343,19481600,5897659,3.303276774733839,233.1032499999992,79.70331414298198,9.68735052562418,0.0,,0.999918184391366
344,19481600,5865660,3.3212971771292574,233.08408299999428,79.70986831606368,9.634789750328515,0.0,,0.9999234026417808
345,19481600,5685436,3.426579773301467,232.19612500000153,80.01469259015359,9.338758212877792,0.0,,0.9999280706546344
346,19481600,5768894,3.3770077938682874,230.496500000001,80.60470142713629,9.475844283837057,0.0,,0.9999196995589755
347,19481600,5782971,3.368787427777175,240.99900000000218,77.09202761214706,9.498966819973719,0.0,,0.9999251706700826
348,19481600,5686206,3.426115761546451,233.91999999999769,79.42502377949805,9.340022996057819,0.0,,0.9999271962601911
349,19481600,5622208,3.4651154848771157,234.96575000000064,79.07153090397196,9.234901445466491,0.0,,0.9999188606293588
350,19481600,5602749,3.4771502346437435,231.12704199999712,80.3848022357342,9.202938567674114,0.0,,0.9999544915659007
351,19481600,5816508,3.3493635700320534,244.07241700001236,76.12126675706685,9.554053876478317,0.0,,0.9999358341816541
352,19481600,5537980,3.5178169657528557,236.1277920000049,78.68240076754546,9.096550591327201,0.0,,0.9999272151344194
353,19481600,5620156,3.466380648508689,237.4162090000027,78.25540488897195,9.231530880420499,0.0,,0.9999311343252504
354,19481600,5505981,3.538261392474838,232.19808399998954,80.01401752523005,9.043989816031537,0.0,,0.9999186192279041
355,19481600,5441470,3.5802090243996565,239.1502079999981,77.68800085049538,8.938025624178712,0.0,,0.9999221769156177
356,19481600,5570748,3.497124623120629,233.9227910000119,79.42407613672434,9.150374507227333,0.0,,0.9999215349640636
357,19481600,5524158,3.5266188983008813,243.5783330000021,76.27567416885081,9.07384691195795,0.0,,0.9999307717864309
358,19481600,5736126,3.396299174739188,290.03262499999494,64.05866085755119,9.422020367936925,0.0,,0.9999256550603323
359,19481600,5587132,3.486869470776778,246.12520799999515,75.48638237209886,9.177286465177398,0.0,,0.9999258633539597
360,19481600,5555127,3.506958526780756,231.68883300000687,80.18988797142178,9.124715834428384,0.0,,0.9999210068608866
361,19481600,5704127,3.4153517269163185,240.43520899999749,77.27279893728125,9.369459592641261,0.0,,0.9999283316326306
362,19481600,5636284,3.456461739685225,232.99291700000424,79.74105737514614,9.258022339027596,0.0,,0.9999251904330256
363,19481600,5587895,3.4863933556374986,231.35608299999433,80.30522181040062,9.178539750328515,0.0,,0.9999245692878409
364,19481600,5734582,3.397213606850508,236.24920800000382,78.64196337326854,9.41948423127464,0.0,,0.9999247412887411
365,19481600,5603516,3.476674288071989,240.39020799999378,77.28726439015553,9.204198423127464,0.0,,0.9999205845416359
366,19481600,5750972,3.387531707683501,236.77708299999267,78.46663759473958,9.446406044678055,0.0,,0.999930546833642
367,19481600,5522620,3.5276010299459313,238.67800000000727,77.84170121460475,9.071320630749014,0.0,,0.9999206898104589
368,19481600,5491390,3.547662795758451,232.8591250000045,79.78687355498583,9.020022996057818,0.0,,0.9999254793277476
369,19481600,5620925,3.4659064122008387,233.39762500000916,79.60278757120717,9.232794021024967,0.0,,0.9999269428161573
370,19481600,5671359,3.435084959354539,233.29370800000504,79.63824537650882,9.31563567674113,0.0,,0.9999483472813285
371,19481600,5653692,3.445819121381214,234.8679159999989,79.10446807259996,9.28661629434954,0.0,,0.9999179469652627
372,19481600,6014910,3.2388847048418015,247.5462500000134,75.05305195493365,9.879944152431012,0.0,,0.9999227558058997
373,19481600,5440445,3.580883549047918,233.59679200000016,79.5349174251502,8.936341984231275,0.0,,0.9999302657444563
374,19481600,5751741,3.3870787992713858,236.50616599999807,78.5565208583194,9.447669185282523,0.0,,0.9999230084391366
375,19481600,5652669,3.446442733512258,233.53016699999785,79.5576083431661,9.28493593955322,0.0,,0.9999257396968841
376,19481600,5572286,3.4961593859324522,231.71433400000296,80.18106278440143,9.152900788436268,0.0,,0.999926167535141
377,19481600,5621438,3.4655901212465565,229.66420900000628,80.89680862070891,9.233636662286465,0.0,,0.999926418610674
378,19481600,5703358,3.415812228515201,243.579957999998,76.2751653093731,9.368196452036793,0.0,,0.9999214709463985
379,19481600,5686461,3.4259621230146484,233.62641699999642,79.52483199920104,9.34044185282523,0.0,,0.9999252223889584
380,19481600,5718975,3.406484553613191,232.81291700000395,79.80270941109202,9.393848554533509,0.0,,0.9999255503904922
381,19481600,5718206,3.406942666983316,233.82399999999848,79.45763293117952,9.39258541392904,0.0,,0.9999343260706777
382,19481600,5718204,3.4069438585961604,227.98174999999787,81.49381063396598,9.392582128777924,0.0,,0.9999564439322493
383,19481600,5701821,3.4167330051223987,229.2856249999886,81.0303810476602,9.365671813403416,0.0,,0.9999333038464139
384,19481600,5849276,3.3306002315500245,229.4839589999924,80.96034966217667,9.60787779237845,0.0,,0.9999311903178156
385,19481600,5654206,3.4455058765103357,240.55404099999578,77.2346267194918,9.287460578186597,0.0,,0.9999294375844472
386,19481600,5505983,3.5382601072324413,295.5042080000112,62.87254482176205,9.043993101182654,0.0,,0.999925406844221
387,19481600,5686205,3.426116364077623,234.5713330000052,79.20448472917016,9.34002135348226,0.0,,0.999921982578244
388,19481600,5718973,3.4064857449055976,234.98524999999404,79.06496923743286,9.39384526938239,0.0,,0.9999284017282676
389,19481600,5668539,3.4367938546422634,234.11475000000337,79.3589535153156,9.311003613666228,0.0,,0.999926076348599
390,19481600,5817277,3.3489208095127667,230.2115829999991,80.70446030728208,9.555317017082785,0.0,,0.9999258569359138
391,19481600,5736126,3.396299174739188,331.5187089999938,56.0423923540929,9.422020367936925,0.0,,0.9999266403564762
392,19481600,5621438,3.4655901212465565,244.0926249999933,76.11496481100366,9.233636662286465,0.0,,0.9999253603125082
393,19481600,5686461,3.4259621230146484,231.78041599999233,80.15820267792002,9.34044185282523,0.0,,0.9999302727559737
394,19481600,5653437,3.4459745461035474,231.69658399999093,80.18720536035494,9.286197437582128,0.0,,0.9999568937345307
395,19481600,5686974,3.425653080179371,230.7442080000044,80.51817085046679,9.341284494086729,0.0,,0.9999285268692261
396,19481600,5654975,3.445037334382557,233.78208399999778,79.4718793014959,9.288723718791065,0.0,,0.9999315511758027
397,19481600,5620670,3.4660636543330243,232.1141249999954,80.0429597401725,9.232375164257556,0.0,,0.9999291289337832
398,19481600,5473982,3.558944841250848,231.91229199998986,80.11262103563192,8.991429040735873,0.0,,0.99992335212845
399,19481600,5734844,3.397058402983586,234.54983399999207,79.21174466702298,9.41991458607096,0.0,,0.9999283877503671
400,19481600,5571517,3.496641937913857,238.5306660000026,77.8897819473652,9.1516376478318,0.0,,0.9999219283829768
401,19481600,5735357,3.396754552506496,230.22145899999202,80.7009982614203,9.420757227332457,0.0,,0.9999341831678816
402,19481600,5637309,3.4558332708034984,234.34070800000484,79.28243334700353,9.259705978975033,0.0,,0.9999494564470321
403,19481600,5620669,3.466064270996922,237.6745419999935,78.17034759448704,9.232373521681998,0.0,,0.9999289389762225
404,19481600,5769663,3.37655769496416,234.1464579999979,79.3482067642474,9.477107424441524,0.0,,0.9999499047062215
405,19481600,5619900,3.466538550508016,232.62674999999433,79.8665740827332,9.23111038107753,0.0,,0.9999281197655059
406,19481600,5653437,3.4459745461035474,243.97979200000464,76.15016559445074,9.286197437582128,0.0,,0.9999245111772287
407,19481600,5751742,3.387078210392608,232.99291700000424,79.74105737514614,9.447670827858081,0.0,,0.9999293831179026
408,19481600,5669053,3.436482248446081,232.57674999999267,79.88374402213715,9.311847897503284,0.0,,0.9999363552744905
409,19481600,5768125,3.377458012785784,233.20812499999022,79.66747111620052,9.474581143232589,0.0,,0.9999235392078022
410,19481600,5587901,3.48638961212806,230.99629099999675,80.43030250429545,9.178549605781866,0.0,,0.999931271026496
411,19481600,5882813,3.311612998747368,234.97741699999608,79.06760487753728,9.662964848883048,0.0,,0.9999274411302465
412,19481600,5621438,3.4655901212465565,229.96883300000093,80.7896501457653,9.233636662286465,0.0,,0.9999217103150728
413,19481600,5685436,3.426579773301467,240.90420900000709,77.12236178696011,9.338758212877792,0.0,,0.999919313200299
414,19481600,5604279,3.476200952879041,233.04641699999706,79.72275138004046,9.20545170827858,0.0,,0.9999205805389295
415,19481600,5733819,3.397665674483272,231.5583330000095,80.23508081870341,9.418230946123522,0.0,,0.99992759664745
416,19481600,5637816,3.45552249310726,239.282750000001,77.64496840035449,9.26053876478318,0.0,,0.999921759454069
417,19481600,5570748,3.497124623120629,239.97091699999373,77.42230514750455,9.150374507227333,0.0,,0.999925468536345
418,19481600,5736126,3.396299174739188,232.99991700000078,79.7386617202097,9.422020367936925,0.0,,0.9999291211562106
419,19481600,5865660,3.3212971771292574,235.78195899999344,78.7978081160167,9.634789750328515,0.0,,0.9999236681407898
420,19481600,5637053,3.4559902133260056,259.7359170000004,71.53073697735832,9.259285479632062,0.0,,0.9999306440256351
421,19481600,5702589,3.416272854312313,286.16850000000227,64.92364310711994,9.366933311432327,0.0,,0.9999610373112564
422,19481600,5718973,3.4064857449055976,295.7411250000064,62.82217788445756,9.39384526938239,0.0,,0.9999269186784956
423,19481600,5605055,3.475719685177041,270.16416699999013,68.76967352410092,9.206726346911958,0.0,,0.9999284217013702
424,19481600,5636284,3.456461739685225,242.52195900000117,76.60791475999875,9.258022339027596,0.0,,0.9999265571476401
425,19481600,5604279,3.476200952879041,237.58949999998435,78.1983276302245,9.20545170827858,0.0,,0.9999293314813781
426,19481600,5587132,3.486869470776778,239.44254200000614,77.59315202433628,9.177286465177398,0.0,,0.999929721617992
427,19481600,5668283,3.4369490725851195,255.93808299998955,72.59217285963949,9.31058311432326,0.0,,0.9999248486306924
428,19481600,5668283,3.4369490725851195,240.79616700001338,77.15696555293992,9.31058311432326,0.0,,0.9999262261064159
429,19481600,5750972,3.387531707683501,236.74245800000904,78.4781138096458,9.446406044678055,0.0,,0.9999236311121595
430,19481600,5718205,3.406943262789634,237.2671660000094,78.30456221869007,9.392583771353483,0.0,,0.9999274764099565
431,19481600,5801151,3.3582301167475213,245.93375000000606,75.54514808357756,9.528828843626806,0.0,,0.9999339827784163
432,19481600,5505212,3.5387556373850817,244.03850000001626,76.13184625581113,9.042726675427069,0.0,,0.9999276135761197
433,19481600,5668283,3.4369490725851195,269.5215829999995,68.93363179192976,9.31058311432326,0.0,,0.999929070477193
434,19481600,5769663,3.37655769496416,242.88504099999386,76.4933957480752,9.477107424441524,0.0,,0.9999229075601564
435,19481600,5587132,3.486869470776778,236.46558400000117,78.57000265417021,9.177286465177398,0.0,,0.9999225315195462
436,19481600,5865660,3.3212971771292574,236.26729199997953,78.63594408362546,9.634789750328515,0.0,,0.9999247027467141
437,19481600,5521596,3.5282552363483313,237.37149999999474,78.27014432019182,9.069638633377135,0.0,,0.9999316238359677
438,19481600,5635515,3.456933394729674,238.70791699999927,77.83194540003487,9.256759198423127,0.0,,0.9999349950605025
439,19481600,5720511,3.405569887025827,241.61412499998391,76.89575914695068,9.396371550591327,0.0,,0.99992418207521
440,19481600,5718967,3.4064893187878162,245.47124999998005,75.68748504153342,9.393835413929041,0.0,,0.9999237764388377
441,19481600,5539518,3.5168402738288784,236.36600000000385,78.60310519490831,9.099076872536136,0.0,,0.9999266243344108
442,19481600,5685436,3.426579773301467,239.26920799999607,77.64936289879935,9.338758212877792,0.0,,0.9999337159081424
443,19481600,5621438,3.4655901212465565,238.72537500000135,77.82625354552232,9.233636662286465,0.0,,0.9999258433421848
444,19481600,5768125,3.377458012785784,242.9125410000097,76.4847359712863,9.474581143232589,0.0,,0.9999288303477487
445,19481600,5605309,3.4755621857778047,237.07454099999836,78.36818531476194,9.20714356110381,0.0,,0.999929937927077
446,19481600,5569979,3.497607441607949,242.37208300002067,76.65528691478224,9.149111366622865,0.0,,0.9999210862057594
447,19481600,5736126,3.396299174739188,272.6877909999814,68.1332357945621,9.422020367936925,0.0,,0.999922426742397
448,19481600,5570748,3.497124623120629,246.8974579999781,75.25027480234992,9.150374507227333,0.0,,0.9999203410322669
449,19481600,5573055,3.495676967121265,245.11049999998136,75.79888075990793,9.154163929040736,0.0,,0.9999244083682938
450,19481600,5556671,3.505984068518723,243.56304200000523,76.28046279081866,9.12725197109067,0.0,,0.9999348774863519
451,19481600,5472444,3.5599450629371447,239.9226250000197,77.43788882977782,8.988902759526939,0.0,,0.999920585538302
452,19481600,5686206,3.426115761546451,240.87237500000924,77.13255437656264,9.340022996057819,0.0,,0.9999176674920113
453,19481600,5702589,3.416272854312313,238.18954199998643,78.0013320757007,9.366933311432327,0.0,,0.9999269840289227
454,19481600,5653437,3.4459745461035474,246.36620800001197,75.41254019097902,9.286197437582128,0.0,,0.9999284760922837
455,19481600,5637053,3.4559902133260056,238.8837500000136,77.77465634434716,9.259285479632062,0.0,,0.9999293132325788
456,19481600,5701051,3.4171944787022603,240.78083400002015,77.16187893301526,9.36440703022339,0.0,,0.9999217664517309
457,19481600,5506750,3.537767285604031,238.74262499998622,77.82063032314012,9.045252956636006,0.0,,0.9999227476767526
458,19481600,5702589,3.416272854312313,239.26666600002022,77.65018785566406,9.366933311432327,0.0,,0.9999303407934982
459,19481600,5587132,3.486869470776778,236.61870899999826,78.51915700588214,9.177286465177398,0.0,,0.9999318700211453
460,19481600,5637053,3.4559902133260056,240.64525000000003,77.20535336766463,9.259285479632062,0.0,,0.9999267277704535
461,19481600,5637823,3.4555182026821347,248.60812499997564,74.73247932866965,9.260550262812089,0.0,,0.9999238999520407
462,19481600,5603516,3.476674288071989,233.43433299999106,79.59026987902723,9.204198423127464,0.0,,0.9999238725762036
463,19481600,5735357,3.396754552506496,235.08133300001077,79.03265361567074,9.420757227332457,0.0,,0.9999317705847389
464,19481600,5801918,3.3577861665745705,230.6842920000065,80.53908396372076,9.530088699080158,0.0,,0.9999294150429975
465,19481600,5424830,3.5911908760274516,230.73283299999048,80.52214035139406,8.910693166885677,0.0,,0.9999303047720373
466,19481600,5768126,3.377457427247602,231.3910420000127,80.29308914430223,9.474582785808147,0.0,,0.9999284302541523
467,19481600,5488059,3.5498160642952272,230.29995800001757,80.67349088486843,9.014551576872536,0.0,,0.9999216779705401
468,19481600,5571517,3.496641937913857,243.13279200001148,76.41544939153712,9.1516376478318,0.0,,0.9999262359119848
469,19481600,5768894,3.3770077938682874,231.01716700000452,80.42303437345691,9.475844283837057,0.0,,0.9999238480701989
470,19481600,5555127,3.506958526780756,233.47204199998828,79.57741493733512,9.124715834428384,0.0,,0.9999218965259574
471,19481600,5619131,3.467012959833113,233.5800410000104,79.54062120615508,9.229847240473061,0.0,,0.9999346577869406
472,19481600,5603516,3.476674288071989,234.9922079999942,79.062628163826,9.204198423127464,0.0,,0.9999229071591818
473,19481600,5653437,3.4459745461035474,236.15937499999973,78.67187810138819,9.286197437582128,0.0,,0.9999285688798354
474,19481600,5654206,3.4455058765103357,233.05520799999613,79.71974418396309,9.287460578186597,0.0,,0.99994338338213
475,19481600,5457853,3.5694622042770296,248.4547920000182,74.77860021511938,8.96493593955322,0.0,,0.9999270804991534
476,19481600,5603516,3.476674288071989,231.36362500000018,80.30260401780956,9.204198423127464,0.0,,0.9999192619523076
477,19481600,5669821,3.436016763139436,231.7501249999907,80.16867979035932,9.313109395532194,0.0,,0.9999504934743687
478,19481600,5734582,3.397213606850508,231.32187500002033,80.31709738864241,9.41948423127464,0.0,,0.9999261308429916
479,19481600,5426623,3.5900043176023098,237.85899999998605,78.10972703366738,8.913638304862024,0.0,,0.999920999103586
480,19481600,5473982,3.558944841250848,231.9829170000105,80.0882315075776,8.991429040735873,0.0,,0.9999351032734812
481,19481600,5637053,3.4559902133260056,242.5042499999961,76.61350909314083,9.259285479632062,0.0,,0.9999201701450947
482,19481600,5622207,3.465116101203673,248.4609589999991,74.77674415037603,9.234899802890933,0.0,,0.9999311259625567
483,19481600,5751741,3.3870787992713858,239.1669170000057,77.68257330715835,9.447669185282523,0.0,,0.9999546253733547
484,19481600,5587132,3.486869470776778,233.45445799998288,79.58340877988871,9.177286465177398,0.0,,0.9999182922687637
485,19481600,5587132,3.486869470776778,237.8806250000025,78.10262631729593,9.177286465177398,0.0,,0.9999305579776748
486,19481600,5423292,3.5922093075571073,261.66570899999897,71.00319577029512,8.90816688567674,0.0,,0.999951173002163
487,19481600,5701051,3.4171944787022603,239.68700000000354,77.51401437082414,9.36440703022339,0.0,,0.999925936296944
488,19481600,5505975,3.538265248207629,236.23237499998595,78.64756709363441,9.043979960578186,0.0,,0.9999343850608964
489,19481600,5718974,3.4064851492592902,238.83225000000152,77.79142708951527,9.39384691195795,0.0,,0.9999596681339036
490,19481600,5669821,3.436016763139436,248.65354199999956,74.71882931191075,9.313109395532194,0.0,,0.9999248069910777
491,19481600,5422523,3.592718739966617,386.37983300000656,48.085070636954505,8.906903745072274,0.0,,0.9999481784721117
492,19481600,5750972,3.387531707683501,241.1365000000103,77.04806846951502,9.446406044678055,0.0,,0.999933682434769
493,19481600,5668283,3.4369490725851195,281.52541700001166,65.99440207027286,9.31058311432326,0.0,,0.9999258656983377
494,19481600,5603773,3.4765148409830307,255.0440840000192,72.8466282029055,9.204620565045992,0.0,,0.9999310551114701
495,19481600,5767356,3.377908351764656,242.60370899997952,76.58210024522572,9.47331800262812,0.0,,0.9999454492412417
496,19481600,5718973,3.4064857449055976,238.86225000001104,77.7816568440561,9.39384526938239,0.0,,0.999925263958116
497,19481600,5817277,3.3489208095127667,240.9262920000117,77.11529284856589,9.555317017082785,0.0,,0.9999324840083587
498,19481600,5587901,3.48638961212806,242.24991600002,76.6939442922179,9.178549605781866,0.0,,0.9999267035242599
499,19481600,5490616,3.5481629019403287,236.08866699998998,78.6954401436846,9.018751642575559,0.0,,0.9999288228642363
500,19481600,5654206,3.4455058765103357,243.8222499999938,76.19936885374683,9.287460578186597,0.0,,0.9999237418180105
501,19481600,5800124,3.358824742367577,237.96354099999917,78.07541224350862,9.527141918528253,0.0,,0.9999555211706994
502,19481600,5621179,3.465749800886967,247.36162499999637,75.10906981832882,9.23321123521682,0.0,,0.9999269361028423
503,19481600,5849276,3.3306002315500245,240.70749999998498,77.18538708806813,9.60787779237845,0.0,,0.9999309055029578
504,19481600,5686205,3.426116364077623,238.05933299999538,78.04399570631563,9.34002135348226,0.0,,0.9999521991158438
505,19481600,5456060,3.570635220287167,236.81816600000616,78.45302527382768,8.961990801576873,0.0,,0.9999291943581443
506,19481600,5800125,3.3588241632723435,240.34804099997586,77.30082377705698,9.527143561103811,0.0,,0.9999285648558167
507,19481600,5571517,3.496641937913857,236.54650000000288,78.54312603441511,9.1516376478318,0.0,,0.9999285286540349
508,19481600,5555133,3.5069547389774467,239.77841600000716,77.48446199802841,9.124725689881734,0.0,,0.9999293582628717
509,19481600,5751741,3.3870787992713858,250.90241700002025,74.04911353444037,9.447669185282523,0.0,,0.9999225649909949
510,19481600,5507521,3.537272032190163,242.7740409999899,76.52836969707471,9.04651938239159,0.0,,0.9999277634059502
511,19481600,5635515,3.456933394729674,245.9467089999805,75.54116758887582,9.256759198423127,0.0,,0.9999295033043364
512,19481600,5619131,3.467012959833113,246.1076250000076,75.49177544783274,9.229847240473061,0.0,,0.9999210575548149
513,19481600,5555133,3.5069547389774467,239.3518750000112,77.62254447557234,9.124725689881734,0.0,,0.9999291708213645
514,19481600,5555389,3.5067931336581473,241.20858299997394,77.02504335221772,9.125146189224704,0.0,,0.9999219014270585
515,19481600,5572286,3.4961593859324522,237.32120799999734,78.28673096295805,9.152900788436268,0.0,,0.9999230717962679
516,19481600,5488828,3.5493187252360614,234.6101669999996,79.19137435548576,9.015814717477005,0.0,,0.9999276692034288
517,19481600,5554364,3.5074402757903513,235.84508300001517,78.77671786143961,9.123462549277267,0.0,,0.9999248406946304
518,19481600,5752766,3.3864753059658605,240.7234169999981,77.18028347238086,9.44935282522996,0.0,,0.9999235953977176
519,19481600,5669821,3.436016763139436,237.14274999997542,78.34564439563059,9.313109395532194,0.0,,0.9999314008758746
520,19481600,5572286,3.4961593859324522,244.16433300001472,76.0926108011807,9.152900788436268,0.0,,0.9999255094723514
521,19481600,5424830,3.5911908760274516,237.67495900000313,78.17021044484436,8.910693166885677,0.0,,0.9999232660504999
522,19481600,5605824,3.4752428902512813,244.19691700001067,76.08245751316831,9.207989487516425,0.0,,0.9999316731946893
523,19481600,5701820,3.4167336043579066,277.973750000001,66.8376116899525,9.365670170827858,0.0,,0.999931153983448
524,19481600,5652668,3.446443343214213,279.4878339999798,66.47552881497283,9.284934296977662,0.0,,0.9999266171304951
525,19481600,5669052,3.436482854628957,285.4488330000038,65.0873270955,9.311846254927726,0.0,,0.9999451198882385
526,19481600,5751741,3.3870787992713858,262.5193330000002,70.77231741442824,9.447669185282523,0.0,,0.9999328165996524
527,19481600,5587901,3.48638961212806,244.24437499999385,76.0676742811394,9.178549605781866,0.0,,0.9999330230176154
528,19481600,5784509,3.3678917259874606,234.71533399998634,79.15589171733058,9.501493101182655,0.0,,0.9999468305649805
529,19481600,5571517,3.496641937913857,235.70974999998384,78.8219475965728,9.1516376478318,0.0,,0.9999267112220211
530,19481600,5669821,3.436016763139436,245.37341600000673,75.7176627581347,9.313109395532194,0.0,,0.9999246958329874
531,19481600,5586363,3.4873494615369607,237.7308750000111,78.15182425294624,9.176023324572931,0.0,,0.9999232444007405
532,19481600,5604286,3.476196610950976,233.40508299997964,79.60024402082803,9.20546320630749,0.0,,0.9999278042147354
533,19481600,5556671,3.505984068518723,235.49233400001413,78.89471919072697,9.12725197109067,0.0,,0.9999333959737671
534,19481600,5638591,3.455047546452651,242.9949590000149,76.45879420280016,9.261811760840999,0.0,,0.9999552097837513
535,19481600,5719991,3.4058794847754132,236.97400000000357,78.40143459830918,9.39551741130092,0.0,,0.9999262009072629
536,19481600,5571517,3.496641937913857,237.6732079999897,78.17078634500866,9.1516376478318,0.0,,0.9999534919293901
537,19481600,5849276,3.3306002315500245,258.2932919999905,71.93025191881748,9.60787779237845,0.0,,0.999928287022518
538,19481600,5735357,3.396754552506496,240.56108299998868,77.2323658124738,9.420757227332457,0.0,,0.9999280871439568
539,19481600,5604285,3.4761972312257496,244.92574999999306,75.85605663145066,9.205461563731932,0.0,,0.9999256546490539
540,19481600,5850814,3.329724718645987,238.27679200002194,77.97277026668333,9.610404073587384,0.0,,0.9999324018047374
541,19481600,5587901,3.48638961212806,237.02429099998312,78.38479965119407,9.178549605781866,0.0,,0.9999313291039102
542,19481600,5474751,3.5584449411489216,238.8765000000035,77.77701683715112,8.992692181340342,0.0,,0.9999273551786371
543,19481600,5768125,3.377458012785784,240.1243749999935,77.37282632177805,9.474581143232589,0.0,,0.999931656383639
544,19481600,5654206,3.4455058765103357,246.44975000001068,75.38697670620155,9.287460578186597,0.0,,0.9999508707001337
545,19481600,5605310,3.4755615657296386,239.66766600000255,77.52026742939869,9.207145203679369,0.0,,0.9999249763538296
546,19481600,5521596,3.5282552363483313,238.71737499999313,77.82886169262098,9.069638633377135,0.0,,0.9999273830840922
547,19481600,5653693,3.445818511900098,236.53287500002307,78.54765035303524,9.286617936925099,0.0,,0.9999330416931688
548,19481600,5588670,3.4859098855362727,242.7952919999825,76.52167144370055,9.179812746386334,0.0,,0.9999235112918248
549,19481600,5620669,3.466064270996922,243.67050000000745,76.24682332288657,9.232373521681998,0.0,,0.9999263755600626
550,19481600,5538749,3.5173285519889057,241.62733399998615,76.89155549968144,9.09781373193167,0.0,,0.999924982383243
551,19481600,5670845,3.435396312189806,256.0433329999796,72.56233288644731,9.314791392904073,0.0,,0.9999272480338081
552,19481600,5637053,3.4559902133260056,242.66791700000567,76.56183723083413,9.259285479632062,0.0,,0.9999218963043957
553,19481600,5523134,3.527272740440482,237.22662500000524,78.3179441283186,9.072164914586072,0.0,,0.9999291323453103
554,19481600,5637053,3.4559902133260056,238.6755830000027,77.8424894954579,9.259285479632062,0.0,,0.9999221887584976
555,19481600,5736126,3.396299174739188,238.7236659999985,77.82681069626383,9.422020367936925,0.0,,0.9999310288474658
556,19481600,5669821,3.436016763139436,238.082291000012,78.0364700140552,9.313109395532194,0.0,,0.9999346163911044
557,19481600,5686205,3.426116364077623,246.3217499999928,75.42615121279604,9.34002135348226,0.0,,0.9999249749679664
558,19481600,5520827,3.528746689581108,234.27937499999985,79.30318903445945,9.068375492772667,0.0,,0.9999320705476052
559,19481600,5770433,3.3761071309553374,230.176790999991,80.71665905925644,9.47837220762155,0.0,,0.999951031511038
560,19481600,5504443,3.5392500203926174,243.10950000000275,76.42277065478638,9.041463534822602,0.0,,0.999922850741705
561,19481600,5572286,3.4961593859324522,234.77775000000634,79.13484801050993,9.152900788436268,0.0,,0.9999273748236763
562,19481600,5668283,3.4369490725851195,233.48445800002082,79.57318325016024,9.31058311432326,0.0,,0.9999336559682266
563,19481600,5605054,3.475720305281626,233.09345800001324,79.70666239161008,9.2067247043364,0.0,,0.9999254970683631
564,19481600,5703614,3.4156589138044757,243.93658299999288,76.16365423344699,9.368616951379764,0.0,,0.9999287867612516
565,19481600,5556927,3.5058225526446543,233.67437500002097,79.50851077486922,9.12767247043364,0.0,,0.9999315014421214
566,19481600,5736126,3.396299174739188,235.26037499999575,78.97250679167853,9.422020367936925,0.0,,0.9999448285028606
567,19481600,5587132,3.486869470776778,233.45941600001652,79.58171865939511,9.177286465177398,0.0,,0.9999209147124577
568,19481600,5785278,3.3674440536824677,238.5725420000142,77.87611016232913,9.502756241787122,0.0,,0.9999235507465567
569,19481600,5671359,3.435084959354539,230.50837499999943,80.60054894968587,9.31563567674113,0.0,,0.9999255788457287
570,19481600,5422517,3.5927227152999244,230.4425419999916,80.62357497558189,8.906893889618923,0.0,,0.9999269558286558
571,19481600,5655744,3.444568919668217,249.770500000011,74.3846913966989,9.289986859395531,0.0,,0.999929598024039
572,19481600,5915581,3.293269080416615,231.5237499999796,80.24706563582197,9.71678876478318,0.0,,0.999929869362596
573,19481600,5817277,3.3489208095127667,233.59550000000695,79.53535732708656,9.555317017082785,0.0,,0.9999483696199114
574,19481600,5783740,3.368339517336533,232.5930830000118,79.87813447788152,9.500229960578187,0.0,,0.9999235034184516
575,19481600,5488822,3.5493226051054307,232.41620899997883,79.93892354771904,9.015804862023653,0.0,,0.9999181279498218
576,19481600,5735613,3.3966029437481224,230.6340420000197,80.55663162898742,9.421177726675428,0.0,,0.9999231330008769
577,19481600,5750972,3.387531707683501,236.13737499999843,78.67920765401972,9.446406044678055,0.0,,0.9999278762937325
578,19481600,5605054,3.475720305281626,243.0300829999794,76.44774397127443,9.2067247043364,0.0,,0.9999260476674721
579,19481600,5768125,3.377458012785784,231.2225420000118,80.35160154280742,9.474581143232589,0.0,,0.9999295443875617
580,19481600,5686206,3.426115761546451,232.17879199998492,80.02066598098764,9.340022996057819,0.0,,0.9999283668488484
581,19481600,5752765,3.386475894635015,233.05462499999408,79.71994360764337,9.449351182654402,0.0,,0.9999262816252478
582,19481600,5570748,3.497124623120629,234.74054199999728,79.14739143143078,9.150374507227333,0.0,,0.9999257402008404
583,19481600,5832894,3.3399544034230693,231.65720800000145,80.20083520345236,9.580969119579501,0.0,,0.9999343268698488
584,19481600,5668283,3.4369490725851195,230.12795900001493,80.73378672992443,9.31058311432326,0.0,,0.9999285169623663
585,19481600,5505975,3.538265248207629,244.6247089999929,75.94940690353786,9.043979960578186,0.0,,0.9999261900387971
586,19481600,5718973,3.4064857449055976,248.11820899998338,74.88004059589696,9.39384526938239,0.0,,0.9999507637928272
587,19481600,5686205,3.426116364077623,244.99354200000312,75.835066552488,9.34002135348226,0.0,,0.9999303526825025
588,19481600,5586363,3.4873494615369607,231.97999999999297,80.08923856582707,9.176023324572931,0.0,,0.9999428864914697
589,19481600,5786047,3.3669965003740896,231.98324999998476,80.08811654505755,9.50401938239159,0.0,,0.9999267996303313
590,19481600,5736895,3.3958439190537737,232.93987499999957,79.75921495836654,9.423283508541394,0.0,,0.9999292131370423
591,19481600,5669815,3.4360203992546494,263.98549999998977,70.37925023344359,9.313099540078843,0.0,,0.9999252488067522
592,19481600,5520827,3.528746689581108,442.6496250000014,41.97247780905709,9.068375492772667,0.0,,0.9999264417515349
593,19481600,5718973,3.4064857449055976,244.05058400000712,76.12807663881459,9.39384526938239,0.0,,0.9999292936734757
594,19481600,5783740,3.368339517336533,247.56666700000096,75.04686227609118,9.500229960578187,0.0,,0.9999413171879691
595,19481600,5768125,3.377458012785784,232.2667910000007,79.99034852339241,9.474581143232589,0.0,,0.9999482559977962
596,19481600,5769663,3.37655769496416,230.5331249999938,80.59189568744405,9.477107424441524,0.0,,0.9999336116606835
597,19481600,5587132,3.486869470776778,239.53929199998925,77.56181212433755,9.177286465177398,0.0,,0.9999250782091945
598,19481600,5704128,3.415351128165427,232.36579100000654,79.956268444435,9.36946123521682,0.0,,0.9999327897347166
599,19481600,5441214,3.5803774672343343,234.54875000001607,79.21211075522136,8.937605124835743,0.0,,0.99993175077012
600,19481600,5539773,3.516678390973782,231.73487500000078,80.17395552784163,9.099495729303548,0.0,,0.9999272817364591
601,19481600,5736896,3.395843327123239,236.66704200002187,78.50312153940844,9.423285151116952,0.0,,0.9999332394678
602,19481600,5621438,3.4655901212465565,234.47975000001975,79.23542038277691,9.233636662286465,0.0,,0.9999314050723045
603,19481600,5735357,3.396754552506496,232.73720799997477,79.82866909059945,9.420757227332457,0.0,,0.999939615847365
604,19481600,5719742,3.4060277543987123,234.88100000000145,79.10006157373259,9.39510840998686,0.0,,0.9999295272550539
605,19481600,5802431,3.357489300605212,231.97216599999138,80.09194328297426,9.530931340341656,0.0,,0.9999273659794569
606,19481600,5488059,3.5498160642952272,233.65962499997295,79.5135298299916,9.014551576872536,0.0,,0.9999248985047811
607,19481600,5949887,3.2742806712127472,235.17258300000776,79.00198792517998,9.773138961892247,0.0,,0.9999327606590789
608,19481600,5652668,3.446443343214213,229.6203749999961,80.91225163490094,9.284934296977662,0.0,,0.9999299115941637
609,19481600,5736126,3.396299174739188,232.5084580000123,79.90720734339487,9.422020367936925,0.0,,0.9999284178770698
610,19481600,5505981,3.538261392474838,234.34416700001748,79.28126311118558,9.043989816031537,0.0,,0.9999274622093759
611,19481600,5652668,3.446443343214213,229.9842500000011,80.78423440952983,9.284934296977662,0.0,,0.999925876455961
612,19481600,5668283,3.4369490725851195,231.34729099999163,80.3082736875474,9.31058311432326,0.0,,0.9999539822279817
613,19481600,5588670,3.4859098855362727,233.26975000000516,79.64642463285355,9.179812746386334,0.0,,0.9999223646346379
614,19481600,5718973,3.4064857449055976,230.733167000011,80.52202379079343,9.39384526938239,0.0,,0.9999286602454969
615,19481600,5670590,3.4355507980651043,231.45762499999023,80.26999137531453,9.314372536136663,0.0,,0.9999257629978465
616,19481600,5783740,3.368339517336533,229.20766600000775,81.05794141501084,9.500229960578187,0.0,,0.9999270737457148
617,19481600,5357756,3.636149163941023,229.7944169999937,80.85097020655863,8.800519053876478,0.0,,0.9999215099953483
618,19481600,5587132,3.486869470776778,231.31083299998068,80.32093145633846,9.177286465177398,0.0,,0.9999263855694918
619,19481600,5619131,3.467012959833113,242.79254199998945,76.52253816964776,9.229847240473061,0.0,,0.9999279269549797
620,19481600,5669052,3.436482854628957,234.74600000000123,79.14555120214999,9.311846254927726,0.0,,0.999928744828262
621,19481600,5703358,3.415812228515201,232.127792,80.03824704669573,9.368196452036793,0.0,,0.9999332357450942
622,19481600,5506750,3.537767285604031,232.61579100000063,79.87033675843593,9.045252956636006,0.0,,0.9999283160335677
623,19481600,5489078,3.549157071551907,230.5700409999929,80.57899231800272,9.016225361366622,0.0,,0.9999261389949607
624,19481600,5571511,3.496645703472541,230.48070799998754,80.61022427309189,9.151627792378449,0.0,,0.9999230663634658
625,19481600,5539005,3.517165989198421,230.54466700000376,80.58786093065297,9.098234231274638,0.0,,0.9999417601432687
626,19481600,5588670,3.4859098855362727,244.9350420000087,75.85317891140843,9.179812746386334,0.0,,0.9999393027900377
627,19481600,5733819,3.397665674483272,232.06208300001663,80.06091009059273,9.418230946123522,0.0,,0.9999340646392048
628,19481600,5736126,3.396299174739188,231.55795799999623,80.23521075661024,9.422020367936925,0.0,,0.9999305362031654
629,19481600,5669052,3.436482854628957,272.5384169999927,68.17057854453047,9.311846254927726,0.0,,0.9999199921294764
630,19481600,5701051,3.4171944787022603,291.38000000000375,63.76244616136921,9.36440703022339,0.0,,0.9999276694887771
631,19481600,5654206,3.4455058765103357,281.3794999999857,66.02862526410398,9.287460578186597,0.0,,0.9999258051201741
632,19481600,5799349,3.3592736012266204,232.49366699999996,79.91229095500482,9.525868922470433,0.0,,0.9999256401693878
633,19481600,5570748,3.497124623120629,243.85491600000364,76.18916143769569,9.150374507227333,0.0,,0.9999288619687658
634,19481600,5570229,3.4974504638857757,234.5030000000179,79.2275645194244,9.149522010512484,0.0,,0.9999235854135924
635,19481600,5653437,3.4459745461035474,230.44900000002144,80.62131561646295,9.286197437582128,0.0,,0.9999277504781761
636,19481600,5800124,3.358824742367577,240.3636669999969,77.29579846400097,9.527141918528253,0.0,,0.9999272464044426
637,19481600,5685436,3.426579773301467,235.15741599999274,79.00708333391694,9.338758212877792,0.0,,0.9999314103501539
638,19481600,5619900,3.466538550508016,231.48566699998696,80.26026752879281,9.23111038107753,0.0,,0.9999439132639638
639,19481600,5505212,3.5387556373850817,232.90970800002242,79.76954555495905,9.042726675427069,0.0,,0.9999247055155841
640,19481600,5538749,3.5173285519889057,244.38866599999187,76.02276270250854,9.09781373193167,0.0,,0.9999323547124955
641,19481600,5669052,3.436482854628957,231.9220830000006,80.10923893995877,9.311846254927726,0.0,,0.9999314714351696
642,19481600,5521596,3.5282552363483313,230.7519169999921,80.51548088547683,9.069638633377135,0.0,,0.9999256928388192
643,19481600,5750972,3.387531707683501,235.78487500000733,78.79683360732712,9.446406044678055,0.0,,0.9999298776826453
644,19481600,5687230,3.425498880825991,235.06566700001486,79.03792076321731,9.341704993429698,0.0,,0.9999320827034943
645,19481600,5605054,3.475720305281626,233.7241660000018,79.49157282477952,9.2067247043364,0.0,,0.9999327489560087
646,19481600,5652668,3.446443343214213,233.1356669999991,79.692231573044,9.284934296977662,0.0,,0.9999277888638106
647,19481600,5491647,3.5474967710051284,248.11774999997738,74.88017911859065,9.020445137976347,0.0,,0.9999267860693217
648,19481600,5473213,3.559444881827183,235.6924159999778,78.82774455713394,8.990165900131407,0.0,,0.9999258158162281
649,19481600,5571517,3.496641937913857,232.25924999999847,79.99294565232654,9.1516376478318,0.0,,0.999924128696278
650,19481600,5688512,3.42472688815634,231.11245799998414,80.38987479636981,9.343810775295664,0.0,,0.9999280216256281
651,19481600,5832892,3.339955548636937,235.4928750000056,78.89453794514827,9.580965834428383,0.0,,0.9999326968180385
652,19481600,5539518,3.5168402738288784,241.8626249999818,76.81675315688564,9.099076872536136,0.0,,0.9999258882279484
653,19481600,5849276,3.3306002315500245,237.6761249999788,78.16982695464955,9.60787779237845,0.0,,0.9999430458514981
654,19481600,5718204,3.4069438585961604,243.72570799999949,76.22955212627812,9.392582128777924,0.0,,0.9999298597134175
655,19481600,5638591,3.455047546452651,232.23487499998896,80.00134158360532,9.261811760840999,0.0,,0.9999301172244733
656,19481600,5587901,3.48638961212806,230.70266700000275,80.53266918886455,9.178549605781866,0.0,,0.9999297486302147
657,19481600,5604285,3.4761972312257496,237.75224999999978,78.14479805133293,9.205461563731932,0.0,,0.999928777645554
658,19481600,5669821,3.436016763139436,229.9775420000003,80.78659072936772,9.313109395532194,0.0,,0.9999303532267146
659,19481600,5718973,3.4064857449055976,231.58300000000054,80.2265346009852,9.39384526938239,0.0,,0.9999279728549116
660,19481600,5604279,3.476200952879041,242.2855840000011,76.68265381608472,9.20545170827858,0.0,,0.9999245510799499
661,19481600,5669053,3.436482248446081,243.2667910000248,76.37335735849825,9.311847897503284,0.0,,0.9999275594381257
662,19481600,5571517,3.496641937913857,280.47158399999716,66.24236686487352,9.1516376478318,0.0,,0.9999419408024378
663,19481600,5654206,3.4455058765103357,233.98937499999306,79.40147522724291,9.287460578186597,0.0,,0.9999422193640826
664,19481600,5686460,3.4259627254917824,231.12383300002648,80.38591832499537,9.340440210249671,0.0,,0.9999270570354868
665,19481600,5490366,3.5483244650720915,229.2458750000037,81.04443127929652,9.01834099868594,0.0,,0.9999314368959548
666,19481600,5621440,3.4655888882563897,233.07166699999016,79.71411455387576,9.233639947437583,0.0,,0.9999263699913444
667,19481600,5603516,3.476674288071989,238.23254100000213,77.98725348146219,9.204198423127464,0.0,,0.999929582663843
668,19481600,5734588,3.397210052404811,241.35966699998335,76.97682795734583,9.419494086727989,0.0,,0.999925607741004
669,19481600,5488059,3.5498160642952272,231.67629200000306,80.1942287754664,9.014551576872536,0.0,,0.999944180513198
670,19481600,5652668,3.446443343214213,230.71633300000371,80.52789900444414,9.284934296977662,0.0,,0.9999394534583391
671,19481600,5767356,3.377908351764656,233.80083300000365,79.46550627772875,9.47331800262812,0.0,,0.9999278831753072
672,19481600,5588670,3.4859098855362727,230.67445800000996,80.5425174663213,9.179812746386334,0.0,,0.9999263071570592
673,19481600,5620669,3.466064270996922,234.51745799999912,79.22268014051248,9.232373521681998,0.0,,0.999926584273254
674,19481600,5555133,3.5069547389774467,243.60091700000908,76.26860272656243,9.124725689881734,0.0,,0.9999315948681115
675,19481600,5914812,3.2936972468440247,232.70574999997962,79.8394606171168,9.715525624178712,0.0,,0.9999511224887078
676,19481600,5569979,3.497607441607949,230.9097090000023,80.46046068378968,9.149111366622865,0.0,,0.999928497324643
677,19481600,5490366,3.5483244650720915,234.54516600000375,79.21332116689075,9.01834099868594,0.0,,0.999940762709391
678,19481600,5784509,3.3678917259874606,230.00933299999815,80.77542471939671,9.501493101182655,0.0,,0.9999321089377543
679,19481600,5701051,3.4171944787022603,229.59041699999716,80.9228094328529,9.36440703022339,0.0,,0.9999223866402897
680,19481600,5620669,3.466064270996922,241.20070800000804,77.02755815500915,9.232373521681998,0.0,,0.9999292477726539
681,19481600,5603516,3.476674288071989,243.8167500000077,76.20108775340256,9.204198423127464,0.0,,0.999930390648768
682,19481600,5509057,3.536285792650176,230.69370799998978,80.5357966785155,9.049042378449409,0.0,,0.999924640928306
683,19481600,5866429,3.320861805367456,231.74925000000712,80.16898247782649,9.636052890932984,0.0,,0.9999458770905169
684,19481600,5637822,3.4555188155993575,235.16904199999544,79.00317747818337,9.26054862023653,0.0,,0.999927849213379
685,19481600,5800125,3.3588241632723435,230.39762500002325,80.63929288549795,9.527143561103811,0.0,,0.9999304492895668
686,19481600,5588670,3.4859098855362727,232.26929200001223,79.98948721339806,9.179812746386334,0.0,,0.9999232003098211
687,19481600,5718974,3.4064851492592902,254.37783399999603,73.03742338847138,9.39384691195795,0.0,,0.999930755234372
688,19481600,5620669,3.466064270996922,237.86520800001654,78.10768846236104,9.232373521681998,0.0,,0.9999287906333488
689,19481600,5718974,3.4064851492592902,231.64299999999116,80.2057543828249,9.39384691195795,0.0,,0.9999443283079882
690,19481600,5832892,3.339955548636937,232.26445800000306,79.99115199321523,9.580965834428383,0.0,,0.9999265203555816
691,19481600,5655738,3.4445725739063584,234.28670800001328,79.30070690352159,9.289977003942182,0.0,,0.999926654579929
692,19481600,5638591,3.455047546452651,233.97641700000804,79.40587261193662,9.261811760840999,0.0,,0.9999257031180698
693,19481600,5784509,3.3678917259874606,260.8932079999988,71.21343520180902,9.501493101182655,0.0,,0.9999270499346773
694,19481600,5605823,3.4752435101857477,338.2588329999976,54.925695207196945,9.207987844940867,0.0,,0.9999314501098141
695,19481600,5703358,3.415812228515201,247.95224999999732,74.93015918387593,9.368196452036793,0.0,,0.9999319005161781
696,19481600,5669052,3.436482854628957,234.99454199998127,79.06184290229805,9.311846254927726,0.0,,0.9999267345220029
697,19481600,5605054,3.475720305281626,233.81150000000162,79.46188088481479,9.2067247043364,0.0,,0.9999268688210964
698,19481600,5769663,3.37655769496416,240.3031660000181,77.3152591859676,9.477107424441524,0.0,,0.9999246217393594
699,19481600,5604285,3.4761972312257496,234.8454170000025,79.112046553158,9.205461563731932,0.0,,0.9999314791201299
700,19481600,5457084,3.5699652048603245,233.58012500000314,79.54059260178815,8.963672798948751,0.0,,0.9999300710858223
701,19481600,5571517,3.496641937913857,235.19670799998948,78.99388439782427,9.1516376478318,0.0,,0.9999236792892393
702,19481600,5636284,3.456461739685225,239.30179199999202,77.6387899447933,9.258022339027596,0.0,,0.9999292284642893
703,19481600,5637053,3.4559902133260056,237.54695900001366,78.21233174573678,9.259285479632062,0.0,,0.9999324264741787
704,19481600,5670590,3.4355507980651043,230.7161249999865,80.52797160363666,9.314372536136663,0.0,,0.9999259881290694
705,19481600,5720511,3.405569887025827,231.114582999993,80.38913564576133,9.396371550591327,0.0,,0.999928748926095
706,19481600,5619900,3.466538550508016,231.80945800001496,80.14816014322764,9.23111038107753,0.0,,0.9999293867373135
707,19481600,5654975,3.445037334382557,233.35133399999108,79.61857875001782,9.288723718791065,0.0,,0.9999300262634445
708,19481600,5636284,3.456461739685225,233.93775000002393,79.41899741490246,9.258022339027596,0.0,,0.9999295228887048
709,19481600,5653437,3.4459745461035474,242.7249579999966,76.54384499883304,9.286197437582128,0.0,,0.9999314865882247
710,19481600,5898428,3.3028461142528145,233.234374999995,79.6585047229869,9.688613666228646,0.0,,0.9999300970502493
711,19481600,5948349,3.2751272664061912,232.34887499998536,79.96208960556048,9.770612680683312,0.0,,0.9999323329575254
712,19481600,5866430,3.3208612392886305,230.8521249999842,80.48053082682809,9.636054533508542,0.0,,0.999946011051785
713,19481600,5669821,3.436016763139436,236.71608300000457,78.48685787226228,9.313109395532194,0.0,,0.9999312776297082
714,19481600,5685436,3.426579773301467,234.70404200000416,79.15970003831323,9.338758212877792,0.0,,0.9999300141448636
715,19481600,5653437,3.4459745461035474,240.9045830000025,77.12224205589234,9.286197437582128,0.0,,0.9999267201609724
716,19481600,5556158,3.506307775984772,238.17837500001815,78.00498917040048,9.126409329829173,0.0,,0.9999255024617106
717,19481600,5391293,3.6135301865433767,233.945709000011,79.41629552392914,8.855606110381078,0.0,,0.9999214909061751
718,19481600,5604285,3.4761972312257496,237.2515829999884,78.30970536664832,9.205461563731932,0.0,,0.9999289360863833
719,19481600,5408448,3.6020684677009007,233.02637500000856,79.7296081291198,8.883784494086727,0.0,,0.9999270058539929
720,19481600,5734588,3.397210052404811,236.1704159999931,78.66820018007904,9.419494086727989,0.0,,0.9999261212040482
721,19481600,5669815,3.4360203992546494,232.29195799999047,79.9816822005554,9.313099540078843,0.0,,0.9999284935257974
722,19481600,5931965,3.284173119699796,231.29920799999582,80.32496835224933,9.743700722733246,0.0,,0.9999314422394514
723,19481600,5588670,3.4859098855362727,239.83175000000756,77.46723093376676,9.179812746386334,0.0,,0.9999252610185426
724,19481600,5653438,3.445973936567448,233.83445800001823,79.45407927217704,9.286199080157687,0.0,,0.999927595146418
725,19481600,5768125,3.377458012785784,231.83320800001184,80.13994941785498,9.474581143232589,0.0,,0.9999357225969258
726,19481600,5620670,3.4660636543330243,233.2268749999855,79.6610663436671,9.232375164257556,0.0,,0.9999297639312221
727,19481600,5704896,3.414891349465442,231.12445900000012,80.38570059995247,9.37072273324573,0.0,,0.9999337816642775
728,19481600,5751741,3.3870787992713858,232.1500000000185,80.03059040490423,9.447669185282523,0.0,,0.9999236058300156
729,19481600,5785280,3.3674428895403508,232.38249999999994,79.95051934848797,9.50275952693824,0.0,,0.9999375990040841
730,19481600,5835199,3.3386350662590942,237.68025000001103,78.16847029780193,9.584755256241786,0.0,,0.9999348743838874
731,19481600,5736381,3.3961481986639313,231.16483300000823,80.37166086806698,9.422439224704336,0.0,,0.9999452179065352
732,19481600,5424830,3.5911908760274516,232.64216699999452,79.86128139229565,8.910693166885677,0.0,,0.9999221563608229
733,19481600,5751741,3.3870787992713858,232.2670420000179,79.99026208160247,9.447669185282523,0.0,,0.9999310724614023
734,19481600,5539518,3.5168402738288784,266.2706250000042,69.77525801991754,9.099076872536136,0.0,,0.9999258963581102
735,19481600,5783740,3.368339517336533,274.9671669999998,67.56843649809294,9.500229960578187,0.0,,0.9999319067375352
736,19481600,5605054,3.475720305281626,272.34183400000234,68.21978573625908,9.2067247043364,0.0,,0.9999291451843377
737,19481600,5491135,3.5478275438502243,258.28991700001325,71.93119181070877,9.019604139290408,0.0,,0.9999299727906805
738,19481600,5736895,3.3958439190537737,242.13683299998934,76.72976197925583,9.423283508541394,0.0,,0.9999266009088897
739,19481600,5604541,3.476038448108418,232.2117500000047,80.009308583651,9.2058820630749,0.0,,0.9999267424854981
740,19481600,5572286,3.4961593859324522,237.70504199998754,78.1603175354647,9.152900788436268,0.0,,0.9999255923303435
741,19481600,5637822,3.4555188155993575,232.36766700000544,79.95562292450768,9.26054862023653,0.0,,0.9999309849368959
742,19481600,5652924,3.4462872665544415,230.46024999999304,80.61738005795169,9.28535479632063,0.0,,0.9999298462896493
743,19481600,5636284,3.456461739685225,240.72074999997994,77.18113857032078,9.258022339027596,0.0,,0.9999265163787393
744,19481600,5717435,3.4074020955201063,235.44258400002605,78.91138997394772,9.391318988173456,0.0,,0.9999246854427601
745,19481600,5554358,3.5074440646425744,239.3618330000038,77.61931520009585,9.123452693823916,0.0,,0.9999213325367122
746,19481600,5964733,3.266131107628791,234.90058299998395,79.09346722439284,9.797524638633377,0.0,,0.9999274547842475
747,19481600,5703358,3.415812228515201,230.7272919999832,80.52407411994136,9.368196452036793,0.0,,0.9999276997667509
748,19481600,5751741,3.3870787992713858,235.4392080000025,78.91252149684347,9.447669185282523,0.0,,0.9999328551856896
749,19481600,5569973,3.497611209246436,233.48375000000487,79.57342454239155,9.149101511169514,0.0,,0.9999236162474675
750,19481600,5653437,3.4459745461035474,241.1625000000015,77.03976183071532,9.286197437582128,0.0,,0.9999248623773926
751,19481600,5539518,3.5168402738288784,230.73725000000422,80.52059891716513,9.099076872536136,0.0,,0.9999246147101692
752,19481600,5701307,3.4170410398878714,232.1751249999977,80.02192983636893,9.36482752956636,0.0,,0.9999303558395908
753,19481600,5588157,3.4862298965472873,233.94124999998667,79.41780922561138,9.178970105124836,0.0,,0.9999295888292803
754,19481600,5506750,3.537767285604031,237.68433300000424,78.16712750057307,9.045252956636006,0.0,,0.9999276097320406
755,19481600,5703358,3.415812228515201,237.4449170000048,78.24594351076222,9.368196452036793,0.0,,0.999928805321952
756,19481600,5736126,3.396299174739188,230.8141659999876,80.49376641163782,9.422020367936925,0.0,,0.9999328474968038
757,19481600,5555902,3.5064693365721715,244.45604199999593,76.00180961164506,9.125988830486202,0.0,,0.9999302531625026
758,19481600,5554364,3.5074402757903513,234.72516600000404,79.1525760919035,9.123462549277267,0.0,,0.9999248288630022
759,19481600,5571517,3.496641937913857,238.10474999999087,78.02910929958647,9.1516376478318,0.0,,0.9999240186259827
760,19481600,5754048,3.3857208003826176,233.40704200001028,79.59957593095749,9.451458607095926,0.0,,0.9999281305343202
761,19481600,5573824,3.495194681425176,230.18129199999748,80.71508071342393,9.155427069645203,0.0,,0.9999255536020447
762,19481600,5637822,3.4555188155993575,233.70158299999844,79.49925423697333,9.26054862023653,0.0,,0.9999301607273575
763,19481600,5687743,3.425189921555879,231.10533299998792,80.39235322406415,9.342547634691195,0.0,,0.9999299477288007
764,19481600,5637054,3.4559896002415447,235.06729199999654,79.03737438086569,9.259287122207622,0.0,,0.999930422301905
765,19481600,5718973,3.4064857449055976,232.61958399999116,79.86903442532468,9.39384526938239,0.0,,0.9999256062810254
766,19481600,5671359,3.435084959354539,238.9007920000097,77.76910828533062,9.31563567674113,0.0,,0.9999259064299371
767,19481600,5635515,3.456933394729674,231.63812500001768,80.20744237373957,9.256759198423127,0.0,,0.9999217478641486
768,19481600,5473207,3.5594487838665705,234.90716599999928,79.09125072199822,8.990156044678056,0.0,,0.9999360321765569
769,19481600,5586363,3.4873494615369607,231.29945799999518,80.32488153301416,9.176023324572931,0.0,,0.9999290180361701
770,19481600,5539518,3.5168402738288784,230.011917000013,80.77451727207226,9.099076872536136,0.0,,0.9999260399984086
771,19481600,5733819,3.397665674483272,246.76274999998782,75.29135399285718,9.418230946123522,0.0,,0.9999453225134927
772,19481600,5620924,3.4659070288087865,240.78770799999916,77.15967611810179,9.232792378449409,0.0,,0.9999236361743177
773,19481600,5587901,3.48638961212806,234.2258749999928,79.32130283428579,9.178549605781866,0.0,,0.9999258299729196
774,19481600,5392831,3.612499631455167,252.24866600001405,73.65391404091297,8.858132391590013,0.0,,0.9999239699880271
775,19481600,5522359,3.5277677528751754,230.93149999999696,80.45286832892111,9.070891918528252,0.0,,0.999920534415862
776,19481600,5473982,3.558944841250848,229.7095840000054,80.88082891003609,8.991429040735873,0.0,,0.9999350088612929
777,19481600,5637309,3.4558332708034984,229.31170900000097,81.02116391492211,9.259705978975033,0.0,,0.9999291904223089
778,19481600,5504699,3.5390854250159727,240.23583299998563,77.3369290105074,9.041884034165571,0.0,,0.9999237002276187
779,19481600,5621438,3.4655901212465565,232.1180419999962,80.04160901245369,9.233636662286465,0.0,,0.9999239279648228
780,19481600,5590977,3.4844714975575823,234.71279099999265,79.15674933327593,9.183602168199737,0.0,,0.9999252294200043
781,19481600,5621438,3.4655901212465565,234.9808329999803,79.06645544362998,9.233636662286465,0.0,,0.9999306154142144
782,19481600,5783740,3.368339517336533,241.35308300000702,76.97892784945059,9.500229960578187,0.0,,0.9999350321048956
783,19481600,5556671,3.505984068518723,232.09779199999048,80.04859245925425,9.12725197109067,0.0,,0.9999299401874857
784,19481600,5786047,3.3669965003740896,233.31362499999386,79.63144699543582,9.50401938239159,0.0,,0.9999291957196916
785,19481600,5622207,3.465116101203673,244.13137499999493,76.10288338604731,9.234899802890933,0.0,,0.9999277385728256
786,19481600,5703358,3.415812228515201,233.886708,79.43632932958293,9.368196452036793,0.0,,0.9999314623618664
787,19481600,5635515,3.456933394729674,230.20970799998963,80.70511762475645,9.256759198423127,0.0,,0.9999391424873004
788,19481600,5751998,3.386927464161149,230.71712499998398,80.5276225702851,9.448091327201052,0.0,,0.9999276012465746
789,19481600,5637816,3.45552249310726,269.58645799999204,68.9170431643141,9.26053876478318,0.0,,0.999922451012392
790,19481600,5440445,3.580883549047918,232.45345800000905,79.92611390835613,8.936341984231275,0.0,,0.9999235696695157
791,19481600,5439676,3.581389773949772,234.3850830000065,79.26742318537177,8.935078843626806,0.0,,0.9999259848890033
792,19481600,5686205,3.426116364077623,243.43654099999412,76.32010168309304,9.34002135348226,0.0,,0.9999406589130891
793,19481600,5604285,3.4761972312257496,232.3289999999929,79.96893010558547,9.205461563731932,0.0,,0.9999316753206435
794,19481600,5721280,3.4051121427372895,245.4668750000053,75.68883403310365,9.397634691195796,0.0,,0.9999294156508468
795,19481600,5620924,3.4659070288087865,296.38283299999557,62.68615956748169,9.232792378449409,0.0,,0.9999270616198401
796,19481600,5539774,3.5166777561683924,236.8845839999949,78.43102851513714,9.099497371879107,0.0,,0.9999231726294582
797,19481600,5685948,3.4262712216151114,230.40908299998364,80.63528277876667,9.339599211563732,0.0,,0.9999391094655613
798,19481600,5620157,3.4663800317322098,235.83566700000347,78.77986310908489,9.231532522996059,0.0,,0.9999327118668097
799,19481600,5737664,3.395388785401167,230.9394579999946,80.45009598359945,9.42454664914586,0.0,,0.9999239506831622
800,19481600,5506750,3.537767285604031,231.60550000000057,80.21874075745158,9.045252956636006,0.0,,0.9999253326527906
801,19481600,5800124,3.358824742367577,231.59920800000577,80.2209201099666,9.527141918528253,0.0,,0.9999306183084713
802,19481600,5653437,3.4459745461035474,230.26529200001278,80.68563612487013,9.286197437582128,0.0,,0.9999290955743909
803,19481600,5768125,3.377458012785784,229.96800000001372,80.78994278551316,9.474581143232589,0.0,,0.9999315407627954
804,19481600,5801662,3.3579343298523767,234.81924999998682,79.12086237606603,9.529668199737188,0.0,,0.9999297445354455
805,19481600,5488053,3.5498199452519863,238.89087500000983,77.77233668929061,9.014541721419185,0.0,,0.9999266309528647
806,19481600,5590208,3.484950828305494,231.44454199999132,80.27452884372057,9.182339027595269,0.0,,0.9999313056973312
807,19481600,5670590,3.4355507980651043,234.89795899999422,79.09435076232594,9.314372536136663,0.0,,0.9999270883041483
808,19481600,5507519,3.53727331671484,232.13854200000128,80.03454059128147,9.046516097240474,0.0,,0.9999203425459532
809,19481600,5702589,3.416272854312313,232.88062499997864,79.77950747298839,9.366933311432327,0.0,,0.9999270775918315
810,19481600,5768381,3.377308121637596,252.7442919999885,73.50948033477586,9.475001642575558,0.0,,0.9999404267746456
811,19481600,5668283,3.4369490725851195,233.58866600000283,79.53768425776178,9.31058311432326,0.0,,0.9999284978985745
812,19481600,5752765,3.386475894635015,233.1789170000036,79.67745026665388,9.449351182654402,0.0,,0.9999291566092746
813,19481600,5704128,3.415351128165427,234.09866599999418,79.36440595736013,9.36946123521682,0.0,,0.9999255250126687
814,19481600,5505981,3.538261392474838,235.88500000002455,78.76338708480007,9.043989816031537,0.0,,0.9999222768709127
815,19481600,5718973,3.4064857449055976,245.33862500001646,75.72840013470669,9.39384526938239,0.0,,0.9999389037376777
816,19481600,5637047,3.45599389183734,239.15533299998515,77.68633602873139,9.259275624178713,0.0,,0.999923934331273
817,19481600,5769663,3.37655769496416,241.6803750000156,76.87468029830225,9.477107424441524,0.0,,0.99993596887699
818,19481600,5701820,3.4167336043579066,241.80808299999512,76.8340798702762,9.365670170827858,0.0,,0.9999413488454838
819,19481600,5620669,3.466064270996922,249.61400000000822,74.43132822077042,9.232373521681998,0.0,,0.9999319777594703
820,19481600,5703613,3.415659512663289,250.1236249999863,74.27967495074093,9.368615308804205,0.0,,0.9999282508350613
821,19481600,5570748,3.497124623120629,250.58362500001863,74.1433186725534,9.150374507227333,0.0,,0.9999303044286518
822,19481600,5619900,3.466538550508016,240.62266600000726,77.21259959150913,9.23111038107753,0.0,,0.9999284135987813
823,19481600,5752510,3.3866260119495664,245.18554200000153,75.77568159585806,9.448932325886991,0.0,,0.9999298810577814
824,19481600,5750203,3.3879847372344942,246.25008300000673,75.4481027423633,9.445142904073588,0.0,,0.9999301874815176
825,19481600,5882044,3.3120459486532234,255.31775000001744,72.76854649744772,9.661701708278581,0.0,,0.9999321602787324
826,19481600,5654975,3.445037334382557,260.94662500000254,71.19885747707914,9.288723718791065,0.0,,0.9999319012578678
827,19481600,5651893,3.4469159271061924,254.47054199997865,73.01081459755589,9.283661300919842,0.0,,0.9999251185871326
828,19481600,5734590,3.3972088675912313,251.62087500001462,73.83767965395924,9.419497371879107,0.0,,0.9999351449241848
829,19481600,5686205,3.426116364077623,249.20695800000203,74.55290057551221,9.34002135348226,0.0,,0.9999280866569994
830,19481600,5637822,3.4555188155993575,248.5807920000127,74.74069662831813,9.26054862023653,0.0,,0.9999237010582589
831,19481600,5588670,3.4859098855362727,249.2356250000114,74.54432552529018,9.179812746386334,0.0,,0.9999271706786397
832,19481600,5473213,3.559444881827183,254.18683300000566,73.09230514902235,8.990165900131407,0.0,,0.9999296120338973
833,19481600,5424061,3.5917000195978623,315.4968329999974,58.88839322358634,8.909430026281209,0.0,,0.9999239580787693
834,19481600,5638077,3.4553625287487204,259.1112080000073,71.7031953418992,9.260967477003943,0.0,,0.9999257763862688
835,19481600,5475769,3.5577833907894947,258.0603330000031,71.99518556964652,8.99436432325887,0.0,,0.9999255411692728
836,19481600,5718205,3.406943262789634,260.04037499998844,71.44698803984122,9.392583771353483,0.0,,0.9999273831010282
837,19481600,5652668,3.446443343214213,257.99262499998576,72.01408010209991,9.284934296977662,0.0,,0.9999294467346808
838,19481600,5654975,3.445037334382557,286.56816700001286,64.83309628211136,9.288723718791065,0.0,,0.999938351550965
839,19481600,5604285,3.4761972312257496,334.5275829999821,55.53832480982889,9.205461563731932,0.0,,0.9999427642906019
840,19481600,5687230,3.425498880825991,346.6402500000072,53.59764644324949,9.341704993429698,0.0,,0.9999247422035928
841,19481600,5668284,3.436948466237754,300.5781660000082,61.81121473240839,9.310584756898818,0.0,,0.9999265139167394
842,19481600,5638078,3.4553619158869386,286.8690420000064,64.76509780549824,9.260969119579501,0.0,,0.999929599289453
843,19481600,5685436,3.426579773301467,268.82058399999664,69.11338888580137,9.338758212877792,0.0,,0.9999280037558125
844,19481600,5651899,3.4469122678943838,266.34754200000543,69.75510801785293,9.283671156373194,0.0,,0.9999393134370407
845,19481600,5557182,3.5056616824858353,265.7382079999877,69.91505550643609,9.128091327201052,0.0,,0.9999275223779213
846,19481600,5669053,3.436482248446081,259.8050830000034,71.51169387436411,9.311847897503284,0.0,,0.9999291493538902
847,19481600,5539513,3.516843448151489,281.1583330000076,66.08056522550054,9.099068659658345,0.0,,0.9999223673127762
848,19481600,5603516,3.476674288071989,269.9089999999842,68.83468710751063,9.204198423127464,0.0,,0.9999274716074478
849,19481600,5653437,3.4459745461035474,268.4522920000063,69.20820613630508,9.286197437582128,0.0,,0.9999245723189101
850,19481600,5751741,3.3870787992713858,260.25416699999937,71.38829620545536,9.447669185282523,0.0,,0.9999418198323046
851,19481600,5835199,3.3386350662590942,266.7559170000118,69.64832035009435,9.584755256241786,0.0,,0.9999445632304015
852,19481600,5620671,3.466063037669346,267.86100000001056,69.36098036854662,9.232376806833114,0.0,,0.9999286168164352
853,19481600,5637822,3.4555188155993575,271.79637499997966,68.35669372890419,9.26054862023653,0.0,,0.9999293596187823
854,19481600,5522365,3.5277639199871795,271.3463329999968,68.47006685916858,9.070901773981603,0.0,,0.9999289351701877
855,19481600,5557440,3.505498934761329,270.90437499998643,68.5817700895415,9.128515111695139,0.0,,0.9999272230875954
856,19481600,5489853,3.5486560386953894,258.7377080000124,71.80670226273749,9.017498357424442,0.0,,0.9999234870258343
857,19481600,5687743,3.425189921555879,267.4276249999821,69.4733820505688,9.342547634691195,0.0,,0.999929439545111
858,19481600,5522365,3.5277639199871795,269.0390000000207,69.05728003188598,9.070901773981603,0.0,,0.9999274744697264
859,19481600,5638077,3.4553625287487204,266.54083300002185,69.70452276818118,9.260967477003943,0.0,,0.9999271757998816
860,19481600,5587133,3.4868688466875586,286.8075419999627,64.77898535353863,9.177288107752956,0.0,,0.9999258915797328
861,19481600,5735358,3.396753960258453,282.3593330000449,65.79949515073066,9.420758869908015,0.0,,0.999936122765481
862,19481600,5522621,3.5276003911910667,278.1910829999674,66.78539571486616,9.071322273324572,0.0,,0.9999398164477192
863,19481600,5733819,3.397665674483272,278.75066699999707,66.6513259410432,9.418230946123522,0.0,,0.9999320651853563
864,19481600,5587901,3.48638961212806,279.62545799999816,66.4428113784265,9.178549605781866,0.0,,0.9999318368953373
865,19481600,5506744,3.537771140260016,279.6596659999864,66.43468408669595,9.045243101182654,0.0,,0.9999252834000769
866,19481600,5571517,3.496641937913857,278.67195799996125,66.67015115493818,9.1516376478318,0.0,,0.9999281128910358
867,19481600,5538749,3.5173285519889057,279.86137499999586,66.38680154594493,9.09781373193167,0.0,,0.9999297062872395
868,19481600,5636540,3.456304754335106,281.958292000013,65.89308450804187,9.258442838370565,0.0,,0.9999269178260174
869,19481600,5587901,3.48638961212806,280.23945799998273,66.29723628176994,9.178549605781866,0.0,,0.9999364781936109
870,19481600,5718204,3.4069438585961604,270.3504579999958,68.72228625002103,9.392582128777924,0.0,,0.9999296219105815
871,19481600,5490366,3.5483244650720915,273.84729100003824,67.84475206839788,9.01834099868594,0.0,,0.9999255730981134
872,19481600,5573824,3.495194681425176,284.3624999999861,65.33597630665403,9.155427069645203,0.0,,0.999926328281566
873,19481600,5570748,3.497124623120629,281.81987500005334,65.92544816967393,9.150374507227333,0.0,,0.9999245616860323
874,19481600,5570748,3.497124623120629,276.7034160000321,67.1444604156887,9.150374507227333,0.0,,0.9999254318210272
875,19481600,5490366,3.5483244650720915,280.99808299998585,66.11825021774592,9.01834099868594,0.0,,0.9999273817831367
876,19481600,5555135,3.506953476378162,281.1255000000301,66.08828285764902,9.124728975032852,0.0,,0.9999286772581157
877,19481600,5718973,3.4064857449055976,268.53033300000106,69.18809266325948,9.39384526938239,0.0,,0.9999248049882142
878,19481600,5604286,3.476196610950976,284.82633300001226,65.22957820230478,9.20546320630749,0.0,,0.9999252938723716
879,19481600,5638847,3.454890689532807,280.72633300001826,66.18225431135023,9.262232260183968,0.0,,0.9999275505626765
880,19481600,5653431,3.4459782033246715,281.1943749999841,66.0720953699769,9.286187582128777,0.0,,0.9999247355462632
881,19481600,5720766,3.4054180856200027,280.84379199998466,66.1545745063185,9.396790407358738,0.0,,0.9999272383977135
882,19481600,5570749,3.497123995355023,280.50975000002154,66.23335396540966,9.150376149802891,0.0,,0.999929507775461
883,19481600,5783740,3.368339517336533,292.8218339999944,63.448484386244075,9.500229960578187,0.0,,0.9999297982586832
884,19481600,5554620,3.5072786257205713,302.261499999986,61.46697995775467,9.123883048620236,0.0,,0.9999427733477516
885,19481600,5538749,3.5173285519889057,297.72487500002853,62.40359178082859,9.09781373193167,0.0,,0.9999246981073078
886,19481600,5538749,3.5173285519889057,294.78116699999646,63.02675897371769,9.09781373193167,0.0,,0.9999279022610403
887,19481600,5916350,3.2928410252943117,299.5172089999869,62.030163891186675,9.718051905387648,0.0,,0.9999319415553516
888,19481600,5850815,3.3297241495415597,466.3272500000062,39.84133794990482,9.610405716162944,0.0,,0.9999294224455711
889,19481600,5801148,3.358231853419358,267.790290999983,69.37929486958578,9.528823915900132,0.0,,0.9999301833627052
890,19481600,5603516,3.476674288071989,282.9035000000317,65.67292932925155,9.204198423127464,0.0,,0.9999288581426118
891,19481600,5587132,3.486869470776778,281.9906670000023,65.88551940444131,9.177286465177398,0.0,,0.9999259232723874
892,19481600,5621438,3.4655901212465565,287.354415999971,64.6557022548137,9.233636662286465,0.0,,0.99992551347005
893,19481600,5555902,3.5064693365721715,300.3885830000286,61.85022538788777,9.125988830486202,0.0,,0.9999253327381531
894,19481600,5949118,3.274703914092812,309.7266670000067,59.98547604071688,9.771875821287779,0.0,,0.9999424641496621
895,19481600,5604285,3.4761972312257496,305.485874999988,60.81820170081752,9.205461563731932,0.0,,0.9999318645492742
896,19481600,5704127,3.4153517269163185,303.4546669999827,61.22529518552786,9.369459592641261,0.0,,0.9999264978891927
897,19481600,5589439,3.485430290946909,298.47579199997654,62.24659439885651,9.181075886990802,0.0,,0.9999265308361981
898,19481600,5768125,3.377458012785784,298.2209170000374,62.29979355370861,9.474581143232589,0.0,,0.9999377871419186
899,19481600,5669821,3.436016763139436,316.538458000025,58.694610695609484,9.313109395532194,0.0,,0.9999295747752152
900,19481600,5474751,3.5584449411489216,319.2689159999986,58.19264147374773,8.992692181340342,0.0,,0.9999274358067808
901,19481600,5653437,3.4459745461035474,318.4620829999858,58.340074232638955,9.286197437582128,0.0,,0.9999325840921507
902,19481600,5489597,3.548821525514532,317.6000830000021,58.49841532472105,9.017077858081471,0.0,,0.9999257261034264
903,19481600,5653437,3.4459745461035474,307.19800000002806,60.47923997714276,9.286197437582128,0.0,,0.9999266594006457
904,19481600,5833661,3.339515271799304,368.62704200001417,50.400810156785205,9.582228975032852,0.0,,0.9999341175848767
905,19481600,5636284,3.456461739685225,324.1931249999652,57.30874632983655,9.258022339027596,0.0,,0.9999287395863562
906,19481600,5539518,3.5168402738288784,311.78470900005095,59.589521314520155,9.099076872536136,0.0,,0.9999238607264174
907,19481600,5555896,3.5064731233270026,306.5656670000294,60.603986559585024,9.12597897503285,0.0,,0.9999246028922594
908,19481600,5572286,3.4961593859324522,314.5328749999976,59.068870185668644,9.152900788436268,0.0,,0.9999275546803532
909,19481600,5652668,3.446443343214213,313.8593749999927,59.19562403544718,9.284934296977662,0.0,,0.999929688239602
910,19481600,5588670,3.4859098855362727,305.2537919999736,60.864441489072824,9.179812746386334,0.0,,0.9999286682747103
911,19481600,5622207,3.465116101203673,302.52799999999525,61.41283306834505,9.234899802890933,0.0,,0.9999267334675846
912,19481600,5587901,3.48638961212806,310.2357500000039,59.887042555539665,9.178549605781866,0.0,,0.9999303110969034
913,19481600,5603516,3.476674288071989,303.31391699996857,61.25370621388904,9.204198423127464,0.0,,0.9999257942758734
914,19481600,5768894,3.3770077938682874,305.6207079999922,60.79137007463668,9.475844283837057,0.0,,0.999942407038966
915,19481600,5702589,3.416272854312313,304.1431660000171,61.086697448592204,9.366933311432327,0.0,,0.9999315773358658
916,19481600,5686205,3.426116364077623,299.5152079999457,62.03057830206528,9.34002135348226,0.0,,0.9999418645652143
917,19481600,5850814,3.329724718645987,321.01466600005324,57.87617679279774,9.610404073587384,0.0,,0.999928343057677
918,19481600,5734588,3.397210052404811,314.8930830000154,59.00130096696691,9.419494086727989,0.0,,0.9999257542883537
919,19481600,5555133,3.5069547389774467,310.89149999996835,59.76072540581487,9.124725689881734,0.0,,0.9999255300934509
920,19481600,5619900,3.466538550508016,311.8387499999926,59.57919457572364,9.23111038107753,0.0,,0.9999269383522436
921,19481600,5933503,3.2833218420888977,310.12541699999474,59.90834850695361,9.746227003942181,0.0,,0.9999462929019706
922,19481600,5687743,3.425189921555879,317.65604100002065,58.48811029694471,9.342547634691195,0.0,,0.9999285782849864
923,19481600,5720766,3.4054180856200027,316.45091600000796,58.710847790687176,9.396790407358738,0.0,,0.999932382384794
924,19481600,5885120,3.3103148279049535,315.7656249999832,58.83826512940093,9.666754270696453,0.0,,0.9999323647765616
925,19481600,5473213,3.559444881827183,323.0407080000077,57.51318983147955,8.990165900131407,0.0,,0.9999255435041527
926,19481600,5769918,3.3764084688898524,373.54216700003917,49.73762858343661,9.477526281208936,0.0,,0.9999286572775042
927,19481600,5602747,3.4771514758742454,451.45270899996603,41.154037160737026,9.202935282522995,0.0,,0.9999307890981927
928,19481600,5783740,3.368339517336533,440.693667000005,42.158766857205116,9.500229960578187,0.0,,0.9999274497073408
929,19481600,5619900,3.466538550508016,364.58154199999626,50.9600718143328,9.23111038107753,0.0,,0.9999284962007442
930,19481600,5736120,3.3963027272790667,335.9226249999665,55.30768153083423,9.422010512483574,0.0,,0.9999273677805322
931,19481600,5651893,3.4469159271061924,318.8613749999831,58.26701826930585,9.283661300919842,0.0,,0.9999276169365358
932,19481600,5441214,3.5803774672343343,312.72479199998315,59.41038906343249,8.937605124835743,0.0,,0.9999225015523678
933,19481600,5637053,3.4559902133260056,332.0579999999609,55.95137464690563,9.259285479632062,0.0,,0.9999284999722226
934,19481600,5605823,3.4752435101857477,334.17612499999905,55.596735291906484,9.207987844940867,0.0,,0.99992737091819
935,19481600,5768125,3.377458012785784,335.9496670000226,55.30322958319453,9.474581143232589,0.0,,0.9999286192623357
936,19481600,5588670,3.4859098855362727,326.4918329999773,56.905256685245455,9.179812746386334,0.0,,0.9999322790681568
937,19481600,5376183,3.623686172885112,321.44637500005047,57.798447913737036,8.83078679369251,0.0,,0.9999228209319289
938,19481600,5636540,3.456304754335106,323.5170830000129,57.42850235361222,9.258442838370565,0.0,,0.9999262902246326
939,19481600,5734588,3.397210052404811,317.08887499996763,58.592725974703136,9.419494086727989,0.0,,0.9999280943835438
940,19481600,5619900,3.466538550508016,314.7069590000342,59.03619551831385,9.23111038107753,0.0,,0.9999329974100422
941,19481600,5653437,3.4459745461035474,317.09791599996606,58.59105539659866,9.286197437582128,0.0,,0.9999296096589975
942,19481600,5638592,3.455046933702598,316.04091700000936,58.78701320974667,9.261813403416557,0.0,,0.9999304068061659
943,19481600,5505981,3.538261392474838,304.4940839999981,61.01629732320223,9.043989816031537,0.0,,0.9999230750455821
944,19481600,5588926,3.48575021390514,298.7680829999704,62.185697267073344,9.180233245729303,0.0,,0.9999374191951449
945,19481600,5750203,3.3879847372344942,308.33008300004394,60.25718081649968,9.445142904073588,0.0,,0.9999342980674564
946,19481600,5539518,3.5168402738288784,304.31795900000225,61.05161070201533,9.099076872536136,0.0,,0.9999280879507942
947,19481600,5569979,3.497607441607949,335.84412499999416,55.320609114422716,9.149111366622865,0.0,,0.999926530677812
948,19481600,5457598,3.569628983299979,328.54995899998585,56.548786732616215,8.964517082785807,0.0,,0.9999241271438666
949,19481600,5652668,3.446443343214213,304.79362500000207,60.956332543044084,9.284934296977662,0.0,,0.9999384574231267
950,19481600,5620669,3.466064270996922,328.5808329999895,56.54347331483146,9.232373521681998,0.0,,0.9999276412400149
951,19481600,5505212,3.5387556373850817,329.6812080000109,56.35474850146566,9.042726675427069,0.0,,0.9999367761697477
952,19481600,5604540,3.4760390683267492,324.4058749999681,57.27116243656755,9.205880420499343,0.0,,0.999924932999267
953,19481600,5572286,3.4961593859324522,320.5271249999555,57.96420993231877,9.152900788436268,0.0,,0.99992568562895
954,19481600,5506750,3.537767285604031,320.81129200003033,57.91286661598633,9.045252956636006,0.0,,0.9999260522751837
955,19481600,5604285,3.4761972312257496,329.09529099998736,56.45508176688166,9.205461563731932,0.0,,0.9999303172297327
956,19481600,5703358,3.415812228515201,323.06020900000476,57.50971814204369,9.368196452036793,0.0,,0.999936425545932
957,19481600,5555134,3.5069541076776907,333.02962499999467,55.78813465168541,9.124727332457294,0.0,,0.9999307871707078
958,19481600,5736126,3.396299174739188,320.20604199999525,58.022332890583854,9.422020367936925,0.0,,0.9999272707753677
959,19481600,5785279,3.3674434716113084,320.3231250000158,58.00112484073413,9.50275788436268,0.0,,0.9999376169889204
960,19481600,5751741,3.3870787992713858,319.68079199998556,58.117666207799054,9.447669185282523,0.0,,0.9999328295607994
961,19481600,5651899,3.4469122678943838,332.1892920000096,55.92926084595004,9.283671156373194,0.0,,0.999927851322417
962,19481600,5654206,3.4455058765103357,328.9371660000029,56.48222056640397,9.287460578186597,0.0,,0.9999298836397271
963,19481600,5768894,3.3770077938682874,325.34104200004776,57.10654102625414,9.475844283837057,0.0,,0.9999283313651527
964,19481600,5571517,3.496641937913857,320.58137499996064,57.95440100817548,9.1516376478318,0.0,,0.9999340214095012
965,19481600,5619900,3.466538550508016,325.99745800001756,56.991553481680825,9.23111038107753,0.0,,0.9999323007242665
966,19481600,5604028,3.4763566491816245,303.2612500000482,61.264344068017415,9.205039421813403,0.0,,0.9999253265464421
967,19481600,5718967,3.4064893187878162,300.13670900001443,61.902129947387095,9.393835413929041,0.0,,0.9999242350321017
968,19481600,5573055,3.495676967121265,320.8631250000167,57.90351123239554,9.154163929040736,0.0,,0.9999349855928295
969,19481600,5751742,3.387078210392608,320.1210419999825,58.037739245210304,9.447670827858081,0.0,,0.9999315116013087
970,19481600,5573311,3.495516399497534,320.9709999999859,57.8840504671787,9.154584428383705,0.0,,0.9999307306353492
971,19481600,5521596,3.5282552363483313,320.57566700001416,57.95543291343812,9.069638633377135,0.0,,0.9999342478987532
972,19481600,5685436,3.426579773301467,320.81991699999435,57.91130967252363,9.338758212877792,0.0,,0.9999268093051596
973,19481600,5701820,3.4167336043579066,321.8855000000076,57.71959769079241,9.365670170827858,0.0,,0.9999372300815722
974,19481600,5555902,3.5064693365721715,324.1542910000135,57.31561197349452,9.125988830486202,0.0,,0.9999287182072057
975,19481600,5488828,3.5493187252360614,321.28091700002415,57.828213813578614,9.015814717477005,0.0,,0.9999228092174869
976,19481600,5572286,3.4961593859324522,321.7903329999672,57.736667815008275,9.152900788436268,0.0,,0.9999266781140391
977,19481600,5686206,3.426115761546451,333.91408299996783,55.640365316672764,9.340022996057819,0.0,,0.9999315385873776
978,19481600,5702589,3.416272854312313,322.2339170000055,57.657188093268545,9.366933311432327,0.0,,0.9999310113622402
979,19481600,5751741,3.3870787992713858,323.43445800000836,57.44317311577086,9.447669185282523,0.0,,0.9999339856790495
980,19481600,5620669,3.466064270996922,341.8890410000017,54.34248932974692,9.232373521681998,0.0,,0.9999287026634309
981,19481600,5653437,3.4459745461035474,333.721708999974,55.67243922540696,9.286197437582128,0.0,,0.9999266164763123
982,19481600,5637823,3.4555182026821347,323.2112919999963,57.482835601239486,9.260550262812089,0.0,,0.999927642938643
983,19481600,5620669,3.466064270996922,323.1648749999749,57.49109200837944,9.232373521681998,0.0,,0.9999254783357657
984,19481600,5833661,3.339515271799304,371.89516699999103,49.957899997394826,9.582228975032852,0.0,,0.9999301728405221
985,19481600,5537980,3.5178169657528557,349.7068330000275,53.12764810202762,9.096550591327201,0.0,,0.9999272358881848
986,19481600,5554364,3.5074402757903513,348.22650000000976,53.35349711322797,9.123462549277267,0.0,,0.9999262006398264
987,19481600,5571004,3.4969639224814775,323.3237080000322,57.4628494687997,9.150795006570302,0.0,,0.999928413549875
988,19481600,5406908,3.6030944118154036,322.6765829999749,57.57809069926045,8.881254927726676,0.0,,0.9999272439352853
989,19481600,5440445,3.580883549047918,332.0528750000449,55.95223821657165,8.936341984231275,0.0,,0.9999247261018729
990,19481600,5521590,3.5282590703040246,322.5754580000171,57.596141001213475,9.069628777923784,0.0,,0.9999265451327296
991,19481600,5669821,3.436016763139436,334.96750000000475,55.46538563442643,9.313109395532194,0.0,,0.9999403455226908
992,19481600,5768894,3.3770077938682874,325.56149999999207,57.067870625059946,9.475844283837057,0.0,,0.9999458692270015
993,19481600,5523389,3.527109895754219,318.1006249999996,58.40636610663693,9.072583771353482,0.0,,0.9999274600607607
994,19481600,5621438,3.4655901212465565,325.7627090000028,57.03262236347574,9.233636662286465,0.0,,0.9999287346198635
995,19481600,5786048,3.3669959184576417,322.2955420000062,57.64616366458969,9.504021024967148,0.0,,0.9999318115345656
996,19481600,5786047,3.3669965003740896,332.4909169999728,55.87852363047114,9.50401938239159,0.0,,0.9999316658274888
997,19481600,5752510,3.3866260119495664,322.24029100001417,57.65604761851206,9.448932325886991,0.0,,0.999931441867794
998,19481600,5638591,3.455047546452651,322.6555420000068,57.58184547934902,9.261811760840999,0.0,,0.9999332624878381
999,19481600,5670845,3.435396312189806,324.8242080000523,57.19740433415298,9.314791392904073,0.0,,0.9999275645480822
