step,source_tensor_bytes,encoded_bytes,compression_ratio,compression_latency_ms,compression_throughput_mib_per_second,encoded_bits_per_gradient_element,prediction_energy_r2,prediction_cosine_similarity,reconstruction_energy_r2,allocator_raw_relative_squared_error,optimizer_proxy_relative_squared_error,allocator_dual_iterations,allocator_local_downgrades,allocator_selected_payload_bytes,allocator_block_count,sensitivity_weight_min,sensitivity_weight_max
0,19481600,4881845,3.9906223978844064,527.5695829999997,35.21640018905337,8.018799277266755,0.0,,0.9999167156409663,8.328435904870378e-05,8.328435904870378e-05,40,0,4872135,347,1.0,1.0
1,19481600,4881845,3.9906223978844064,326.4340000000003,56.91533836089372,8.018799277266755,0.0,,0.9999160467184527,8.395328157457864e-05,8.794486999670819e-05,40,0,4872135,347,259860.2286455378,3099629103033.6436
2,19481600,4881845,3.9906223978844064,382.17066700000004,48.61467183848519,8.018799277266755,0.0,,0.9999147878192357,8.521218083591017e-05,8.71910999834246e-05,40,0,4872135,347,126203.6566895913,1118750431109.243
3,19481600,4881845,3.9906223978844064,290.94937499999986,63.85681894831364,8.018799277266755,0.0,,0.9999158164552422,8.41835448077286e-05,8.671232800874772e-05,40,0,4872135,347,89101.12044360212,799253245971.4816
4,19481600,4881845,3.9906223978844064,281.3007089999999,66.04711957018212,8.018799277266755,0.0,,0.9999172882099235,8.271179006743764e-05,8.646156681445015e-05,40,0,4872135,347,68853.18142218985,624221116353.3065
5,19481600,4881845,3.9906223978844064,291.5595419999999,63.723181327058086,8.018799277266755,0.0,,0.9999154117997527,8.458820025105029e-05,8.758413684013996e-05,40,0,4872135,347,58503.134657662056,508060335858.30597
6,19481600,4881845,3.9906223978844064,298.5137920000001,62.23867057539504,8.018799277266755,0.0,,0.9999166381792144,8.33618208778502e-05,8.775381024257099e-05,40,0,4872135,347,51576.36361062886,442525097818.30536
7,19481600,4881845,3.9906223978844064,300.1414999999996,61.901141836433894,8.018799277266755,0.0,,0.9999206136311642,7.938636887965924e-05,8.6764953477475e-05,40,0,4872135,347,47166.08687772789,392406782497.2057
8,19481600,4881845,3.9906223978844064,303.45187499999946,61.22585850721809,8.018799277266755,0.0,,0.9999201225267957,7.987747317336055e-05,8.90645443270177e-05,40,0,4872135,347,44846.740066090046,318003240345.37665
9,19481600,4881845,3.9906223978844064,298.32466700000015,62.27812721399934,8.018799277266755,0.0,,0.9999190507814881,8.094921852090505e-05,8.805330422394754e-05,40,0,4872135,347,43305.24586862933,242246946538.02292
10,19481600,4881845,3.9906223978844064,342.93204200000014,54.1772108962043,8.018799277266755,0.0,,0.9999198098949342,8.01901050537307e-05,8.964046157813294e-05,40,0,4872135,347,42514.082405259265,229424943425.8902
11,19481600,4881845,3.9906223978844064,306.75279200000017,60.56701698252184,8.018799277266755,0.0,,0.9999239485325627,7.605146748622831e-05,8.843375278234484e-05,40,0,4872135,347,41604.146633565964,187148406604.14194
12,19481600,4881845,3.9906223978844064,297.39054099999953,62.4737474837844,8.018799277266755,0.0,,0.9999202308977965,7.976910224838417e-05,8.869605741764889e-05,40,0,4872135,347,41379.84713282789,180254854030.46387
13,19481600,4881845,3.9906223978844064,307.42949999999956,60.43369801043825,8.018799277266755,0.0,,0.9999180128978988,8.198710205646456e-05,8.813168075031353e-05,40,0,4872135,347,41873.5866445976,177640137243.91275
14,19481600,4881845,3.9906223978844064,295.2742499999994,62.92150962198714,8.018799277266755,0.0,,0.9999197792136243,8.022078633570841e-05,8.692119440655901e-05,40,0,4872135,347,42800.44307169476,183187206435.7866
15,19481600,4881845,3.9906223978844064,280.7281249999995,66.181831843532,8.018799277266755,0.0,,0.9999221220281784,7.787797181138709e-05,8.623009951665836e-05,40,0,4872135,347,43940.94124799681,167055943752.50607
16,19481600,4881845,3.9906223978844064,298.7439580000002,62.190719058826915,8.018799277266755,0.0,,0.9999220607954464,7.793920457166874e-05,8.793163319509165e-05,40,0,4872135,347,45365.67889519698,156139821974.4803
17,19481600,4881845,3.9906223978844064,408.00183399999935,45.53680894115792,8.018799277266755,0.0,,0.9999242441972914,7.575580276349912e-05,8.718419349853178e-05,40,0,4872135,347,46999.16289823919,144993413773.7078
18,19481600,4881845,3.9906223978844064,353.87883299999953,52.50130787703831,8.018799277266755,0.0,,0.999921183538201,7.88164617795143e-05,8.781053297336191e-05,40,0,4872135,347,48695.04383457251,148259346227.61813
19,19481600,4881845,3.9906223978844064,323.5121250000006,57.429382476777235,8.018799277266755,0.0,,0.9999225022048942,7.749779509543915e-05,8.804074636127075e-05,40,0,4872135,347,50733.08868488377,151767343942.91342
20,19481600,4881845,3.9906223978844064,290.6029589999992,63.9329400720247,8.018799277266755,0.0,,0.9999122231633586,8.777683668633368e-05,8.976500911607186e-05,40,0,4872135,347,52821.75483462831,157604396895.80472
21,19481600,4881845,3.9906223978844064,301.25395800000024,61.67255589219507,8.018799277266755,0.0,,0.9999112054578644,8.879454212566187e-05,8.815834706877692e-05,40,0,4872135,347,55174.875788119774,163939318671.7823
22,19481600,4881845,3.9906223978844064,296.3751250000008,62.68778988283834,8.018799277266755,0.0,,0.9999099808363159,9.001916368493924e-05,8.784347056260446e-05,40,0,4872135,347,57700.7831548606,170758259644.69327
23,19481600,4881845,3.9906223978844064,294.0394160000004,63.18575181260724,8.018799277266755,0.0,,0.9999128065067494,8.719349322017358e-05,8.796569351835905e-05,40,0,4872135,347,58821.230071447906,178467963158.96207
24,19481600,4881845,3.9906223978844064,289.6926670000006,64.13383450434374,8.018799277266755,0.0,,0.999906401886911,9.359811321248096e-05,8.918040921620835e-05,40,0,4872135,347,55954.91678725865,186237539505.76877
25,19481600,4881845,3.9906223978844064,313.64816700000017,59.23548586368747,8.018799277266755,0.0,,0.9999147860262303,8.521397373267785e-05,8.728798315492406e-05,40,0,4872135,347,52962.09369362731,195590959091.06558
26,19481600,4881845,3.9906223978844064,330.3671249999986,56.23774327575747,8.018799277266755,0.0,,0.9999144348898162,8.556511021576456e-05,8.844049270105198e-05,40,0,4872135,347,50817.00237497679,205504388076.22906
27,19481600,4881845,3.9906223978844064,298.3583340000013,62.27109969886049,8.018799277266755,0.0,,0.9999164864330192,8.351356693065714e-05,8.878301330479614e-05,40,0,4872135,347,48540.9436993749,214897521000.58136
28,19481600,4881845,3.9906223978844064,316.0876249999998,58.77832630271436,8.018799277266755,0.0,,0.9999089560395437,9.104396048228481e-05,8.941864645235901e-05,40,0,4872135,347,46450.262414308294,226050298210.23712
29,19481600,4881845,3.9906223978844064,334.5935830000002,55.52736964025993,8.018799277266755,0.0,,0.9999197834102919,8.021658982286667e-05,8.797689546292424e-05,40,0,4872135,347,44450.64081249682,237813448565.38687
30,19481600,4881845,3.9906223978844064,291.43583299999955,63.7502306125137,8.018799277266755,0.0,,0.9999226158585248,7.738414150242259e-05,8.597249846512562e-05,40,0,4872135,347,42748.9023916258,250127791574.1178
31,19481600,4881845,3.9906223978844064,286.49787500000025,64.84900302489149,8.018799277266755,0.0,,0.9999241121090163,7.588789098431465e-05,8.654441081979203e-05,40,0,4872135,347,41124.46157962365,263012681308.5713
32,19481600,4881845,3.9906223978844064,297.0602910000011,62.54320124698165,8.018799277266755,0.0,,0.999925040315907,7.495968413783636e-05,8.679540643733749e-05,40,0,4872135,347,39965.50364066232,276626156255.95874
33,19481600,4881845,3.9906223978844064,299.49220800000023,62.035342043022325,8.018799277266755,0.0,,0.9999231774405886,7.682255947191544e-05,8.761962961462163e-05,40,0,4872135,347,38760.08701972735,290996953040.3428
34,19481600,4881845,3.9906223978844064,305.99966700000004,60.71608425149037,8.018799277266755,0.0,,0.9999258343896507,7.416561022161885e-05,8.664763384927199e-05,40,0,4872135,347,37668.76930874277,305791383285.55176
35,19481600,4881845,3.9906223978844064,296.394166999999,62.68376247262674,8.018799277266755,0.0,,0.9999281930586749,7.180694130073978e-05,8.802746464410583e-05,40,0,4872135,347,36710.37048741113,321703436071.7417
36,19481600,4881845,3.9906223978844064,301.22850000000057,61.67776808137333,8.018799277266755,0.0,,0.9999302355500741,6.976444982827991e-05,8.639245305267977e-05,40,0,4872135,347,35729.15588229423,338283007786.62164
37,19481600,4881845,3.9906223978844064,289.9871669999996,64.0687026074503,8.018799277266755,0.0,,0.9999267580231824,7.32419767792532e-05,8.630448923626556e-05,40,0,4872135,347,35058.98145847819,355912871596.5899
38,19481600,4881845,3.9906223978844064,357.12020799999954,52.024783661920424,8.018799277266755,0.0,,0.9999249216716587,7.507832826110558e-05,8.720588113838367e-05,40,0,4872135,347,34204.368150712,374355017403.55023
39,19481600,4881845,3.9906223978844064,377.07241600000077,49.271972104424535,8.018799277266755,0.0,,0.9999242059097542,7.57940902770856e-05,8.799154445454278e-05,40,0,4872135,347,33588.58430908049,393851981809.6713
40,19481600,4881845,3.9906223978844064,343.87141700000257,54.02921162970594,8.018799277266755,0.0,,0.9999191836458722,8.081635408181283e-05,8.792708584221298e-05,40,0,4872135,347,32953.39479782653,414104733319.94946
41,19481600,4881845,3.9906223978844064,285.63829100000146,65.04415601093169,8.018799277266755,0.0,,0.9999231709836343,7.682901637946811e-05,8.666469307750463e-05,40,0,4872135,347,32220.404751311373,435504583842.98395
42,19481600,4881845,3.9906223978844064,295.9032080000021,62.78776660812635,8.018799277266755,0.0,,0.9999231819459375,7.681805404059631e-05,8.70039034078209e-05,40,0,4872135,347,31456.676059873873,458156332778.828
43,19481600,4881845,3.9906223978844064,392.1472500000007,47.37787033442149,8.018799277266755,0.0,,0.9999255427208428,7.445727921739077e-05,8.859574077835568e-05,40,0,4872135,347,30836.479699330455,481866075770.6565
44,19481600,4881845,3.9906223978844064,308.2404590000003,60.274701195211954,8.018799277266755,0.0,,0.9999151355882023,8.486441187938155e-05,8.939633588221261e-05,40,0,4872135,347,30333.429027426744,507000575760.47943
45,19481600,4881845,3.9906223978844064,324.705625,57.218292915313675,8.018799277266755,0.0,,0.9999269487851531,7.305121483381971e-05,8.77816685120672e-05,40,0,4872135,347,29709.730163009295,533390560605.6484
46,19481600,4881845,3.9906223978844064,318.2574999999979,58.37757653001147,8.018799277266755,0.0,,0.9999218697506477,7.813024932332487e-05,8.802437364659265e-05,40,0,4872135,347,29433.20458952079,561205264150.9641
47,19481600,4881845,3.9906223978844064,355.59291699999915,52.24823294919579,8.018799277266755,0.0,,0.9999207713191962,7.922868077739852e-05,8.736431089340314e-05,40,0,4872135,347,29332.119882455587,590310199623.5281
48,19481600,4881845,3.9906223978844064,317.3678330000023,58.541224505571954,8.018799277266755,0.0,,0.999920868248979,7.913175111573344e-05,8.905250153052077e-05,40,0,4872135,347,28965.728400508102,620876068696.8119
49,19481600,4881845,3.9906223978844064,325.0630829999999,57.1553724004396,8.018799277266755,0.0,,0.9999250370290599,7.49629708599745e-05,8.827319132194608e-05,40,0,4872135,347,28663.188043953487,652687547791.355
50,19481600,4881845,3.9906223978844064,321.99354099999766,57.700230584749946,8.018799277266755,0.0,,0.9999293802709733,7.061972901573378e-05,8.972957264779089e-05,40,0,4872135,347,28178.906513326685,683396330977.6282
51,19481600,4881845,3.9906223978844064,342.67499999999984,54.217849456482114,8.018799277266755,0.0,,0.9999349041752762,6.50958247409052e-05,8.712458595502543e-05,40,0,4872135,347,27693.72165209521,710346735355.8972
52,19481600,4881845,3.9906223978844064,348.71466599999934,53.27880750074342,8.018799277266755,0.0,,0.9999122689334115,8.773106663527463e-05,9.030563353386557e-05,40,0,4872135,347,27917.23699045544,696541624176.5396
53,19481600,4881845,3.9906223978844064,323.63537500000206,57.407511655670774,8.018799277266755,0.0,,0.9999067916544812,9.320834549190835e-05,8.660483645508835e-05,40,0,4872135,347,27608.591955798987,557047504424.3984
54,19481600,4881845,3.9906223978844064,366.9353750000006,50.63317092962206,8.018799277266755,0.0,,0.999916917604896,8.308239514258394e-05,8.977014315460505e-05,40,0,4872135,347,27396.653381080167,359080046842.55756
55,19481600,4881845,3.9906223978844064,299.307958,62.073530174897655,8.018799277266755,0.0,,0.999916974327077,8.302567296151466e-05,9.06306181050941e-05,40,0,4872135,347,27099.634834705495,176654359049.6257
56,19481600,4898229,3.9772742352388994,327.6106249999984,56.710924935661325,8.04571123521682,0.0,,0.9999748765765504,2.5123423437920096e-05,8.961393381371609e-05,40,1,4888519,347,27399.59831550949,131221672284.67482
57,19481600,4881845,3.9906223978844064,318.64858400000173,58.305928522500196,8.018799277266755,0.0,,0.9999024569108288,9.75430891186563e-05,8.831349625961342e-05,40,0,4872135,347,27243.708007215995,130449428598.64763
58,19481600,4898229,3.9772742352388994,311.8088329999971,59.584910997374394,8.04571123521682,0.0,,0.9999710428570416,2.8957142984193588e-05,8.916477775454508e-05,40,0,4888519,347,27029.72811532164,130576628965.43544
59,19481600,4881845,3.9906223978844064,296.74487499999816,62.60967965327158,8.018799277266755,0.0,,0.9999209871238525,7.901287618499132e-05,8.815771459227658e-05,40,0,4872135,347,26903.11441451179,105995541197.93243
60,19481600,4881845,3.9906223978844064,296.74316699999895,62.61004002326385,8.018799277266755,0.0,,0.9999171331359401,8.286686405667357e-05,8.84148916777773e-05,40,0,4872135,347,27465.726147790872,95624170824.46043
61,19481600,4881845,3.9906223978844064,302.7366250000014,61.37051162045528,8.018799277266755,0.0,,0.9999042089825602,9.579101745646019e-05,8.901586244754682e-05,40,0,4872135,347,27771.464542021193,76965078769.11394
62,19481600,4881845,3.9906223978844064,293.3667910000004,63.330622730573396,8.018799277266755,0.0,,0.9999058223614068,9.417763865792413e-05,8.789812247878835e-05,40,0,4872135,347,27616.830778401574,65569344665.56748
63,19481600,4881845,3.9906223978844064,322.2631249999992,57.65196239098111,8.018799277266755,0.0,,0.9999177510996367,8.224890035568714e-05,8.929158066639879e-05,40,0,4872135,347,27513.997683294117,53758356677.67682
64,19481600,4881845,3.9906223978844064,286.9482499999982,64.74722031760122,8.018799277266755,0.0,,0.9999207412697536,7.925873033665155e-05,8.718427204080427e-05,40,0,4872135,347,27408.24426195114,47347753115.68552
65,19481600,4881845,3.9906223978844064,320.211834000002,58.02128338111291,8.018799277266755,0.0,,0.9999027469795568,9.725302054750242e-05,8.816002915689593e-05,40,0,4872135,347,27800.930616748363,43136320755.21155
66,19481600,4881845,3.9906223978844064,301.6919999999992,61.583010363218285,8.018799277266755,0.0,,0.999925258784984,7.474121510880121e-05,8.799827097391192e-05,40,0,4872135,347,27839.738102441886,42849071405.2785
67,19481600,4881845,3.9906223978844064,305.92083399999837,60.73173023090052,8.018799277266755,0.0,,0.9999145490045624,8.54509954240802e-05,8.796961881608404e-05,40,0,4872135,347,27868.141523181755,36639517681.06115
68,19481600,4881845,3.9906223978844064,288.3767089999978,64.42649833589766,8.018799277266755,0.0,,0.9999263336331805,7.366636686962143e-05,8.714232215550663e-05,40,0,4872135,347,27930.803939543952,31823970126.754356
69,19481600,4881845,3.9906223978844064,297.80554200000256,62.386688433420225,8.018799277266755,0.0,,0.9999149052747358,8.509472529455607e-05,8.94388687668779e-05,40,0,4872135,347,28161.521907614784,28585282193.09939
70,19481600,4881845,3.9906223978844064,312.5457919999981,59.44441434841047,8.018799277266755,0.0,,0.9999177290848287,8.227091517633685e-05,8.781940892359805e-05,40,0,4872135,347,28129.457242296703,27652205911.648136
71,19481600,4881845,3.9906223978844064,311.73983399999724,59.59809923585243,8.018799277266755,0.0,,0.9999248254851976,7.51745148494945e-05,8.820302815907244e-05,40,0,4872135,347,28180.40567526444,27802216357.662605
72,19481600,4881845,3.9906223978844064,313.3287499999966,59.29587234653763,8.018799277266755,0.0,,0.999915242809131,8.475719087336947e-05,8.745424157199733e-05,40,0,4872135,347,28132.80357463974,25983584594.919952
73,19481600,4881845,3.9906223978844064,291.89462500000116,63.65002974104071,8.018799277266755,0.0,,0.9999212440820919,7.875591792636225e-05,8.811790089402324e-05,40,0,4872135,347,28541.431957049186,24576281880.46959
74,19481600,4898229,3.9772742352388994,299.00633300000123,62.13614733872517,8.04571123521682,0.0,,0.999951006284163,4.89937158619024e-05,8.748859150250007e-05,40,0,4888519,347,29116.19131268786,25062445882.187588
75,19481600,4881845,3.9906223978844064,298.78112499999787,62.18298281894525,8.018799277266755,0.0,,0.9999211222690242,7.88777309838316e-05,8.683689756937887e-05,40,0,4872135,347,29368.32900614667,23745096669.75213
76,19481600,4881845,3.9906223978844064,322.5273340000001,57.60473486721592,8.018799277266755,0.0,,0.9999174898116124,8.2510188388954e-05,8.800257674553495e-05,40,0,4872135,347,29900.876593588222,19695292502.19179
77,19481600,4881845,3.9906223978844064,288.96645900000095,64.29501066246563,8.018799277266755,0.0,,0.9999185313043716,8.146869563236376e-05,8.761823805739483e-05,40,0,4872135,347,30475.081699115908,17025895005.648046
78,19481600,4881845,3.9906223978844064,286.02016600000013,64.95731340320945,8.018799277266755,0.0,,0.999923551568082,7.644843196524802e-05,8.89756402881379e-05,40,0,4872135,347,30892.239325579925,16122931262.720934
79,19481600,4881845,3.9906223978844064,318.9659579999997,58.247913598666905,8.018799277266755,0.0,,0.9999176461619383,8.235383800231679e-05,8.708699723852736e-05,40,0,4872135,347,31168.798944311522,15627920690.753866
80,19481600,4881845,3.9906223978844064,291.2747499999995,63.78548625481623,8.018799277266755,0.0,,0.9999182237491546,8.177625085618916e-05,8.796795946813403e-05,40,0,4872135,347,31798.852409297982,14682224220.887636
81,19481600,4881845,3.9906223978844064,324.55333300000075,57.24514177920938,8.018799277266755,0.0,,0.9999229931158041,7.700688417315596e-05,8.654007389449298e-05,40,0,4872135,347,32476.323665552474,14600773413.683783
82,19481600,4881845,3.9906223978844064,295.16991600000256,62.94375054976755,8.018799277266755,0.0,,0.9999049823167728,9.501768326405596e-05,8.907011462186594e-05,40,0,4872135,347,32343.904439431746,13556621130.314089
83,19481600,4881845,3.9906223978844064,301.3530410000058,61.652278340538274,8.018799277266755,0.0,,0.9999204997150107,7.950028505225253e-05,8.99452896178125e-05,40,0,4872135,347,32206.49723695626,13826153750.764528
84,19481600,4881845,3.9906223978844064,320.38949999999744,57.98910876448869,8.018799277266755,0.0,,0.9999226050600807,7.739493984108274e-05,8.923325245057647e-05,40,0,4872135,347,31931.282007630663,13593092090.591438
85,19481600,4881845,3.9906223978844064,331.086875000004,56.11548800446945,8.018799277266755,0.0,,0.9999215561203539,7.844387968851696e-05,8.878095486604065e-05,40,0,4872135,347,30024.809216814687,11653371374.564133
86,19481600,4881845,3.9906223978844064,295.1074579999968,62.957072276025634,8.018799277266755,0.0,,0.9999243356863002,7.566431373643443e-05,8.869945974188807e-05,40,0,4872135,347,27682.40854169724,11326490644.385492
87,19481600,4881845,3.9906223978844064,311.3724999999974,59.66840861829531,8.018799277266755,0.0,,0.9999239089850056,7.609101498794098e-05,8.77553719693372e-05,40,0,4872135,347,27601.768763039297,10875439227.478428
88,19481600,4881845,3.9906223978844064,309.7373339999976,59.98341020943941,8.018799277266755,0.0,,0.9999228399766492,7.716002331423703e-05,8.78420782657476e-05,40,0,4872135,347,26175.308998972378,10263674187.347517
89,19481600,4881845,3.9906223978844064,292.38204199999984,63.54392162874357,8.018799277266755,0.0,,0.9999176823611101,8.231763892167939e-05,8.806356191967069e-05,40,0,4872135,347,25243.79433649882,9412369939.839293
90,19481600,4881845,3.9906223978844064,296.86229200000014,62.58491584542503,8.018799277266755,0.0,,0.9999244419557919,7.555804426080491e-05,8.794455085575687e-05,40,0,4872135,347,22894.68443143042,9192471457.77803
91,19481600,4881845,3.9906223978844064,304.55945799999995,61.003200112406304,8.018799277266755,0.0,,0.9999126095358827,8.73904641214562e-05,8.902493368767368e-05,40,0,4872135,347,21446.224268785187,8708333080.610458
92,19481600,4881845,3.9906223978844064,325.172000000002,57.13622809620719,8.018799277266755,0.0,,0.9999207483455441,7.925165447234067e-05,8.870466152848359e-05,40,0,4872135,347,21331.090115769934,8526184239.852839
93,19481600,4881845,3.9906223978844064,305.7882499999991,60.75806236014646,8.018799277266755,0.0,,0.99991912291042,8.08770895478174e-05,9.00159342779683e-05,40,0,4872135,347,19655.644127218635,8374572154.618878
94,19481600,4881845,3.9906223978844064,310.5225830000009,59.83172425980994,8.018799277266755,0.0,,0.9999103558745697,8.964412546892237e-05,8.885188762922504e-05,40,0,4872135,347,19282.20653740269,8350757906.014344
95,19481600,4881845,3.9906223978844064,315.1851249999993,58.94663195955089,8.018799277266755,0.0,,0.9999220448866921,7.795511332967188e-05,8.672002800672885e-05,40,0,4872135,347,18386.637708701895,8151740195.982186
96,19481600,4881845,3.9906223978844064,293.55112500000047,63.29085457430957,8.018799277266755,0.0,,0.999907985505807,9.201449414986663e-05,8.808207631643282e-05,40,0,4872135,347,18322.54016809253,7832350823.306116
97,19481600,4881845,3.9906223978844064,315.1079579999987,58.96106743994094,8.018799277266755,0.0,,0.9999215188638461,7.848113612168133e-05,8.785710957198203e-05,40,0,4872135,347,17918.434670646948,7576552407.597658
98,19481600,4881845,3.9906223978844064,309.4934579999986,60.03067619768584,8.018799277266755,0.0,,0.9999159470898084,8.405291018763838e-05,8.941184552383354e-05,40,0,4872135,347,17807.229527083517,6268708131.414303
99,19481600,4881845,3.9906223978844064,315.5025830000042,58.88731998907201,8.018799277266755,0.0,,0.999919157304093,8.084269593385505e-05,8.94713343657778e-05,40,0,4872135,347,17397.186699580845,6167724990.145107
100,19481600,4881845,3.9906223978844064,308.6278749999991,60.19903925560857,8.018799277266755,0.0,,0.9999200212749688,7.997872504661622e-05,8.861965473426985e-05,40,0,4872135,347,17699.25888987189,6290454286.937496
101,19481600,4881845,3.9906223978844064,296.49775000000034,62.661863580752225,8.018799277266755,0.0,,0.9999194370373318,8.056296267991363e-05,8.784672168217486e-05,40,0,4872135,347,17786.918508247407,6347514796.339132
102,19481600,4881845,3.9906223978844064,303.48854200000375,61.21846129696643,8.018799277266755,0.0,,0.999921049747465,7.895025256814578e-05,8.765661807258176e-05,40,0,4872135,347,17675.34918386242,6302557365.144192
103,19481600,4881845,3.9906223978844064,311.96691699999946,59.55471734363433,8.018799277266755,0.0,,0.999917812758046,8.218724196800109e-05,8.872925983719233e-05,40,0,4872135,347,17392.998810287852,5850730355.959123
104,19481600,4881845,3.9906223978844064,295.1498749999999,62.94802449941748,8.018799277266755,0.0,,0.9999146960637266,8.53039363204195e-05,8.896807953453683e-05,40,0,4872135,347,17523.186116457196,5973289782.65368
105,19481600,4881845,3.9906223978844064,289.50575000000356,64.1752419856938,8.018799277266755,0.0,,0.999915621557272,8.437844274510432e-05,8.851630343643168e-05,40,0,4872135,347,17749.31468603049,5740981993.284263
106,19481600,4881845,3.9906223978844064,304.4762910000003,61.019862996491845,8.018799277266755,0.0,,0.9999215490334205,7.845096658249026e-05,8.746017652859681e-05,40,0,4872135,347,17733.455934742033,5798385676.473042
107,19481600,4881845,3.9906223978844064,299.2549579999988,62.084523800939245,8.018799277266755,0.0,,0.9999113920370789,8.860796292470849e-05,8.911933128494628e-05,40,0,4872135,347,17320.672666576873,5646878527.647195
108,19481600,4881845,3.9906223978844064,292.3057909999969,63.560497720348614,8.018799277266755,0.0,,0.999924567400443,7.543259961415976e-05,8.987454616676767e-05,40,0,4872135,347,17307.437645555077,5679790861.23618
109,19481600,4881845,3.9906223978844064,311.1416670000011,59.71267603480421,8.018799277266755,0.0,,0.9999188875363302,8.11124638035808e-05,8.786885108368751e-05,40,0,4872135,347,17699.909423654597,5806989261.278826
110,19481600,4881845,3.9906223978844064,296.08333299999856,62.74956909681941,8.018799277266755,0.0,,0.9999162980849204,8.370191509278908e-05,8.88994977763299e-05,40,0,4872135,347,17380.465599251875,5849252498.851426
111,19481600,4881845,3.9906223978844064,296.33479200000323,62.696322079183325,8.018799277266755,0.0,,0.9999174031190879,8.259688093314449e-05,8.662795631057451e-05,40,0,4872135,347,17381.135518597235,5964969119.807919
112,19481600,4881845,3.9906223978844064,295.77516700000217,62.81494741747492,8.018799277266755,0.0,,0.9999163330046453,8.366699541575776e-05,8.92497786968635e-05,40,0,4872135,347,17775.06343609067,6044015967.864535
113,19481600,4881845,3.9906223978844064,288.4797500000005,64.40348607657893,8.018799277266755,0.0,,0.9999248144076631,7.518559238752893e-05,8.60505441926757e-05,40,0,4872135,347,17357.480716610105,6013687103.70894
114,19481600,4881845,3.9906223978844064,292.85608300000376,63.4410641984164,8.018799277266755,0.0,,0.9999257796184523,7.422038151675524e-05,8.665344775744223e-05,40,0,4872135,347,17202.219948904294,5864193098.971473
115,19481600,4881845,3.9906223978844064,307.50224999999887,60.41940038650146,8.018799277266755,0.0,,0.9999176098406151,8.239015936120993e-05,8.761083566587103e-05,40,0,4872135,347,17176.108919267852,5379586027.521863
116,19481600,4881845,3.9906223978844064,297.7935830000007,62.38919380106306,8.018799277266755,0.0,,0.9999117602387432,8.823976123907347e-05,8.999590083641345e-05,40,0,4872135,347,17177.09479380085,4976599654.211083
117,19481600,4881845,3.9906223978844064,327.037040999997,56.81038914029366,8.018799277266755,0.0,,0.9999187372121501,8.126278778860113e-05,8.790777860174112e-05,40,0,4872135,347,17478.377035524703,5017068418.140943
118,19481600,4881845,3.9906223978844064,299.74166599999563,61.98371354384969,8.018799277266755,0.0,,0.9999163430097362,8.365699029196411e-05,8.901726213068073e-05,40,0,4872135,347,17016.54512809028,5034632916.499617
119,19481600,4881845,3.9906223978844064,305.7403330000028,60.767584636927275,8.018799277266755,0.0,,0.9999252588483566,7.474115163413748e-05,8.70711269874053e-05,40,0,4872135,347,17718.66031553181,5102151528.192435
120,19481600,4881845,3.9906223978844064,292.31104099999783,63.55935615343431,8.018799277266755,0.0,,0.9999193553725673,8.064462741405906e-05,8.640362116754563e-05,40,0,4872135,347,17136.901757639636,5003527286.963283
121,19481600,4881845,3.9906223978844064,304.9618749999965,60.92270242796813,8.018799277266755,0.0,,0.9999011341235626,9.886587639185456e-05,8.848742134257874e-05,40,0,4872135,347,17253.57004754089,5000664494.9914665
122,19481600,4881845,3.9906223978844064,337.32200000000034,55.07823848577911,8.018799277266755,0.0,,0.999923755520665,7.624447927839294e-05,8.769587527044365e-05,40,0,4872135,347,17247.402976811583,4779459241.333056
123,19481600,4881845,3.9906223978844064,389.6460839999989,47.68199226275312,8.018799277266755,0.0,,0.9999200826289781,7.991737102384114e-05,8.779346968921244e-05,40,0,4872135,347,16960.117427524023,4736833842.485611
124,19481600,4881845,3.9906223978844064,395.07462499999946,47.02681566172473,8.018799277266755,0.0,,0.9999226195930747,7.738040692378783e-05,8.81214617277261e-05,40,0,4872135,347,16909.235678184657,4450133983.201236
125,19481600,4881845,3.9906223978844064,325.8989159999999,57.00878600805167,8.018799277266755,0.0,,0.9999200918360533,7.99081638616127e-05,8.738662112524415e-05,40,0,4872135,347,16211.911160182168,4415865993.98976
126,19481600,4881845,3.9906223978844064,298.50979100000075,62.23950477557352,8.018799277266755,0.0,,0.9999212996501858,7.870034988558761e-05,8.828596064887689e-05,40,0,4872135,347,15899.44038953876,4477588532.293741
127,19481600,4881845,3.9906223978844064,349.5005839999976,53.159000050483826,8.018799277266755,0.0,,0.9999183508014226,8.164919868559225e-05,8.953276460876118e-05,40,0,4872135,347,15669.77633516897,4367327125.041275
128,19481600,4881845,3.9906223978844064,411.56512500000275,45.14255565871835,8.018799277266755,0.0,,0.9999212522180326,7.874778199203444e-05,8.771664150030618e-05,40,0,4872135,347,15582.386961889719,3942867524.422586
129,19481600,4881845,3.9906223978844064,338.04141699999946,54.96102142566758,8.018799277266755,0.0,,0.9999145211795715,8.547882048217783e-05,8.838692812247493e-05,40,0,4872135,347,16092.87559547178,3912326340.0020328
130,19481600,4881845,3.9906223978844064,332.6904159999984,55.84501587355643,8.018799277266755,0.0,,0.9999190637955405,8.093620449032147e-05,8.72402012603943e-05,40,0,4872135,347,16390.851385862556,3961262710.906058
131,19481600,4881845,3.9906223978844064,356.42191600000217,52.12670918502073,8.018799277266755,0.0,,0.9999159901366865,8.40098633345838e-05,8.801821288928859e-05,40,0,4872135,347,15606.182775198173,3928144663.1172566
132,19481600,4881845,3.9906223978844064,330.2623330000003,56.25558747112703,8.018799277266755,0.0,,0.9999187069204571,8.129307955891337e-05,8.81809015620964e-05,40,0,4872135,347,16068.411761893894,3901468242.102714
133,19481600,4881845,3.9906223978844064,319.3488329999994,58.178078773502314,8.018799277266755,0.0,,0.999918064565185,8.193543484963091e-05,8.813119153571109e-05,40,0,4872135,347,15277.267118087666,3779100076.3363585
134,19481600,4881845,3.9906223978844064,283.8060420000019,65.46408043878034,8.018799277266755,0.0,,0.9999066704611644,9.332953891129703e-05,8.868624610934299e-05,40,0,4872135,347,15836.953966078892,3916122285.0866275
135,19481600,4881845,3.9906223978844064,337.1961249999984,55.098799141004626,8.018799277266755,0.0,,0.9999185320812354,8.146791877757969e-05,8.907744833341828e-05,40,0,4872135,347,16088.427620655633,3891716978.332602
136,19481600,4881845,3.9906223978844064,332.641541000001,55.8532211781088,8.018799277266755,0.0,,0.9999205411100494,7.945888993569527e-05,8.874168023808664e-05,40,0,4872135,347,16453.89630050805,3974407399.037027
137,19481600,4881845,3.9906223978844064,364.55945899999875,50.963158694231176,8.018799277266755,0.0,,0.9999230450786118,7.695492141895163e-05,8.861507102393289e-05,40,0,4872135,347,16897.85372595059,3847677101.8154445
138,19481600,4881845,3.9906223978844064,401.00650000000115,46.331173091957226,8.018799277266755,0.0,,0.9999122107036941,8.77892963085168e-05,8.91630370891238e-05,40,0,4872135,347,17249.844966882098,3560378864.8466444
139,19481600,4881845,3.9906223978844064,442.8735830000008,41.95125262754714,8.018799277266755,0.0,,0.9999146672548759,8.533274513253724e-05,8.76653043024823e-05,40,0,4872135,347,17505.931076876688,3592971359.576007
140,19481600,4881845,3.9906223978844064,433.1224579999997,42.89572433692647,8.018799277266755,0.0,,0.9999134058989175,8.659410102200689e-05,8.914635994456193e-05,40,0,4872135,347,17740.255624158268,3470793458.921559
141,19481600,4881845,3.9906223978844064,415.74283300000303,44.688928077083325,8.018799277266755,0.0,,0.9999108506674197,8.914933264734948e-05,9.043248941679048e-05,40,0,4872135,347,17849.874299903935,3431564947.293043
142,19481600,4881845,3.9906223978844064,334.00241700000066,55.62565004581977,8.018799277266755,0.0,,0.9999234345878327,7.656541217964932e-05,8.663719543308615e-05,40,0,4872135,347,18158.99075773918,3422352743.610114
143,19481600,4881845,3.9906223978844064,317.461583999993,58.523936434779486,8.018799277266755,0.0,,0.9999090168199308,9.098318006078697e-05,8.891001619108795e-05,40,0,4872135,347,18428.630145913994,3049369072.7147503
144,19481600,4881845,3.9906223978844064,310.1397499999976,59.90557986359421,8.018799277266755,0.0,,0.9999076026809383,9.239731908537877e-05,8.890522268981017e-05,40,0,4872135,347,18960.32978559097,3014428067.7196765
145,19481600,4881845,3.9906223978844064,289.93441599999414,64.08035934064611,8.018799277266755,0.0,,0.9999162059238493,8.379407616948969e-05,8.94186569816818e-05,40,0,4872135,347,18581.46573912009,2957158208.0792575
146,19481600,4881845,3.9906223978844064,293.38912499999736,63.325801740266165,8.018799277266755,0.0,,0.9999210089380467,7.899106202135232e-05,8.723487682681515e-05,40,0,4872135,347,18554.973862051444,2971417263.084878
147,19481600,4881845,3.9906223978844064,299.4956250000058,62.0346342705328,8.018799277266755,0.0,,0.9999192557361699,8.074426384730549e-05,8.875547780732046e-05,40,0,4872135,347,18659.644238101966,2969365382.259064
148,19481600,4881845,3.9906223978844064,300.5915420000065,61.80846419989954,8.018799277266755,0.0,,0.99991540845111,8.459154890812904e-05,8.917988505133702e-05,40,0,4872135,347,17968.621844466437,2948343286.085698
149,19481600,4881845,3.9906223978844064,334.3019169999977,55.575815206887164,8.018799277266755,0.0,,0.9999197637268691,8.023627313781549e-05,8.894973800734156e-05,40,0,4872135,347,18049.16275875594,2981490612.7478437
150,19481600,4881845,3.9906223978844064,307.93537499999957,60.33441777353455,8.018799277266755,0.0,,0.9999164094931765,8.359050687510595e-05,8.837136791780016e-05,40,0,4872135,347,18682.629529084385,3069305522.3253303
151,19481600,4881845,3.9906223978844064,297.7582500000011,62.39659711359779,8.018799277266755,0.0,,0.9999210146272849,7.898537273006496e-05,8.74408591634559e-05,40,0,4872135,347,19089.896078928898,3089560423.549849
152,19481600,4881845,3.9906223978844064,296.12508299999973,62.74072217820203,8.018799277266755,0.0,,0.9999137380602346,8.626193979663967e-05,8.702965246820297e-05,40,0,4872135,347,19645.175705024638,3167035331.268637
153,19481600,4881845,3.9906223978844064,324.02158299999684,57.33908645986765,8.018799277266755,0.0,,0.999918512933751,8.148706624724898e-05,8.785489590663729e-05,40,0,4872135,347,19149.16264892311,3142088242.0880585
154,19481600,4881845,3.9906223978844064,288.2296249999996,64.45937527240659,8.018799277266755,0.0,,0.9999090434876635,9.095651234496553e-05,8.778942655849085e-05,40,0,4872135,347,18625.593015766877,3055127371.7879972
155,19481600,4881845,3.9906223978844064,387.7246659999969,47.91828632976409,8.018799277266755,0.0,,0.9999162242599435,8.377574004228158e-05,8.899272657900783e-05,40,0,4872135,347,19162.540387896966,3087865535.7218103
156,19481600,4881845,3.9906223978844064,317.64370900000216,58.49038100263422,8.018799277266755,0.0,,0.9999203811191528,7.961888083033553e-05,8.789968361248608e-05,40,0,4872135,347,19137.845240934614,2797808904.3381505
157,19481600,4881845,3.9906223978844064,307.8034580000022,60.36027562269904,8.018799277266755,0.0,,0.9999190511044405,8.094889559933864e-05,8.964733612017598e-05,40,0,4872135,347,19293.85014737393,2765737575.382027
158,19481600,4881845,3.9906223978844064,423.2365829999978,43.8976740403844,8.018799277266755,0.0,,0.9999163520581621,8.364794178608616e-05,8.896406932819802e-05,40,0,4872135,347,18462.731816044314,2704503316.3604283
159,19481600,4881845,3.9906223978844064,368.2690830000013,50.44979994288561,8.018799277266755,0.0,,0.9999133311751511,8.666882483433457e-05,8.887991766974216e-05,40,0,4872135,347,18322.515746749734,2481128780.718966
160,19481600,4881845,3.9906223978844064,302.04770800000347,61.51048682183606,8.018799277266755,0.0,,0.9999294601777395,7.053982227239196e-05,8.780963997739683e-05,40,0,4872135,347,18286.121576856058,2488639143.6510835
161,19481600,4881845,3.9906223978844064,354.15762500000625,52.45997897828593,8.018799277266755,0.0,,0.9999215661841766,7.84338158493394e-05,8.73785931034464e-05,40,0,4872135,347,17638.438941287695,2361877044.1024785
162,19481600,4881845,3.9906223978844064,315.93958300000224,58.805868470427995,8.018799277266755,0.0,,0.9999208081390818,7.919186091234904e-05,8.716836822935342e-05,40,0,4872135,347,17299.97671221061,2319941619.425062
163,19481600,4881845,3.9906223978844064,337.8557910000026,54.99121831687016,8.018799277266755,0.0,,0.9999219663278336,7.803367216244775e-05,8.782967059371694e-05,40,0,4872135,347,17142.681996967665,2050723050.8319788
164,19481600,4881845,3.9906223978844064,324.05541700000384,57.33309979663071,8.018799277266755,0.0,,0.9999244230228235,7.557697724803676e-05,9.002214813027111e-05,40,0,4872135,347,17055.013177085446,1927469554.0454373
165,19481600,4881845,3.9906223978844064,313.5021249999994,59.26308015456047,8.018799277266755,0.0,,0.9999144950402281,8.550495982889825e-05,8.928497036067681e-05,40,0,4872135,347,17557.29699823739,1920495210.793132
166,19481600,4881845,3.9906223978844064,306.65975000000145,60.58539329827247,8.018799277266755,0.0,,0.9999180612651162,8.19387347997277e-05,8.789992884919114e-05,40,0,4872135,347,17619.49944584124,1855071083.6470246
167,19481600,4881845,3.9906223978844064,296.1274999999972,62.740210086871954,8.018799277266755,0.0,,0.9999135507995689,8.644920041242816e-05,8.891011597355266e-05,40,0,4872135,347,17308.07020016583,1762090310.0611045
168,19481600,4881845,3.9906223978844064,331.5743339999955,56.032990667185516,8.018799277266755,0.0,,0.9999226018024578,7.739819759287928e-05,8.967970785464302e-05,40,0,4872135,347,17655.458850439507,1793890012.8200555
169,19481600,4881845,3.9906223978844064,301.27399999999227,61.66845317717585,8.018799277266755,0.0,,0.9999230477615947,7.695223843528025e-05,8.753121957244543e-05,40,0,4872135,347,17458.43978948,1777328875.6235867
170,19481600,4881845,3.9906223978844064,296.42358400001,62.6775417522088,8.018799277266755,0.0,,0.9999133777776702,8.662222230622929e-05,8.742788021680645e-05,40,0,4872135,347,16894.834962204437,1752876692.9895747
171,19481600,4881845,3.9906223978844064,339.1551250000049,54.78054197913044,8.018799277266755,0.0,,0.9999243163384084,7.56836616023443e-05,8.890097371409799e-05,40,0,4872135,347,16882.41758341025,1802918425.750365
172,19481600,4881845,3.9906223978844064,322.43687499999396,57.62089575672866,8.018799277266755,0.0,,0.9999246828279604,7.53171721117043e-05,8.770332247094141e-05,40,0,4872135,347,17177.160801385944,1795367191.2800686
173,19481600,4881845,3.9906223978844064,339.19116699999563,54.77472107196777,8.018799277266755,0.0,,0.9999171666210055,8.283337899475711e-05,8.85855018020932e-05,40,0,4872135,347,17461.39582304048,1814254197.8416445
174,19481600,4881845,3.9906223978844064,334.0440000000058,55.618725564595316,8.018799277266755,0.0,,0.9999218053763248,7.819462368736315e-05,8.736298304126087e-05,40,0,4872135,347,16994.142869533414,1790316041.429575
175,19481600,4881845,3.9906223978844064,389.8084169999976,47.66213542921039,8.018799277266755,0.0,,0.9999178941295196,8.21058704979938e-05,8.801723907161943e-05,40,0,4872135,347,17191.924773511582,1751442627.026526
176,19481600,4881845,3.9906223978844064,309.121042000001,60.10299862569672,8.018799277266755,0.0,,0.999917837558016,8.216244198853135e-05,8.848781774236618e-05,40,0,4872135,347,17508.94727330251,1796106595.9001918
177,19481600,4881845,3.9906223978844064,315.16899999999737,58.94964784766317,8.018799277266755,0.0,,0.9999196246298832,8.037537013885597e-05,8.732654785961433e-05,40,0,4872135,347,17509.948101498143,1836690937.436387
178,19481600,4881845,3.9906223978844064,332.29816600000106,55.91093621172721,8.018799277266755,0.0,,0.9999211364982915,7.886350177951696e-05,8.775308446150153e-05,40,0,4872135,347,17934.526322428635,1834071289.1198099
179,19481600,4881845,3.9906223978844064,296.76983299999904,62.60441425156599,8.018799277266755,0.0,,0.9999258375045031,7.416249546314855e-05,8.975882603734087e-05,40,0,4872135,347,18166.54887658295,1903775252.7640734
180,19481600,4881845,3.9906223978844064,302.82741700000315,61.35211186145608,8.018799277266755,0.0,,0.999926548891658,7.345110835228187e-05,8.719082830539691e-05,40,0,4872135,347,17854.04861257125,1854748105.5837686
181,19481600,4881845,3.9906223978844064,296.3312499999944,62.69707147828773,8.018799277266755,0.0,,0.9999261382387444,7.386176134069205e-05,8.773990130740506e-05,40,0,4872135,347,18177.26944291084,1806049383.3933616
182,19481600,4881845,3.9906223978844064,295.9854159999935,62.77032771945901,8.018799277266755,0.0,,0.9999149841841805,8.50158157358229e-05,8.783539489788054e-05,40,0,4872135,347,17938.25062486654,1819715438.7172794
183,19481600,4881845,3.9906223978844064,357.58554100000595,51.95708280190135,8.018799277266755,0.0,,0.9999194341687538,8.056583130939355e-05,8.783338903906489e-05,40,0,4872135,347,17879.587337276334,1736449550.9743967
184,19481600,4881845,3.9906223978844064,302.1812909999966,61.48329534570759,8.018799277266755,0.0,,0.9999169947815587,8.300521849560383e-05,8.747164714941364e-05,40,0,4872135,347,18243.192651892216,1788344554.289162
185,19481600,4881845,3.9906223978844064,319.01870800000154,58.238282259295936,8.018799277266755,0.0,,0.9999158033011212,8.419669894025765e-05,8.855922715505389e-05,40,0,4872135,347,18486.81894953835,1828121257.8667061
186,19481600,4881845,3.9906223978844064,290.4950409999998,63.95669095948531,8.018799277266755,0.0,,0.9999174620602671,8.253793970830482e-05,8.757028201300406e-05,40,0,4872135,347,18780.79829533155,1742065793.3771358
187,19481600,4881845,3.9906223978844064,318.24512499999,58.379846549104506,8.018799277266755,0.0,,0.999919066862397,8.093313762264836e-05,8.868216800150084e-05,40,0,4872135,347,19343.2018777899,1754247092.5594823
188,19481600,4881845,3.9906223978844064,296.2744580000134,62.70908969985918,8.018799277266755,0.0,,0.9999183878869347,8.161211306420141e-05,8.746371106294447e-05,40,0,4872135,347,19840.21634468784,1698794083.1650074
189,19481600,4881845,3.9906223978844064,293.5198329999906,63.29760198010399,8.018799277266755,0.0,,0.9999146957643392,8.530423563641786e-05,8.946467517701385e-05,40,0,4872135,347,19752.040082219635,1730735038.1030633
190,19481600,4881845,3.9906223978844064,307.86454200000435,60.34829942351639,8.018799277266755,0.0,,0.999914584606925,8.541539313755908e-05,8.757058428472026e-05,40,0,4872135,347,20601.273642325195,1789555003.8861742
191,19481600,4881845,3.9906223978844064,291.13441600000556,63.81623243917561,8.018799277266755,0.0,,0.9999114436274499,8.855637254359517e-05,9.055032973594251e-05,40,0,4872135,347,19862.428884810717,1810275998.4000468
192,19481600,4881845,3.9906223978844064,303.0656250000021,61.303889421638864,8.018799277266755,0.0,,0.9999149327066313,8.50672933445892e-05,8.582753193992489e-05,40,0,4872135,347,19550.61732817426,1736796182.388242
193,19481600,4881845,3.9906223978844064,312.799708,59.39616018599352,8.018799277266755,0.0,,0.9999220300532433,7.796994681688771e-05,8.903663482438983e-05,40,0,4872135,347,19842.24541463754,1782422723.8587403
194,19481600,4881845,3.9906223978844064,316.3365839999983,58.73206736815524,8.018799277266755,0.0,,0.9999185495015873,8.145049848511427e-05,8.951559604422222e-05,40,0,4872135,347,19854.73573712129,1722326023.0711398
195,19481600,4881845,3.9906223978844064,304.44491600000845,61.02615148449214,8.018799277266755,0.0,,0.9999137340092555,8.626599074139421e-05,8.91928371722727e-05,40,0,4872135,347,20333.981085256462,1685976529.3120964
196,19481600,4881845,3.9906223978844064,341.09941700000945,54.46828882296062,8.018799277266755,0.0,,0.9999157990243892,8.420097560961027e-05,8.898120279576741e-05,40,0,4872135,347,20584.875861985176,1710037253.4055731
197,19481600,4881845,3.9906223978844064,313.9939170000048,59.17025953881685,8.018799277266755,0.0,,0.9999214338639213,7.856613609438715e-05,8.769519551607373e-05,40,0,4872135,347,21183.304364197895,1752605174.8113115
198,19481600,4881845,3.9906223978844064,302.2199580000091,61.475428973818595,8.018799277266755,0.0,,0.9999180974262614,8.190257377015857e-05,9.029561805744157e-05,40,0,4872135,347,21947.16212440345,1741472025.4172866
199,19481600,4881845,3.9906223978844064,346.30450000000224,53.6496105667119,8.018799277266755,0.0,,0.9999091121577516,9.088784227146268e-05,8.766228595640423e-05,40,0,4872135,347,22650.04996780333,1758056615.2338846
200,19481600,4881845,3.9906223978844064,296.6273749999999,62.63448059202225,8.018799277266755,0.0,,0.9999200407825793,7.995921743939152e-05,8.845369699685288e-05,40,0,4872135,347,21984.74833854975,1651259835.1764717
201,19481600,4881845,3.9906223978844064,344.39308400000357,53.94737126167089,8.018799277266755,0.0,,0.9999171770893986,8.282291061278174e-05,8.722474339458225e-05,40,0,4872135,347,22384.587713551755,1694996676.3737571
202,19481600,4881845,3.9906223978844064,294.49304199999915,63.08842285822173,8.018799277266755,0.0,,0.9999128801725132,8.711982746123243e-05,8.799848055265112e-05,40,0,4872135,347,22599.509451676844,1708012397.109107
203,19481600,4881845,3.9906223978844064,413.06224999999586,44.97893855587187,8.018799277266755,0.0,,0.9999175095176457,8.24904824169915e-05,8.70262624191968e-05,40,0,4872135,347,22747.074730067343,1660608977.5119517
204,19481600,4881845,3.9906223978844064,378.72200000001044,49.05736018108134,8.018799277266755,0.0,,0.9999143440572068,8.565594281347042e-05,8.85114802869573e-05,40,0,4872135,347,22564.08410680394,1666887992.2103326
205,19481600,4881845,3.9906223978844064,341.7358330000013,54.36685231220669,8.018799277266755,0.0,,0.9999184050955786,8.159490441004519e-05,8.748423818040184e-05,40,0,4872135,347,23127.755556105152,1656665294.7903032
206,19481600,4881845,3.9906223978844064,305.92774999999506,60.73035729024353,8.018799277266755,0.0,,0.9999215105068616,7.848949315840968e-05,8.685293797943486e-05,40,0,4872135,347,22687.564417921243,1629412933.44006
207,19481600,4881845,3.9906223978844064,295.12433300000396,62.953472435293065,8.018799277266755,0.0,,0.9999141812802501,8.581871978851844e-05,8.770998514349427e-05,40,0,4872135,347,23154.866015026582,1658342538.5874994
208,19481600,4881845,3.9906223978844064,287.69566700000837,64.57901071725026,8.018799277266755,0.0,,0.9999254933429904,7.450665703593902e-05,8.789308603695455e-05,40,0,4872135,347,23753.95678418619,1661431692.8018029
209,19481600,4881845,3.9906223978844064,328.9798330000053,56.47489511157877,8.018799277266755,0.0,,0.9999131007700343,8.689922997535416e-05,8.742287999790245e-05,40,0,4872135,347,23770.377102077247,1615424659.9637725
210,19481600,4881845,3.9906223978844064,296.340291000007,62.69515866305051,8.018799277266755,0.0,,0.9999228527150318,7.71472849860637e-05,8.768735443511792e-05,40,0,4872135,347,23852.983625968456,1594810147.8451016
211,19481600,4881845,3.9906223978844064,283.33462499999484,65.57300069661567,8.018799277266755,0.0,,0.9999203789419562,7.962105800635797e-05,8.995564595941332e-05,40,0,4872135,347,23841.931598383697,1576893664.1050854
212,19481600,4881845,3.9906223978844064,295.6633339999968,62.838706819494234,8.018799277266755,0.0,,0.9999244501021484,7.554989786147762e-05,8.786007555369897e-05,40,0,4872135,347,24275.97284719437,1592979006.4442716
213,19481600,4881845,3.9906223978844064,289.8815829999961,64.0920384462653,8.018799277266755,0.0,,0.9999142757482505,8.57242517684762e-05,8.778694460370902e-05,40,0,4872135,347,24798.876938335765,1591696171.0839972
214,19481600,4881845,3.9906223978844064,324.7645410000075,57.2079128629365,8.018799277266755,0.0,,0.9999175261278869,8.24738721537873e-05,8.930274730632921e-05,40,0,4872135,347,25086.671883386847,1586045762.267321
215,19481600,4881845,3.9906223978844064,315.965625000004,58.80102166968246,8.018799277266755,0.0,,0.9999251082816061,7.489171841741087e-05,8.884438295218485e-05,40,0,4872135,347,25066.620518704498,1612553927.9984126
216,19481600,4881845,3.9906223978844064,296.33854200000087,62.69552869197806,8.018799277266755,0.0,,0.9999127114938199,8.728850624306908e-05,8.929642011016684e-05,40,0,4872135,347,24630.742062375233,1560867072.524104
217,19481600,4881845,3.9906223978844064,319.31908299999634,58.1834990503847,8.018799277266755,0.0,,0.9999242916241718,7.57083758487013e-05,8.803717420420859e-05,40,0,4872135,347,24716.515537319174,1492197564.1749754
218,19481600,4881845,3.9906223978844064,299.5476660000094,62.02385687258007,8.018799277266755,0.0,,0.9999223022417671,7.769775829096646e-05,8.706363015179434e-05,40,0,4872135,347,25481.905614415726,1487747852.2269251
219,19481600,4881845,3.9906223978844064,325.1853330000074,57.13388544033619,8.018799277266755,0.0,,0.9999257071413181,7.429285866351257e-05,8.642967345948468e-05,40,0,4872135,347,25640.6356148696,1498352836.6553571
220,19481600,4881845,3.9906223978844064,332.0350839999975,55.95523623190416,8.018799277266755,0.0,,0.9999199568935785,8.004310646232622e-05,8.870268399549882e-05,40,0,4872135,347,26118.069954548497,1531520637.351704
221,19481600,4881845,3.9906223978844064,304.3538329999933,61.04441458603352,8.018799277266755,0.0,,0.9999113715138694,8.862848615716446e-05,8.851774171254615e-05,40,0,4872135,347,26665.667554027466,1466849473.4056125
222,19481600,4881845,3.9906223978844064,361.06141700000194,51.45690092525145,8.018799277266755,0.0,,0.9999120012511409,8.799874884423019e-05,8.90748923120066e-05,40,0,4872135,347,26811.60402800773,1425188404.961584
223,19481600,4881845,3.9906223978844064,325.9695830000027,56.996427063870705,8.018799277266755,0.0,,0.9999117231660325,8.827683404069199e-05,8.767865372309407e-05,40,0,4872135,347,27704.75852797873,1465146257.9971716
224,19481600,4881845,3.9906223978844064,295.50362499999494,62.8726688632003,8.018799277266755,0.0,,0.9999003797095465,9.962029045341398e-05,8.843409411371625e-05,40,0,4872135,347,27974.31686354905,1472423197.030463
225,19481600,4881845,3.9906223978844064,315.7132499999875,58.84802605687514,8.018799277266755,0.0,,0.9999109575573614,8.904244269203684e-05,8.864044248370842e-05,40,0,4872135,347,28834.166799467075,1504867318.7830758
226,19481600,4881845,3.9906223978844064,309.05162499999506,60.11649853806883,8.018799277266755,0.0,,0.9999177683562842,8.223164372691327e-05,8.771247832084001e-05,40,0,4872135,347,29620.726230526132,1526141734.3648498
227,19481600,4881845,3.9906223978844064,330.1757920000057,56.27033238857099,8.018799277266755,0.0,,0.9999155503763868,8.444962367936887e-05,8.781129766152629e-05,40,0,4872135,347,30728.013530455628,1566414947.3229728
228,19481600,4881845,3.9906223978844064,293.1771249999997,63.3715934096155,8.018799277266755,0.0,,0.9999185058213622,8.149417862790536e-05,8.802936712227555e-05,40,0,4872135,347,30246.75434203427,1519198907.8787093
229,19481600,4882101,3.9904131438493384,292.14208300000166,63.596115190634464,8.019219776609724,0.0,,0.9999007015848027,9.92984152141863e-05,8.902223520845496e-05,40,1,4872391,347,31251.78698582363,1548750694.6383262
230,19481600,4881845,3.9906223978844064,283.7657080000042,65.47338539757497,8.018799277266755,0.0,,0.9999218072380326,7.819276192265497e-05,8.858279607765452e-05,40,0,4872135,347,31462.712389956858,1551574123.8693922
231,19481600,4881845,3.9906223978844064,301.78420800000083,61.56419411614788,8.018799277266755,0.0,,0.9999211580627024,7.88419372814449e-05,8.72436548799045e-05,40,0,4872135,347,31177.951790203973,1553966016.7041945
232,19481600,4881845,3.9906223978844064,306.77079100000526,60.563463366040224,8.018799277266755,0.0,,0.9999190441346281,8.095586537999175e-05,9.011637702429543e-05,40,0,4872135,347,30857.791088130503,1521922495.559367
233,19481600,4881845,3.9906223978844064,314.48450000000605,59.0779563460191,8.018799277266755,0.0,,0.9999128030843055,8.719691572615697e-05,8.915170101385817e-05,40,0,4872135,347,30984.506854905812,1522685773.852755
234,19481600,4881845,3.9906223978844064,307.028540999994,60.51262042931821,8.018799277266755,0.0,,0.9999156228426404,8.437715736389588e-05,8.72092808586665e-05,40,0,4872135,347,31108.619721528456,1543805095.0282354
235,19481600,4881845,3.9906223978844064,294.0726669999947,63.178607355917016,8.018799277266755,0.0,,0.9999089357412431,9.106425878509434e-05,8.783740069982103e-05,40,0,4872135,347,29756.614516343725,1583156325.0957856
236,19481600,4881845,3.9906223978844064,290.7255410000005,63.90598328098036,8.018799277266755,0.0,,0.9999189489978176,8.105100220266121e-05,8.682585569405283e-05,40,0,4872135,347,29247.004468601917,1527759652.8098178
237,19481600,4881845,3.9906223978844064,306.95470900001,60.527175566149715,8.018799277266755,0.0,,0.9999167335985504,8.326640144546625e-05,8.897890113917245e-05,40,0,4872135,347,26037.389194534862,1464412356.616806
238,19481600,4881845,3.9906223978844064,297.00800000000527,62.55421255487957,8.018799277266755,0.0,,0.9999162936181574,8.370638188499256e-05,8.959444927682643e-05,40,0,4872135,347,26406.885116436457,1480511966.9925697
239,19481600,4881845,3.9906223978844064,297.59291599999926,62.43126285472483,8.018799277266755,0.0,,0.9999168124645172,8.318753552346019e-05,8.897310148638562e-05,40,0,4872135,347,26709.609712055957,1471585398.7744944
240,19481600,4881845,3.9906223978844064,306.59462500000245,60.59826248584707,8.018799277266755,0.0,,0.9999146510560615,8.53489439404904e-05,8.838182757751928e-05,40,0,4872135,347,27496.897289365355,1506429055.4505725
241,19481600,4881845,3.9906223978844064,294.8592909999945,63.010059813581876,8.018799277266755,0.0,,0.9999167198818509,8.328011821402954e-05,8.73341920004428e-05,40,0,4872135,347,27063.768582296394,1454252893.689999
242,19481600,4881845,3.9906223978844064,301.7289579999982,61.575467219490776,8.018799277266755,0.0,,0.9999129306741269,8.706932577504209e-05,8.867045305517622e-05,40,0,4872135,347,27847.04734350707,1471705425.5083768
243,19481600,4881845,3.9906223978844064,291.3739579999941,63.763768354687265,8.018799277266755,0.0,,0.9999106536725324,8.93463275119595e-05,8.983932179755432e-05,40,0,4872135,347,28039.842452510293,1467120797.4511924
244,19481600,4881845,3.9906223978844064,303.1663339999966,61.28352484712306,8.018799277266755,0.0,,0.999919768400855,8.023159918421942e-05,8.867043314383072e-05,40,0,4872135,347,28417.354552677403,1465971726.3299048
245,19481600,4881845,3.9906223978844064,297.82720800000106,62.38214999651722,8.018799277266755,0.0,,0.9999205804443227,7.941955570451538e-05,8.898449166075505e-05,40,0,4872135,347,28992.530454577984,1487013160.1957304
246,19481600,4881845,3.9906223978844064,323.79945800001053,57.378420820270165,8.018799277266755,0.0,,0.9999172491946083,8.275080529897443e-05,8.69865961628988e-05,40,0,4872135,347,29996.74854418408,1523673173.5350366
247,19481600,4881845,3.9906223978844064,347.49616700000274,53.465630205065985,8.018799277266755,0.0,,0.9999051195792253,9.488042075524109e-05,8.726970806889805e-05,40,0,4872135,347,30512.23371233877,1538086626.4683177
248,19481600,4881845,3.9906223978844064,303.33379200000365,61.24969275595835,8.018799277266755,0.0,,0.9999141282128282,8.58717871931769e-05,8.76776121027687e-05,40,0,4872135,347,31144.76216281158,1539744322.5627308
249,19481600,4881845,3.9906223978844064,308.153125000004,60.29178371142515,8.018799277266755,0.0,,0.9999234914378404,7.650856213282238e-05,8.821302834364363e-05,40,0,4872135,347,31899.744229451797,1586950671.8467755
250,19481600,4881845,3.9906223978844064,308.8113330000084,60.16327633448444,8.018799277266755,0.0,,0.9999132392812433,8.676071878235147e-05,8.86834005183937e-05,40,0,4872135,347,32273.405636779135,1575680377.0746062
251,19481600,4881845,3.9906223978844064,306.0996659999944,60.69624905275245,8.018799277266755,0.0,,0.9999194161899972,8.0583809949238e-05,8.904329157023849e-05,40,0,4872135,347,33098.322668895984,1584080813.869641
252,19481600,4881845,3.9906223978844064,361.92775000000665,51.333730454488936,8.018799277266755,0.0,,0.9999151255403442,8.487445962739273e-05,8.78844802058633e-05,40,0,4872135,347,33076.973250031595,1567900420.4381428
253,19481600,4881845,3.9906223978844064,343.5512500000044,54.07956327476544,8.018799277266755,0.0,,0.9999166624145871,8.333758542369757e-05,8.869777853329207e-05,40,0,4872135,347,33141.47050171121,1564499957.7729084
254,19481600,4881845,3.9906223978844064,328.03241700000285,56.63800465945973,8.018799277266755,0.0,,0.9999146202269065,8.537977313877513e-05,8.942566156531814e-05,40,0,4872135,347,33953.93094991906,1582553290.357016
255,19481600,4881845,3.9906223978844064,306.2436669999897,60.66770864032471,8.018799277266755,0.0,,0.999922611273478,7.738872655545333e-05,8.810315497302617e-05,40,0,4872135,347,34237.276059971984,1561636793.7804334
256,19481600,4881845,3.9906223978844064,326.6276250000004,56.881598923238585,8.018799277266755,0.0,,0.9999201278300929,7.987216993034778e-05,8.811781082412594e-05,40,0,4872135,347,32767.007097200127,1542160198.8844914
257,19481600,4881845,3.9906223978844064,482.8539169999999,38.47768633199263,8.018799277266755,0.0,,0.9999201115080526,7.988849199841066e-05,8.587833023748435e-05,40,0,4872135,347,33286.39305878936,1532009805.07246
258,19481600,4881845,3.9906223978844064,396.17524999999887,46.89616921425569,8.018799277266755,0.0,,0.9999230177153654,7.698228467227821e-05,8.726735737117022e-05,40,0,4872135,347,30108.016603217187,1427980838.1041782
259,19481600,4881845,3.9906223978844064,367.76450000000693,50.519018454743865,8.018799277266755,0.0,,0.9999149619985729,8.50380014486808e-05,8.777808577481916e-05,40,0,4872135,347,31140.74549366211,1454401263.8924453
260,19481600,4898229,3.9772742352388994,299.93987500000685,61.942752901725974,8.04571123521682,0.0,,0.9999465178156705,5.348218438155496e-05,8.709722004665022e-05,40,0,4888519,347,31905.58442474176,1481457559.4984615
261,19481600,4881845,3.9906223978844064,332.2601250000048,55.917337545393785,8.018799277266755,0.0,,0.9999121483832742,8.785161674309756e-05,8.847837362768881e-05,40,0,4872135,347,31640.45377123627,1362033997.8838139
262,19481600,4881845,3.9906223978844064,341.45266699999866,54.41193863189264,8.018799277266755,0.0,,0.9999192286710626,8.077132892587466e-05,8.874224219911108e-05,40,0,4872135,347,31124.97886323976,1381899426.5883331
263,19481600,4881845,3.9906223978844064,309.60349999999437,60.00933956657576,8.018799277266755,0.0,,0.9999122008796681,8.779912032046136e-05,8.933785087268563e-05,40,0,4872135,347,31860.500791252132,1385791024.690799
264,19481600,4881845,3.9906223978844064,295.9641249999976,62.774843277036204,8.018799277266755,0.0,,0.9999195708308968,8.042916915378264e-05,8.784850372733555e-05,40,0,4872135,347,31408.608265579205,1316637918.0186543
265,19481600,4881845,3.9906223978844064,306.4624579999986,60.62439648806865,8.018799277266755,0.0,,0.999908984821747,9.101517824629745e-05,8.901937485794931e-05,40,0,4872135,347,30508.280758506033,1306819315.0708404
266,19481600,4881845,3.9906223978844064,334.96024999999463,55.46658614716313,8.018799277266755,0.0,,0.9999117348506773,8.826514937415149e-05,8.884785073310915e-05,40,0,4872135,347,29480.328508081442,1285559305.0879202
267,19481600,4881845,3.9906223978844064,319.2259160000077,58.20048007161032,8.018799277266755,0.0,,0.9999199837148458,8.001628499256386e-05,8.859555430228415e-05,40,0,4872135,347,30069.018881015487,1172193303.537281
268,19481600,4881845,3.9906223978844064,355.70816599999944,52.23130458719924,8.018799277266755,0.0,,0.9999219094402321,7.80905597351067e-05,8.795390946720982e-05,40,0,4872135,347,29309.399873128357,1060363060.934454
269,19481600,4881845,3.9906223978844064,344.49450000001036,53.93148965367935,8.018799277266755,0.0,,0.9999226439050078,7.735609498218799e-05,8.68293197627199e-05,40,0,4872135,347,29237.24804067227,1089522443.2997084
270,19481600,4881845,3.9906223978844064,309.7184159999955,59.987074073439246,8.018799277266755,0.0,,0.9999159559978088,8.40440021855025e-05,8.885253944446803e-05,40,0,4872135,347,29247.256472062178,1094458922.3406727
271,19481600,4881845,3.9906223978844064,351.55650000000094,52.84812416354114,8.018799277266755,0.0,,0.9999159075814076,8.409241852111423e-05,8.913564328398102e-05,40,0,4872135,347,30076.698912711057,1110307456.8681
272,19481600,4881845,3.9906223978844064,336.8365830000073,55.15761202962802,8.018799277266755,0.0,,0.999910691592588,8.93084074489745e-05,8.900949243049218e-05,40,0,4872135,347,30126.18817642725,1068905597.1103549
273,19481600,4881845,3.9906223978844064,310.3382500000009,59.8672627769859,8.018799277266755,0.0,,0.9999171831561142,8.281684388554342e-05,8.836954558345127e-05,40,0,4872135,347,31348.232646420027,1093286213.5048392
274,19481600,4881845,3.9906223978844064,312.3802499999897,59.475916171078715,8.018799277266755,0.0,,0.9999229953559423,7.700464412942307e-05,8.857150276123094e-05,40,0,4872135,347,32560.674801822282,1131024736.4846091
275,19481600,4881845,3.9906223978844064,292.55845900000566,63.505603721065675,8.018799277266755,0.0,,0.9999256631388973,7.433686113952191e-05,8.868635293482233e-05,40,0,4872135,347,33734.81140188484,1164456511.393253
276,19481600,4881845,3.9906223978844064,290.3717080000092,63.98385603909941,8.018799277266755,0.0,,0.9999202620563667,7.973794364894224e-05,8.878311288948938e-05,40,0,4872135,347,34555.89482352526,1162076975.721123
277,19481600,4881845,3.9906223978844064,305.8152499999949,60.752698115938664,8.018799277266755,0.0,,0.9999148073957678,8.519260429064117e-05,8.912461814780539e-05,40,0,4872135,347,35452.755336220565,1179951994.7566462
278,19481600,4881845,3.9906223978844064,304.78008300001136,60.95904095708021,8.018799277266755,0.0,,0.9999228771389687,7.712286104912001e-05,8.789606088683414e-05,40,0,4872135,347,35668.16778007318,1204835129.2579434
279,19481600,4881845,3.9906223978844064,290.46066700000495,63.96425978908767,8.018799277266755,0.0,,0.9999175238734408,8.247612651470441e-05,8.734717992167775e-05,40,0,4872135,347,35143.5295763642,1226160175.7047708
280,19481600,4881845,3.9906223978844064,304.54679199999646,61.00573721525268,8.018799277266755,0.0,,0.9999045424011626,9.545759892484583e-05,8.892694179446511e-05,40,0,4872135,347,34904.96883210446,1224806434.8670459
281,19481600,4881845,3.9906223978844064,465.00670899999363,39.95448066212794,8.018799277266755,0.0,,0.9999090679433761,9.093205661337558e-05,8.845180254405495e-05,40,0,4872135,347,34410.94682182396,1238664243.2671034
282,19481600,4881845,3.9906223978844064,323.9763330000045,57.34709504999472,8.018799277266755,0.0,,0.9999164228773937,8.357712262644236e-05,8.890205582294208e-05,40,0,4872135,347,33704.69186786475,1240041241.8068755
283,19481600,4881845,3.9906223978844064,310.14662500000156,59.90425194051332,8.018799277266755,0.0,,0.9999147417593274,8.525824068892471e-05,8.858741790872713e-05,40,0,4872135,347,32497.452521324176,1268358075.3199909
284,19481600,4881845,3.9906223978844064,316.12541699999497,58.77129950136308,8.018799277266755,0.0,,0.9999180160933356,8.198390660768902e-05,8.889174485917835e-05,40,0,4872135,347,32637.29209475822,1261053825.33048
285,19481600,4881845,3.9906223978844064,366.34045800001047,50.715396448239055,8.018799277266755,0.0,,0.9999128391682977,8.716083164472399e-05,8.871647768578593e-05,40,0,4872135,347,33230.73326045035,1293982914.3984032
286,19481600,4881845,3.9906223978844064,378.7210419999951,49.05748427493036,8.018799277266755,0.0,,0.9999194025286473,8.059747143945745e-05,8.74074469384194e-05,40,0,4872135,347,33127.90435606729,1311916626.8630714
287,19481600,4881845,3.9906223978844064,311.81412499999794,59.58389974315667,8.018799277266755,0.0,,0.9999126041056544,8.73958943563812e-05,8.797228629514669e-05,40,0,4872135,347,33577.117358521944,1318859103.6849205
288,19481600,4881845,3.9906223978844064,347.44074999998986,53.474158003920216,8.018799277266755,0.0,,0.999911418293007,8.858170710243854e-05,8.885211296885936e-05,40,0,4872135,347,34400.577435739135,1336694064.0402474
289,19481600,4881845,3.9906223978844064,338.68733300000997,54.85620438748281,8.018799277266755,0.0,,0.9999181510329139,8.184896701919797e-05,9.021982705229487e-05,40,0,4872135,347,35363.87585883304,1360118513.984811
290,19481600,4881845,3.9906223978844064,318.486374999992,58.33562444390429,8.018799277266755,0.0,,0.9999235609228933,7.643907702941841e-05,8.711840796030942e-05,40,0,4872135,347,35656.77027594509,1394649453.5612848
291,19481600,4881845,3.9906223978844064,296.4149999999961,62.679356856097854,8.018799277266755,0.0,,0.9999125669903951,8.743300964389864e-05,8.603016052931224e-05,40,0,4872135,347,36358.41683263953,1400788266.7647855
292,19481600,4881845,3.9906223978844064,321.23766700000544,57.83599954515821,8.018799277266755,0.0,,0.9999154319950123,8.456800502461185e-05,8.754309983371986e-05,40,0,4872135,347,35646.8745344623,1390938087.5590446
293,19481600,4881845,3.9906223978844064,314.03737499999806,59.162071274160006,8.018799277266755,0.0,,0.9999110216161183,8.89783839519285e-05,9.06572347323382e-05,40,0,4872135,347,36898.142904420856,1425745142.6636672
294,19481600,4881845,3.9906223978844064,323.2009169999941,57.48468084482675,8.018799277266755,0.0,,0.9999187029779538,8.129702202814907e-05,8.931170245129352e-05,40,0,4872135,347,36966.85872504083,1448230984.0808544
295,19481600,4881845,3.9906223978844064,310.82075000000486,59.77432833071701,8.018799277266755,0.0,,0.9999212234471637,7.877655281013102e-05,8.717096173556116e-05,40,0,4872135,347,37926.97180122657,1447669291.9941676
296,19481600,4881845,3.9906223978844064,349.47725000000673,53.162549386260885,8.018799277266755,0.0,,0.9999164780199854,8.352197997006853e-05,8.900473758722748e-05,40,0,4872135,347,38316.677583545636,1433416965.083525
297,19481600,4881845,3.9906223978844064,370.0501249999917,50.2069863170575,8.018799277266755,0.0,,0.9999159627281038,8.403727192921838e-05,8.90245515775581e-05,40,0,4872135,347,37732.444328958445,1423778552.127458
298,19481600,4881845,3.9906223978844064,348.4420829999948,53.32048701620314,8.018799277266755,0.0,,0.9999191723200792,8.082767990534859e-05,8.858823329287971e-05,40,0,4872135,347,37932.806027729115,1433471279.190718
299,19481600,4881845,3.9906223978844064,327.9563749999994,56.651137098646224,8.018799277266755,0.0,,0.9999113908066978,8.860919334146464e-05,8.717468290336224e-05,40,0,4872135,347,38328.52213680541,1458789622.9992485
300,19481600,4881845,3.9906223978844064,390.57662499999424,47.568390869525984,8.018799277266755,0.0,,0.999920614093295,7.938590672348594e-05,8.793772958086748e-05,40,0,4872135,347,39383.446817122844,1472941804.1032116
301,19481600,4881845,3.9906223978844064,333.9990829999948,55.62620530458249,8.018799277266755,0.0,,0.9999162326459097,8.376735413712881e-05,8.891916355932851e-05,40,0,4872135,347,37444.23122804884,1494455201.1708112
302,19481600,4881845,3.9906223978844064,349.878082999993,53.10164444481757,8.018799277266755,0.0,,0.999916586191367,8.341380858498588e-05,8.897347797449073e-05,40,0,4872135,347,36763.39947536623,1485398179.3066518
303,19481600,4881845,3.9906223978844064,290.63250000000096,63.92644168322517,8.018799277266755,0.0,,0.9999055114659897,9.448853404197353e-05,8.855803827850514e-05,40,0,4872135,347,37552.52994917057,1494235797.574447
304,19481600,4881845,3.9906223978844064,346.53616600000703,53.61374478443218,8.018799277266755,0.0,,0.9999175333048889,8.24666951236709e-05,8.855054847871183e-05,40,0,4872135,347,37829.30934325428,1467891070.7034326
305,19481600,4881845,3.9906223978844064,348.93387500000017,53.24533641940035,8.018799277266755,0.0,,0.9999240141338304,7.598586615014545e-05,8.764330727923794e-05,40,0,4872135,347,38538.67337136834,1457708403.4635036
306,19481600,4881845,3.9906223978844064,313.11358300000336,59.33661958861683,8.018799277266755,0.0,,0.9999110217604532,8.8978239512565e-05,8.79270321874915e-05,40,0,4872135,347,38800.801445321136,1420662717.5667586
307,19481600,4881845,3.9906223978844064,342.5718750000044,54.23417074883851,8.018799277266755,0.0,,0.9999184563101025,8.15436898181411e-05,9.073711666323625e-05,40,0,4872135,347,39355.97484504031,1423319489.8553836
308,19481600,4881845,3.9906223978844064,305.9344589999995,60.72902550183152,8.018799277266755,0.0,,0.9999202770407125,7.972295932574259e-05,8.827019446989317e-05,40,0,4872135,347,38260.86159742043,1438419731.176061
309,19481600,4881845,3.9906223978844064,318.75116700000206,58.287164051386455,8.018799277266755,0.0,,0.9999180408970418,8.195910298485107e-05,8.697214037266975e-05,40,0,4872135,347,36381.62695305019,1443357962.5075989
310,19481600,4881845,3.9906223978844064,513.6645420000008,36.16971786715224,8.018799277266755,0.0,,0.9999200754994616,7.992450054458846e-05,8.892509976935838e-05,40,0,4872135,347,36367.870018971626,1456647505.5652356
311,19481600,4881845,3.9906223978844064,353.4033749999992,52.5719415172536,8.018799277266755,0.0,,0.9999181217702572,8.187822969434936e-05,8.784824900755277e-05,40,0,4872135,347,35395.464713815774,1318103439.770014
312,19481600,4881845,3.9906223978844064,374.25212499999816,49.643276073582996,8.018799277266755,0.0,,0.9999225277366747,7.74722633367155e-05,8.816897777185174e-05,40,0,4872135,347,33110.04764475095,1271234727.4904675
313,19481600,4881845,3.9906223978844064,303.2278330000082,61.27109565994061,8.018799277266755,0.0,,0.9999271295093906,7.28704905355084e-05,8.573956435492896e-05,40,0,4872135,347,33672.42515269919,1278827232.7238486
314,19481600,4881845,3.9906223978844064,295.9379999999925,62.78038495394465,8.018799277266755,0.0,,0.9999225020779692,7.749792199504694e-05,8.788053801232197e-05,40,0,4872135,347,34081.32709764586,1300941495.4892786
315,19481600,4881845,3.9906223978844064,355.90941699999235,52.20177009955429,8.018799277266755,0.0,,0.9999196676555332,8.033234450322054e-05,8.895702536359707e-05,40,0,4872135,347,34898.474371487966,1283996399.0375938
316,19481600,4881845,3.9906223978844064,307.0695419999936,60.50454057244267,8.018799277266755,0.0,,0.999917824196948,8.217580304858528e-05,8.913972556112492e-05,40,0,4872135,347,34773.052481357736,1152864545.3210723
317,19481600,4881845,3.9906223978844064,306.1832079999931,60.67968809870337,8.018799277266755,0.0,,0.999926415203309,7.358479670060378e-05,8.797188878424884e-05,40,0,4872135,347,34609.86740778703,1149382159.621261
318,19481600,4881845,3.9906223978844064,359.72170799999503,51.648541495583736,8.018799277266755,0.0,,0.9999187044121045,8.129558794630545e-05,8.775933537596887e-05,40,0,4872135,347,35376.459639770954,1187785494.9702528
319,19481600,4881845,3.9906223978844064,320.01845800000694,58.05634362034079,8.018799277266755,0.0,,0.9999108828043153,8.911719574089678e-05,8.779221553733683e-05,40,0,4872135,347,30642.992892278005,1105265400.2086718
320,19481600,4881845,3.9906223978844064,294.0468750000065,63.18414899835133,8.018799277266755,0.0,,0.9999206192557722,7.938074421550761e-05,8.910396907956459e-05,40,0,4872135,347,31357.535497370147,1026351274.7089905
321,19481600,4881845,3.9906223978844064,327.7511670000024,56.686606893149104,8.018799277266755,0.0,,0.9999204267230444,7.957327691490917e-05,8.830841035327203e-05,40,0,4872135,347,32226.24699909084,983353153.5671952
322,19481600,4881845,3.9906223978844064,311.268124999998,59.68841673878467,8.018799277266755,0.0,,0.9999244000148517,7.55999852114067e-05,8.79479418361661e-05,40,0,4872135,347,27413.830659475014,940818499.060791
323,19481600,4881845,3.9906223978844064,306.1647080000114,60.68335466836141,8.018799277266755,0.0,,0.9999228798474802,7.712015256338739e-05,8.810741716973649e-05,40,0,4872135,347,25229.400084686837,910038871.0025427
324,19481600,4881845,3.9906223978844064,336.2792920000004,55.24902069348944,8.018799277266755,0.0,,0.9999184233165322,8.157668351582978e-05,8.759671397772004e-05,40,0,4872135,347,25949.853026397293,889089419.3015343
325,19481600,4881845,3.9906223978844064,393.24295800000186,47.24585954950505,8.018799277266755,0.0,,0.9999131450148531,8.685498519926212e-05,8.764833338581587e-05,40,0,4872135,347,25344.62221684339,914756504.0847679
326,19481600,4881845,3.9906223978844064,330.5745420000079,56.20245724336375,8.018799277266755,0.0,,0.9999166771702136,8.332282980113134e-05,8.848523733669171e-05,40,0,4872135,347,23879.51286140122,933173593.4621718
327,19481600,4881845,3.9906223978844064,350.1600410000094,53.05888561539065,8.018799277266755,0.0,,0.9999172691773807,8.273082271562931e-05,8.913860237872503e-05,40,0,4872135,347,21952.188559359816,942633249.6602038
328,19481600,4881845,3.9906223978844064,400.3137910000021,46.41134525015628,8.018799277266755,0.0,,0.9999200952803858,7.990471966548638e-05,8.865655822577007e-05,40,0,4872135,347,22028.713031812138,930699198.5570165
329,19481600,4881845,3.9906223978844064,529.096999999993,35.1147361684157,8.018799277266755,0.0,,0.9999081890624322,9.18109376966236e-05,8.878148960749986e-05,40,0,4872135,347,22191.222948008595,955158121.1744093
330,19481600,4881845,3.9906223978844064,344.10383299999125,53.99271900147788,8.018799277266755,0.0,,0.9999196799607426,8.032003929795216e-05,8.810671470540417e-05,40,0,4872135,347,22033.957194290862,956466632.1360644
331,19481600,4881845,3.9906223978844064,357.1211670000025,52.02464395648626,8.018799277266755,0.0,,0.9999045321875001,9.546781254474366e-05,8.970525972626058e-05,40,0,4872135,347,20926.71371726705,955167650.1224321
332,19481600,4881845,3.9906223978844064,462.7972500000084,40.14522895825259,8.018799277266755,0.0,,0.9999167648795673,8.323512047881505e-05,8.76603507604654e-05,40,0,4872135,347,21589.232607741324,957225685.7702901
333,19481600,4881845,3.9906223978844064,314.2317079999941,59.12548316893707,8.018799277266755,0.0,,0.9999177733151519,8.222668490517356e-05,8.911110842631657e-05,40,0,4872135,347,22404.636575211556,981806728.6122308
334,19481600,4881845,3.9906223978844064,344.1156250000006,53.990868803181975,8.018799277266755,0.0,,0.9999192351354508,8.076486454700511e-05,8.888296361715572e-05,40,0,4872135,347,23179.379012670728,992516989.4595561
335,19481600,4881845,3.9906223978844064,337.14479100001427,55.107188538764085,8.018799277266755,0.0,,0.9999148996415405,8.510035853561748e-05,8.857858940230552e-05,40,0,4872135,347,23667.221198035444,1012632118.6705148
336,19481600,4881845,3.9906223978844064,404.79658300000665,45.89737745513453,8.018799277266755,0.0,,0.9999251665884815,7.483341143541233e-05,8.748213641702934e-05,40,0,4872135,347,24182.555210596038,1039918827.1943529
337,19481600,4881845,3.9906223978844064,371.1172499999975,50.06261919245232,8.018799277266755,0.0,,0.9999097304168962,9.026958306246047e-05,9.023619396053582e-05,40,0,4872135,347,24106.359713274207,988037560.5908756
338,19481600,4881845,3.9906223978844064,315.4024579999941,58.906013860235504,8.018799277266755,0.0,,0.9999197535191621,8.024648085254594e-05,8.844495147424172e-05,40,0,4872135,347,25092.8456033125,1001433690.0442098
339,19481600,4881845,3.9906223978844064,307.6620410000146,60.3880202514132,8.018799277266755,0.0,,0.999921664619007,7.833538103010902e-05,8.788276971386599e-05,40,0,4872135,347,25623.665647680406,1008245797.8878684
340,19481600,4881845,3.9906223978844064,321.18366599999604,57.84572358203368,8.018799277266755,0.0,,0.9999129124914138,8.70875085660603e-05,8.777929673244852e-05,40,0,4872135,347,25927.633615145493,961972037.687428
341,19481600,4881845,3.9906223978844064,320.4658329999859,57.97529611370713,8.018799277266755,0.0,,0.9999163425568744,8.365744313392374e-05,8.781087798089734e-05,40,0,4872135,347,26634.45146236671,973287608.1199617
342,19481600,4881845,3.9906223978844064,298.7954169999796,62.18000847884916,8.018799277266755,0.0,,0.9999056518219606,9.434817804671704e-05,8.867943842070016e-05,40,0,4872135,347,27588.76697612568,997789554.6512127
343,19481600,4881845,3.9906223978844064,304.25562500002457,61.064118576274474,8.018799277266755,0.0,,0.9999106019358596,8.939806411329876e-05,8.966781267011116e-05,40,0,4872135,347,28308.785364192212,1026222766.3747966
344,19481600,4881845,3.9906223978844064,313.33662500000514,59.294382080293666,8.018799277266755,0.0,,0.9999125637125408,8.74362874656215e-05,8.928304814000547e-05,40,0,4872135,347,29212.940240546726,1060876383.0199012
345,19481600,4881845,3.9906223978844064,299.7137499999951,61.989486843697705,8.018799277266755,0.0,,0.9999221195489203,7.78804510916885e-05,8.795805965899447e-05,40,0,4872135,347,30273.28958810284,1084532222.750702
346,19481600,4881845,3.9906223978844064,296.2331660000075,62.71783073236145,8.018799277266755,0.0,,0.9999132935526006,8.670644743771296e-05,8.840579402454061e-05,40,0,4872135,347,30768.740008916393,1095232594.4123988
347,19481600,4881845,3.9906223978844064,316.57370799999285,58.688075140151625,8.018799277266755,0.0,,0.9999185151013031,8.148489871618172e-05,8.928373526017976e-05,40,0,4872135,347,31316.431764381166,1092010378.6383266
348,19481600,4881845,3.9906223978844064,312.87474999999176,59.381914208482755,8.018799277266755,0.0,,0.9999159920452962,8.40079547035872e-05,8.830527819322838e-05,40,0,4872135,347,31882.803850811582,1097868835.9647129
349,19481600,4881845,3.9906223978844064,314.57662500000083,59.06065513450006,8.018799277266755,0.0,,0.9999150202956922,8.497970427851707e-05,8.70728156373995e-05,40,0,4872135,347,30631.78109309952,1083556815.9488854
350,19481600,4881845,3.9906223978844064,323.96991699999944,57.34823076952553,8.018799277266755,0.0,,0.9999153362164646,8.466378354953568e-05,8.860995909697407e-05,40,0,4872135,347,30840.526958258193,1067096990.2419913
351,19481600,4881845,3.9906223978844064,294.81983300001957,63.01849293327144,8.018799277266755,0.0,,0.9999252770357001,7.472296428957845e-05,8.902810233242881e-05,40,0,4872135,347,30400.117706596386,1073032489.0855542
352,19481600,4881845,3.9906223978844064,337.16158299998256,55.104443979612476,8.018799277266755,0.0,,0.9999186304380527,8.136956197496568e-05,8.696059379808155e-05,40,0,4872135,347,30991.848653472796,1035779844.6439681
353,19481600,4881845,3.9906223978844064,305.1297499999919,60.889184232283135,8.018799277266755,0.0,,0.9999191293633239,8.087063665838861e-05,8.910314978473802e-05,40,0,4872135,347,30998.239798301605,1025108537.4597772
354,19481600,4881845,3.9906223978844064,308.8433749999808,60.1570344920015,8.018799277266755,0.0,,0.999913941074358,8.605892564481429e-05,8.796989998403799e-05,40,0,4872135,347,31201.48508616505,985280712.2157077
355,19481600,4881845,3.9906223978844064,328.2002910000017,56.609034397534714,8.018799277266755,0.0,,0.999916711497019,8.328850301126134e-05,8.761625037896779e-05,40,0,4872135,347,32136.675225601215,980507540.2584876
356,19481600,4881845,3.9906223978844064,342.2532909999916,54.28465423434148,8.018799277266755,0.0,,0.9999124642045724,8.753579549669072e-05,8.786365948548457e-05,40,0,4872135,347,32348.971970477556,979674887.0086682
357,19481600,4881845,3.9906223978844064,307.1867919999818,60.48144661929704,8.018799277266755,0.0,,0.99992068807251,7.931192749962853e-05,8.646275216008088e-05,40,0,4872135,347,33189.811587314085,999959988.7150475
358,19481600,4881845,3.9906223978844064,306.4777079999885,60.62137988352711,8.018799277266755,0.0,,0.9999186751908408,8.13248091833298e-05,8.91771217153075e-05,40,0,4872135,347,34374.852435486886,1011398381.9718802
359,19481600,4881845,3.9906223978844064,306.55533400002355,60.60602932617239,8.018799277266755,0.0,,0.9999183881535836,8.16118464735984e-05,8.745310381613977e-05,40,0,4872135,347,35367.781180284204,1017593824.0330262
360,19481600,4881845,3.9906223978844064,296.97124999998437,62.56195359820514,8.018799277266755,0.0,,0.9999154914063008,8.450859368640438e-05,8.696279129095793e-05,40,0,4872135,347,35333.52138663181,988587855.6860689
361,19481600,4881845,3.9906223978844064,398.68437499998777,46.60102759858741,8.018799277266755,0.0,,0.9999224766262402,7.752337387305755e-05,8.796421135388344e-05,40,0,4872135,347,35542.98079516399,1009140378.4359769
362,19481600,4881845,3.9906223978844064,389.94354100000805,47.645619452636645,8.018799277266755,0.0,,0.9999184738317634,8.152616827186375e-05,8.891519452601637e-05,40,0,4872135,347,35194.760828903854,1002543762.6002806
363,19481600,4881845,3.9906223978844064,464.749917000006,39.97655703185367,8.018799277266755,0.0,,0.9999200670806481,7.99329193225501e-05,8.791927552078061e-05,40,0,4872135,347,35573.33058975463,1008816971.6679357
364,19481600,4881845,3.9906223978844064,424.61041600000726,43.755642495825356,8.018799277266755,0.0,,0.999920727342704,7.927265732404725e-05,8.841748073561069e-05,40,0,4872135,347,34418.135823512865,1006400145.5359229
365,19481600,4881845,3.9906223978844064,415.9302079999918,44.66879588245816,8.018799277266755,0.0,,0.999915334514236,8.466548575832803e-05,8.819689917603701e-05,40,0,4872135,347,35375.679065583005,1026128481.566926
366,19481600,4881845,3.9906223978844064,456.4728750000029,40.70143612038258,8.018799277266755,0.0,,0.9999242003179312,7.5799682082348e-05,8.891680049484957e-05,40,0,4872135,347,33952.94957069215,999414401.7607752
367,19481600,4881845,3.9906223978844064,312.34545899999944,59.48254097236622,8.018799277266755,0.0,,0.9999147015537593,8.529844618208396e-05,8.779492262226264e-05,40,0,4872135,347,33998.00571546438,956872137.6549114
368,19481600,4881845,3.9906223978844064,459.57908299999417,40.4263428205244,8.018799277266755,0.0,,0.9999198700501158,8.012994991829252e-05,8.719070117073082e-05,40,0,4872135,347,34677.29986418956,977413687.3496354
369,19481600,4881845,3.9906223978844064,397.5124999999764,46.73840838338695,8.018799277266755,0.0,,0.9999183999083417,8.160009165768688e-05,8.854472658023827e-05,40,0,4872135,347,34853.03760583594,957597989.362541
370,19481600,4881845,3.9906223978844064,349.26462500001776,53.194913634608874,8.018799277266755,0.0,,0.9999014989461846,9.850105378616591e-05,8.8338825297094e-05,40,0,4872135,347,33742.051066169544,959948424.6659299
371,19481600,4881845,3.9906223978844064,322.10399999999595,57.68044346701759,8.018799277266755,0.0,,0.9999123183384498,8.768166162872124e-05,8.823909201190746e-05,40,0,4872135,347,32088.59506667927,899300703.963422
372,19481600,4881845,3.9906223978844064,337.0783329999938,55.118053412529314,8.018799277266755,0.0,,0.999911592762796,8.840723727092929e-05,9.083172818095871e-05,40,0,4872135,347,32221.985409838337,899951679.5358704
373,19481600,4881845,3.9906223978844064,321.00491700001044,57.87793450683933,8.018799277266755,0.0,,0.9999191539739554,8.084602604225893e-05,8.810577432323225e-05,40,0,4872135,347,31502.56085270982,854831397.9706845
374,19481600,4881845,3.9906223978844064,345.3330410000035,53.80053269359711,8.018799277266755,0.0,,0.9999109243031419,8.907569683989628e-05,8.861279857961662e-05,40,0,4872135,347,31397.56599380726,843598414.7687155
375,19481600,4881845,3.9906223978844064,339.8427090000098,54.66970769262396,8.018799277266755,0.0,,0.9999174137495774,8.258625043337832e-05,8.87671213717594e-05,40,0,4872135,347,32127.81136333275,852907671.4117175
376,19481600,4881845,3.9906223978844064,369.7308340000234,50.25034390964218,8.018799277266755,0.0,,0.9999225877431492,7.741225687462373e-05,8.758566658312481e-05,40,0,4872135,347,33020.90933122186,879461460.0220587
377,19481600,4881845,3.9906223978844064,316.543667000019,58.693644824993086,8.018799277266755,0.0,,0.9999217766165478,7.822338338067883e-05,8.798462361492264e-05,40,0,4872135,347,32888.211764023,871846036.7816457
378,19481600,4881845,3.9906223978844064,332.9652079999903,55.79892768406164,8.018799277266755,0.0,,0.9999112499997244,8.875000031524196e-05,8.78886710334021e-05,40,0,4872135,347,33106.39123856716,814800791.5534195
379,19481600,4881845,3.9906223978844064,311.67083299999376,59.611293696193805,8.018799277266755,0.0,,0.9999155156174154,8.448438263576831e-05,8.783717280824413e-05,40,0,4872135,347,34180.38692608739,828263409.9386357
380,19481600,4881845,3.9906223978844064,491.68258399998876,37.786779859789426,8.018799277266755,0.0,,0.9999124675573908,8.753244265058223e-05,8.881089769135376e-05,40,0,4872135,347,35287.69898439555,845534604.8712857
381,19481600,4881845,3.9906223978844064,367.855708999997,50.50649237715148,8.018799277266755,0.0,,0.9999090993102211,9.090068981957315e-05,8.911047028658355e-05,40,0,4872135,347,36430.824145354214,863768912.2716017
382,19481600,4881845,3.9906223978844064,373.137292000024,49.791596714752394,8.018799277266755,0.0,,0.9999046326471552,9.536735288415135e-05,8.944142027926508e-05,40,0,4872135,347,36714.80850366406,852538024.949723
383,19481600,4881845,3.9906223978844064,328.89704199999414,56.48911115017061,8.018799277266755,0.0,,0.9999222415326656,7.775846733825215e-05,8.79545096969359e-05,40,0,4872135,347,37847.556584505735,852228491.8156197
384,19481600,4881845,3.9906223978844064,364.3022499999802,50.99914030863386,8.018799277266755,0.0,,0.9999194612801582,8.05387198413441e-05,8.798588783856271e-05,40,0,4872135,347,38982.82730111543,861408805.4707042
385,19481600,4881845,3.9906223978844064,315.7310839999923,58.84470203922162,8.018799277266755,0.0,,0.999922747907197,7.725209283347599e-05,8.872616024913332e-05,40,0,4872135,347,39827.333034468,876696142.3090454
386,19481600,4881845,3.9906223978844064,356.35920799998644,52.13588184453678,8.018799277266755,0.0,,0.99991116796922,8.883203076193441e-05,8.78451647572525e-05,40,0,4872135,347,40852.78355974461,888572404.2366205
387,19481600,4881845,3.9906223978844064,317.1017500000062,58.59034698641568,8.018799277266755,0.0,,0.999916785579047,8.321442099591469e-05,8.821970766065924e-05,40,0,4872135,347,41687.91138713878,906292393.2398856
388,19481600,4881845,3.9906223978844064,304.4678750000003,61.02154968730275,8.018799277266755,0.0,,0.999920953513862,7.904648612403149e-05,8.831092189889757e-05,40,0,4872135,347,41773.08359809586,909378251.7486087
389,19481600,4881845,3.9906223978844064,374.05449999999973,49.66950420994805,8.018799277266755,0.0,,0.9999157402679464,8.425973208585805e-05,8.770864697988416e-05,40,0,4872135,347,42194.32410374409,918541677.1336395
390,19481600,4881845,3.9906223978844064,316.5889590000006,58.685247966907035,8.018799277266755,0.0,,0.9999103507605293,8.964923941011834e-05,8.917292722919184e-05,40,0,4872135,347,42988.33149809525,919681272.0372176
391,19481600,4881845,3.9906223978844064,336.08091600001444,55.28163212486365,8.018799277266755,0.0,,0.9999170507514709,8.29492484872444e-05,8.843796347725189e-05,40,0,4872135,347,43265.78744843388,943795997.0246576
392,19481600,4881845,3.9906223978844064,348.971333999998,53.239621001363126,8.018799277266755,0.0,,0.9999200527084977,7.994729151977681e-05,8.87839682579619e-05,40,0,4872135,347,42258.44446535594,903433872.450584
393,19481600,4881845,3.9906223978844064,349.2800839999859,53.19255924852775,8.018799277266755,0.0,,0.9999239322700191,7.606772995486176e-05,8.804893744462724e-05,40,0,4872135,347,43446.56825769037,861138817.2588639
394,19481600,4881845,3.9906223978844064,347.32783300000847,53.49154256376438,8.018799277266755,0.0,,0.9999132270798997,8.677292016774975e-05,8.89283697504646e-05,40,0,4872135,347,44625.69993534736,880605429.1050285
395,19481600,4881845,3.9906223978844064,374.0968749999922,49.66387800619929,8.018799277266755,0.0,,0.9999166669104143,8.333308962129072e-05,8.840705934680572e-05,40,0,4872135,347,43914.43450451901,896430809.7208716
396,19481600,4881845,3.9906223978844064,353.08845900001984,52.61882989638853,8.018799277266755,0.0,,0.9999187445980694,8.12554019165625e-05,8.816911313419536e-05,40,0,4872135,347,44156.65873051745,916438442.7330247
397,19481600,4881845,3.9906223978844064,472.4482919999957,39.325153412767904,8.018799277266755,0.0,,0.9999150661787551,8.49338212886665e-05,8.881235192827654e-05,40,0,4872135,347,44519.35261393233,935907383.7878871
398,19481600,4881845,3.9906223978844064,423.3932499999753,43.88143070892388,8.018799277266755,0.0,,0.9999159941584866,8.400584153012109e-05,8.835514168852404e-05,40,0,4872135,347,42199.48132292939,918475720.7195914
399,19481600,4881845,3.9906223978844064,341.5973749999921,54.38888856362093,8.018799277266755,0.0,,0.9999194342755149,8.056572449202281e-05,8.882974661385472e-05,40,0,4872135,347,42209.64779339321,929523730.343946
400,19481600,4881845,3.9906223978844064,413.28708300000017,44.95446948798057,8.018799277266755,0.0,,0.9999180180833472,8.198191664594456e-05,8.911387344918228e-05,40,0,4872135,347,42724.662365076285,948462728.0684392
401,19481600,4881845,3.9906223978844064,361.7547500000171,51.35827950427498,8.018799277266755,0.0,,0.9999245547867331,7.544521333560322e-05,8.710459283097479e-05,40,0,4872135,347,44128.75683727021,953708871.1659464
402,19481600,4881845,3.9906223978844064,433.4724999999935,42.861084757395865,8.018799277266755,0.0,,0.9999120325420687,8.79674580411853e-05,8.788437373796679e-05,40,0,4872135,347,44059.07713120992,944489781.8787917
403,19481600,4881845,3.9906223978844064,425.1975829999992,43.69521912945595,8.018799277266755,0.0,,0.999920324144836,7.967585517154531e-05,8.747081420583586e-05,40,0,4872135,347,44332.320513153485,958390213.6325504
404,19481600,4881845,3.9906223978844064,351.0589169999889,52.923029904124576,8.018799277266755,0.0,,0.999910453456041,8.954654394390328e-05,8.869170606604658e-05,40,0,4872135,347,45850.78095928203,966738944.8952953
405,19481600,4881845,3.9906223978844064,344.0998749999835,53.99334005134669,8.018799277266755,0.0,,0.9999212430842407,7.8756915770682e-05,8.782146566928175e-05,40,0,4872135,347,47206.30902500979,977510692.5426362
406,19481600,4881845,3.9906223978844064,323.01262499998984,57.51819007848558,8.018799277266755,0.0,,0.9999164934774296,8.350652252423206e-05,8.795427423928888e-05,40,0,4872135,347,47103.2498083938,992945827.4927565
407,19481600,4881845,3.9906223978844064,322.3459589999891,57.637147430474315,8.018799277266755,0.0,,0.9999147029540503,8.529704595276939e-05,8.878919607323236e-05,40,0,4872135,347,46692.64432947768,985682917.5855689
408,19481600,4881845,3.9906223978844064,367.2550830000034,50.58909303782142,8.018799277266755,0.0,,0.9999065143791215,9.34856208400747e-05,8.85510395116012e-05,40,0,4872135,347,45705.728554642155,955285613.1374218
409,19481600,4881845,3.9906223978844064,348.8219999999842,53.262413387059425,8.018799277266755,0.0,,0.9999161858109327,8.38141890938473e-05,8.889518697322717e-05,40,0,4872135,347,43139.22238749912,932797409.9521165
410,19481600,4881845,3.9906223978844064,344.12474999999176,53.98943715179,8.018799277266755,0.0,,0.9999219524192761,7.804758069293018e-05,8.768023195701393e-05,40,0,4872135,347,44291.0531123913,914035483.5696613
411,19481600,4881845,3.9906223978844064,331.7639589999999,56.000964114670474,8.018799277266755,0.0,,0.9999165493274238,8.345067258322151e-05,8.791512451856264e-05,40,0,4872135,347,45044.04850773013,894107170.8167921
412,19481600,4881845,3.9906223978844064,328.02579200000537,56.639148553598176,8.018799277266755,0.0,,0.9999143053620149,8.569463801586625e-05,8.821464619965358e-05,40,0,4872135,347,44197.07411776766,854629048.3961922
413,19481600,4881845,3.9906223978844064,325.58816599998863,57.06319670875461,8.018799277266755,0.0,,0.9999142056048285,8.579439514881733e-05,8.77313035474712e-05,40,0,4872135,347,44392.601887901415,870661118.2866012
414,19481600,4881845,3.9906223978844064,418.5439590000044,44.389845231286216,8.018799277266755,0.0,,0.9999186296692543,8.137033078073233e-05,8.802973081227844e-05,40,0,4872135,347,45731.9161958478,856566953.0054059
415,19481600,4881845,3.9906223978844064,329.43524999998886,56.39682323764876,8.018799277266755,0.0,,0.9999154446110485,8.45553889301367e-05,8.887693181383152e-05,40,0,4872135,347,46192.87144654643,882034758.424452
416,19481600,4881845,3.9906223978844064,320.63700000000495,57.944346917229495,8.018799277266755,0.0,,0.9999152089640253,8.479103600757222e-05,8.873693784088098e-05,40,0,4872135,347,45121.45438551284,884123140.1459506
417,19481600,4881845,3.9906223978844064,317.9680000000076,58.43072750245168,8.018799277266755,0.0,,0.9999222991832719,7.770081681591327e-05,8.759015548620606e-05,40,0,4872135,347,43058.842216647,880990670.6641582
418,19481600,4881845,3.9906223978844064,327.3289580000096,56.75972476134988,8.018799277266755,0.0,,0.9999156369314853,8.436306858848413e-05,8.825859461684365e-05,40,0,4872135,347,42750.04305313099,876810721.5151225
419,19481600,4881845,3.9906223978844064,313.5222909999982,59.25926830669947,8.018799277266755,0.0,,0.9999175292656729,8.247073430322294e-05,8.983675465195278e-05,40,0,4872135,347,43052.06961932356,870141147.7271467
420,19481600,4881845,3.9906223978844064,347.70279200000687,53.43385785208085,8.018799277266755,0.0,,0.9999239460794104,7.605392056338247e-05,8.71023094052043e-05,40,0,4872135,347,42016.92326240661,879955401.7125754
421,19481600,4881845,3.9906223978844064,308.3448330000067,60.25429835076755,8.018799277266755,0.0,,0.999910810668269,8.918933164319885e-05,8.831793033261676e-05,40,0,4872135,347,42629.441747480734,899939708.5728626
422,19481600,4881845,3.9906223978844064,330.6381669999894,56.19164215394588,8.018799277266755,0.0,,0.9999164278679304,8.357213205484485e-05,8.79689385128782e-05,40,0,4872135,347,42508.23820699515,876054533.7711782
423,19481600,4881845,3.9906223978844064,326.9103749999829,56.832401120646516,8.018799277266755,0.0,,0.9999195398123879,8.046018766013843e-05,8.792614195560886e-05,40,0,4872135,347,43130.4030594849,896085898.8077666
424,19481600,4881845,3.9906223978844064,344.020042000011,54.00586970017115,8.018799277266755,0.0,,0.9999169924973017,8.30075026047635e-05,8.862024211904404e-05,40,0,4872135,347,43548.777837846996,911073931.2875394
425,19481600,4881845,3.9906223978844064,347.4415000000022,53.4740425726342,8.018799277266755,0.0,,0.9999067245540021,9.32754460137215e-05,8.794778710670107e-05,40,0,4872135,347,43864.073421524496,916769329.4813213
426,19481600,4881845,3.9906223978844064,346.77004200000283,53.57758546656648,8.018799277266755,0.0,,0.9999205226719204,7.947732801194367e-05,8.75381825241105e-05,40,0,4872135,347,43867.70341795208,936752389.6677572
427,19481600,4881845,3.9906223978844064,354.09712499998136,52.46894213699413,8.018799277266755,0.0,,0.9999197978529188,8.020214708546101e-05,8.891837665415638e-05,40,0,4872135,347,44637.76596787605,927423423.072075
428,19481600,4881845,3.9906223978844064,340.7682909999892,54.521215891242036,8.018799277266755,0.0,,0.9999157389795634,8.426102041116892e-05,8.919165432840878e-05,40,0,4872135,347,45248.31981488543,951985263.728435
429,19481600,4881845,3.9906223978844064,340.2885830000173,54.59807495950887,8.018799277266755,0.0,,0.9999192714820289,8.072851800358899e-05,8.885992013459703e-05,40,0,4872135,347,43155.34910579836,907984300.951014
430,19481600,4881845,3.9906223978844064,352.0664579999959,52.77157519646536,8.018799277266755,0.0,,0.9999196918128582,8.030818718950887e-05,8.963994078275136e-05,40,0,4872135,347,43486.34705812302,896796957.5137411
431,19481600,4881845,3.9906223978844064,368.30587500000433,50.44476024852925,8.018799277266755,0.0,,0.9999139482668279,8.605173322949075e-05,8.946554316572838e-05,40,0,4872135,347,43997.504623720706,894451833.5205213
432,19481600,4881845,3.9906223978844064,398.6543329999961,46.6045393829952,8.018799277266755,0.0,,0.9999181738177482,8.182618235533352e-05,8.806300347095592e-05,40,0,4872135,347,44252.53336101833,916907385.2164357
433,19481600,4881845,3.9906223978844064,363.3342079999977,51.13501881578989,8.018799277266755,0.0,,0.9999194226731302,8.05773268779362e-05,8.827657027100217e-05,40,0,4872135,347,44757.17421858253,869242222.4786936
434,19481600,4881845,3.9906223978844064,360.55258299998627,51.529520071419675,8.018799277266755,0.0,,0.9999130413330569,8.695866698485696e-05,8.921996027510593e-05,40,0,4872135,347,44136.3476005459,873779547.2527556
435,19481600,4881845,3.9906223978844064,354.0267920000133,52.47936591900452,8.018799277266755,0.0,,0.9999163045248798,8.36954750748079e-05,8.750832202955052e-05,40,0,4872135,347,43010.31065649296,866946559.0494812
436,19481600,4881845,3.9906223978844064,349.61687499998106,53.14131808569311,8.018799277266755,0.0,,0.999913975394373,8.602460563664317e-05,8.96998436274381e-05,40,0,4872135,347,43665.28251298409,869241106.0092411
437,19481600,4881845,3.9906223978844064,476.9310420000181,38.95553010051146,8.018799277266755,0.0,,0.9999220336334024,7.79663665833293e-05,8.724890032273774e-05,40,0,4872135,347,44725.58709617396,871542582.2149906
438,19481600,4881845,3.9906223978844064,422.5981660000002,43.963990043676596,8.018799277266755,0.0,,0.9999205005205295,7.949947949327662e-05,8.755599070395093e-05,40,0,4872135,347,44961.470663293156,856261370.1312661
439,19481600,4881845,3.9906223978844064,432.6715830000012,42.940424775943626,8.018799277266755,0.0,,0.9999141077277788,8.589227223562293e-05,8.881401203022715e-05,40,0,4872135,347,44024.74693548365,818996714.9131017
440,19481600,4881845,3.9906223978844064,312.90858399998456,59.37549339490449,8.018799277266755,0.0,,0.9999174877750397,8.251222498319355e-05,8.873178875545986e-05,40,0,4872135,347,43433.13584769305,820235382.0929816
441,19481600,4881845,3.9906223978844064,347.29495900000984,53.496605928275144,8.018799277266755,0.0,,0.9999218580091368,7.81419908939484e-05,8.669235301742945e-05,40,0,4872135,347,42618.17623206119,808425007.3530375
442,19481600,4881845,3.9906223978844064,322.7967089999879,57.55666351140121,8.018799277266755,0.0,,0.9999153337198018,8.466628018657639e-05,8.728940781746613e-05,40,0,4872135,347,43818.542260214774,809898095.3486243
443,19481600,4881845,3.9906223978844064,388.85625000000346,47.778842599289156,8.018799277266755,0.0,,0.9999187532092798,8.12467906967256e-05,8.819318967328497e-05,40,0,4872135,347,43715.106727427104,772274877.5268645
444,19481600,4881845,3.9906223978844064,323.1450000000109,57.49462799207592,8.018799277266755,0.0,,0.9999169005714587,8.309942855212834e-05,8.86903861670553e-05,40,0,4872135,347,43374.908593739965,732659776.8987302
445,19481600,4881845,3.9906223978844064,313.60620799998173,59.24341128636421,8.018799277266755,0.0,,0.9999164635882523,8.353641178456408e-05,8.822919959564393e-05,40,0,4872135,347,43138.14111901844,728599835.719815
446,19481600,4881845,3.9906223978844064,351.2584590000074,52.89296552570598,8.018799277266755,0.0,,0.9999120639383302,8.793606169771294e-05,8.789270755311299e-05,40,0,4872135,347,44100.01606264411,719122307.0705806
447,19481600,4881845,3.9906223978844064,346.1950829999978,53.666566842892216,8.018799277266755,0.0,,0.9999162783766696,8.37216233714834e-05,8.82481648915081e-05,40,0,4872135,347,44780.380548219415,707871055.643875
448,19481600,4881845,3.9906223978844064,311.9480420000116,59.55832081324399,8.018799277266755,0.0,,0.9999151328717273,8.486712825058108e-05,8.756837454192491e-05,40,0,4872135,347,44585.7644915728,698768326.808217
449,19481600,4881845,3.9906223978844064,354.43608299999596,52.41876449272297,8.018799277266755,0.0,,0.9999188171535182,8.11828464718963e-05,8.764215540887953e-05,40,0,4872135,347,44642.235356854195,704192576.674395
450,19481600,4881845,3.9906223978844064,330.2007090000245,56.266086219998456,8.018799277266755,0.0,,0.9999245930389783,7.54069610268088e-05,8.745741886689822e-05,40,0,4872135,347,45628.622641325725,693895769.48683
451,19481600,4881845,3.9906223978844064,340.80808299998466,54.51485011434085,8.018799277266755,0.0,,0.999913735419927,8.62645800597377e-05,8.671110983748094e-05,40,0,4872135,347,44838.90998417702,673494483.9767021
452,19481600,4881845,3.9906223978844064,352.86583399999927,52.652027406257865,8.018799277266755,0.0,,0.9999098504723439,9.014952766800882e-05,8.871683236214615e-05,40,0,4872135,347,45734.02117110495,691829655.775256
453,19481600,4881845,3.9906223978844064,357.45737499999564,51.97571196425931,8.018799277266755,0.0,,0.9999138805908481,8.61194091889422e-05,8.929462783274054e-05,40,0,4872135,347,46512.75955613386,703716087.6738986
454,19481600,4881845,3.9906223978844064,332.6258339999981,55.85585863574296,8.018799277266755,0.0,,0.9999181740617854,8.182593825863621e-05,8.836181379043046e-05,40,0,4872135,347,47773.337424710684,549668453.7885242
455,19481600,4881845,3.9906223978844064,320.72445899999025,57.92854595632996,8.018799277266755,0.0,,0.9999230819229944,7.691807697401367e-05,8.837034790620434e-05,40,0,4872135,347,46956.04239739186,544911216.5577534
456,19481600,4881845,3.9906223978844064,346.9704999999976,53.54663166609301,8.018799277266755,0.0,,0.999914337694808,8.566230522346942e-05,8.900614213915397e-05,40,0,4872135,347,48159.03064205629,559497035.6141874
457,19481600,4881845,3.9906223978844064,314.0575829999932,59.158264497311634,8.018799277266755,0.0,,0.999917671294501,8.232870549930534e-05,8.72054292043529e-05,40,0,4872135,347,49458.185341680066,559920634.7768317
458,19481600,4881845,3.9906223978844064,335.7306670000071,55.339304355236656,8.018799277266755,0.0,,0.9999241602315831,7.583976850230353e-05,8.829445111673176e-05,40,0,4872135,347,50088.453087458205,573498278.018534
459,19481600,4881845,3.9906223978844064,393.6210420000066,47.20047858239166,8.018799277266755,0.0,,0.9999225027849455,7.749721513232318e-05,8.768007709738989e-05,40,0,4872135,347,51184.05009418224,561703713.5173302
460,19481600,4881845,3.9906223978844064,353.00137499999096,52.63181074719745,8.018799277266755,0.0,,0.9999174577903822,8.254220965157683e-05,8.8211194824774e-05,40,0,4872135,347,52052.34801669354,564625074.8563228
461,19481600,4881845,3.9906223978844064,330.069457999997,56.288460238269515,8.018799277266755,0.0,,0.9999146232960666,8.53767039624674e-05,8.826541225851865e-05,40,0,4872135,347,52306.59916158291,575659652.2974412
462,19481600,4881845,3.9906223978844064,342.42324999999596,54.25771048694917,8.018799277266755,0.0,,0.999916371642149,8.362835785095767e-05,8.745418329609336e-05,40,0,4872135,347,52031.26046438035,573787835.1288413
463,19481600,4881845,3.9906223978844064,326.69466600000874,56.86992625248281,8.018799277266755,0.0,,0.9999170621504349,8.293784952531416e-05,8.84959570948527e-05,40,0,4872135,347,53077.17830472164,586635023.6917394
464,19481600,4881845,3.9906223978844064,336.29362499999615,55.24666595300524,8.018799277266755,0.0,,0.9999214844609884,7.851553907062595e-05,8.891129875750368e-05,40,0,4872135,347,53808.81674836969,583870308.9128726
465,19481600,4881845,3.9906223978844064,331.5157499999941,56.04289256996185,8.018799277266755,0.0,,0.9999196144463787,8.03855536093262e-05,8.649759084342904e-05,40,0,4872135,347,53484.84264653177,578054823.0514566
466,19481600,4881845,3.9906223978844064,347.95258400001217,53.39549817080637,8.018799277266755,0.0,,0.9999170461360591,8.295386392853324e-05,8.912706525361718e-05,40,0,4872135,347,54191.7778909978,573363567.3844101
467,19481600,4881845,3.9906223978844064,363.4437919999982,51.11960080611335,8.018799277266755,0.0,,0.9999130426365677,8.695736349436638e-05,8.793803088204407e-05,40,0,4872135,347,54945.141469913986,574881007.951713
468,19481600,4881845,3.9906223978844064,359.8361250000153,51.632118822142196,8.018799277266755,0.0,,0.9999187995227719,8.12004772208929e-05,8.731803726782531e-05,40,0,4872135,347,55084.92432903791,584745810.1993273
469,19481600,4881845,3.9906223978844064,349.887166000002,53.10026593687604,8.018799277266755,0.0,,0.9999126495668245,8.735043323598719e-05,8.834445973839963e-05,40,0,4872135,347,53096.63388431211,584272718.5639683
470,19481600,4881845,3.9906223978844064,320.1368329999923,58.03487648826852,8.018799277266755,0.0,,0.9999197690285138,8.023097157695043e-05,8.794873633792062e-05,40,0,4872135,347,53114.27773381655,581650791.5966657
471,19481600,4881845,3.9906223978844064,339.51675000000137,54.72219430263728,8.018799277266755,0.0,,0.9999175745855,8.242541451330183e-05,8.873173205348227e-05,40,0,4872135,347,48042.62983317112,591829683.2415183
472,19481600,4881845,3.9906223978844064,355.64933300000234,52.23994490803636,8.018799277266755,0.0,,0.9999158549734971,8.414502657802787e-05,8.844695908516215e-05,40,0,4872135,347,47210.40546201216,583228462.0311637
473,19481600,4881845,3.9906223978844064,583.7884999999972,31.82505575649416,8.018799277266755,0.0,,0.9999139301112637,8.606988880550435e-05,8.791222169174544e-05,40,0,4872135,347,46315.09728172402,594743178.0278565
474,19481600,4881845,3.9906223978844064,382.08674999998493,48.62534898815709,8.018799277266755,0.0,,0.9999089649426949,9.103505739238492e-05,8.907332532713296e-05,40,0,4872135,347,46238.561038173306,562137270.2723794
475,19481600,4881845,3.9906223978844064,499.66654199999994,37.18300106333716,8.018799277266755,0.0,,0.9999161552216015,8.38447784009569e-05,8.717603550201667e-05,40,0,4872135,347,45692.68054941007,555880682.6166385
476,19481600,4881845,3.9906223978844064,415.88195799999994,44.67397828905096,8.018799277266755,0.0,,0.999912312898489,8.768710149268615e-05,8.761293221016148e-05,40,0,4872135,347,42681.898963830405,530460330.2065564
477,19481600,4881845,3.9906223978844064,390.6255839999915,47.56242889226735,8.018799277266755,0.0,,0.9999102439452515,8.975605473413587e-05,8.719233916787133e-05,40,0,4872135,347,43562.84865667957,540581932.3764832
478,19481600,4881845,3.9906223978844064,517.752999999999,35.884102192551346,8.018799277266755,0.0,,0.9999186992193583,8.130078075339986e-05,8.751012643342657e-05,40,0,4872135,347,43903.44750602532,536299659.4953286
479,19481600,4881845,3.9906223978844064,325.7000830000152,57.04358866405058,8.018799277266755,0.0,,0.9999116207561104,8.837924394182387e-05,8.753245805934664e-05,40,0,4872135,347,42693.57831586938,529469184.14150715
480,19481600,4881845,3.9906223978844064,354.59529199999906,52.39522910106784,8.018799277266755,0.0,,0.9999231217514353,7.6878248596985e-05,8.769792004425992e-05,40,0,4872135,347,41429.377328177834,541265512.7818624
481,19481600,4881845,3.9906223978844064,351.94812500000694,52.78931820562941,8.018799277266755,0.0,,0.9999110177640824,8.898223599458953e-05,8.874096972290955e-05,40,0,4872135,347,41707.88486782876,540435659.2253177
482,19481600,4881845,3.9906223978844064,386.40737500000455,48.08164327220665,8.018799277266755,0.0,,0.9999230413519125,7.695864809994039e-05,8.853531861481996e-05,40,0,4872135,347,42029.135898934735,555721422.2567571
483,19481600,4881845,3.9906223978844064,364.85470799999575,50.921918109112674,8.018799277266755,0.0,,0.9999080812592799,9.191874072896277e-05,8.89808563697338e-05,40,0,4872135,347,43670.452478349536,574863289.8202366
484,19481600,4881845,3.9906223978844064,343.00691699999675,54.16538454966544,8.018799277266755,0.0,,0.999906837219071,9.316278094512901e-05,8.78840642289244e-05,40,0,4872135,347,45184.435221593,577422526.9876701
485,19481600,4881845,3.9906223978844064,368.7506249999899,50.383918840816904,8.018799277266755,0.0,,0.9999154088895097,8.459111053776002e-05,8.773928370590101e-05,40,0,4872135,347,45826.90668554942,573280430.6039041
486,19481600,4881845,3.9906223978844064,325.03799999997796,57.159783048447444,8.018799277266755,0.0,,0.9999093856305471,9.061436948476178e-05,8.742409018966033e-05,40,0,4872135,347,47170.08575878726,580186530.7441611
487,19481600,4881845,3.9906223978844064,336.25962499999673,55.25225207308246,8.018799277266755,0.0,,0.9999170686499791,8.293135003419212e-05,8.824322225156638e-05,40,0,4872135,347,48165.57658235101,584051793.7572637
488,19481600,4881845,3.9906223978844064,343.8187919999791,54.03748135587984,8.018799277266755,0.0,,0.9999117711963312,8.82288037162235e-05,8.723110893191091e-05,40,0,4872135,347,47712.39702541173,573330070.720008
489,19481600,4881845,3.9906223978844064,322.90762499999914,57.53689329107682,8.018799277266755,0.0,,0.9999148159817767,8.518401828022394e-05,8.805623682117088e-05,40,0,4872135,347,46735.03779624039,558445277.6906927
490,19481600,4881845,3.9906223978844064,329.9995410000065,56.30038607386922,8.018799277266755,0.0,,0.9999115424028546,8.845759709712234e-05,8.866754614524047e-05,40,0,4872135,347,47141.2072749384,515619643.06369334
491,19481600,4881845,3.9906223978844064,329.8155839999879,56.33178801672598,8.018799277266755,0.0,,0.9999147179392868,8.528206070261958e-05,8.583893271376603e-05,40,0,4872135,347,47484.43176094487,511601616.6976368
492,19481600,4881845,3.9906223978844064,331.1793330000228,56.099821792015995,8.018799277266755,0.0,,0.999922673412968,7.732658698605666e-05,8.826785127190426e-05,40,0,4872135,347,46223.47627365573,491704542.0781425
493,19481600,4881845,3.9906223978844064,325.6189170000141,57.05780773940476,8.018799277266755,0.0,,0.9999177351921561,8.226480783028584e-05,8.80754688873974e-05,40,0,4872135,347,43406.14348754392,452666724.33194137
494,19481600,4881845,3.9906223978844064,329.52891700000464,56.38079271355642,8.018799277266755,0.0,,0.9999224137857229,7.758621432815165e-05,8.856119052563857e-05,40,0,4872135,347,41831.08071509075,446313940.5127098
495,19481600,4881845,3.9906223978844064,382.0348750000164,48.63195163137711,8.018799277266755,0.0,,0.9999125980067787,8.74019931392293e-05,8.963942807812014e-05,40,0,4872135,347,40653.07927673384,425051604.8497387
496,19481600,4881845,3.9906223978844064,318.51604199999883,58.33019098768052,8.018799277266755,0.0,,0.9999135347754781,8.646522454122293e-05,8.784388457342256e-05,40,0,4872135,347,37855.32764921192,400000233.0280417
497,19481600,4881845,3.9906223978844064,337.56479100000547,55.038623866728145,8.018799277266755,0.0,,0.9999201971362464,7.980286370304511e-05,8.940190492169546e-05,40,0,4872135,347,37496.78217959471,400656220.5740251
498,19481600,4881845,3.9906223978844064,386.59537499998464,48.05826133460789,8.018799277266755,0.0,,0.999915863448544,8.41365515084036e-05,8.782561333058144e-05,40,0,4872135,347,37306.576159970224,397486151.2765721
499,19481600,4881845,3.9906223978844064,345.9970830000145,53.697278027338804,8.018799277266755,0.0,,0.9999211659646803,7.883403532370373e-05,8.684186717154633e-05,40,0,4872135,347,37087.53369488698,402904073.37586296
500,19481600,4881845,3.9906223978844064,317.8001249999909,58.46159299811645,8.018799277266755,0.0,,0.999914604405049,8.539559497167343e-05,8.775684588697398e-05,40,0,4872135,347,36719.35878782002,397148743.50933665
501,19481600,4881845,3.9906223978844064,342.41058300000304,54.25971767496402,8.018799277266755,0.0,,0.9999042590678314,9.574093218442855e-05,8.946101067482644e-05,40,0,4872135,347,37028.03675772262,406402066.12159014
502,19481600,4881845,3.9906223978844064,324.97204100002364,57.17138466843875,8.018799277266755,0.0,,0.9999189435733475,8.105642663476096e-05,8.817443899317776e-05,40,0,4872135,347,37354.28110746246,413222735.37108815
503,19481600,4881845,3.9906223978844064,343.4069589999922,54.10228615227457,8.018799277266755,0.0,,0.9999156415083862,8.435849164340708e-05,8.906660538492377e-05,40,0,4872135,347,37535.20011815627,412211991.7024554
504,19481600,4881845,3.9906223978844064,368.5456249999959,50.41194441665183,8.018799277266755,0.0,,0.9999085992446697,9.140075526798692e-05,8.873882835143752e-05,40,0,4872135,347,38617.52347750109,420235865.5915743
505,19481600,4881845,3.9906223978844064,333.2206249999956,55.75615723816689,8.018799277266755,0.0,,0.9999209147009003,7.90852991415606e-05,8.7001860099776e-05,40,0,4872135,347,39335.99889427517,421770209.67013097
506,19481600,4881845,3.9906223978844064,318.8184999999919,58.27485407057769,8.018799277266755,0.0,,0.99992125451277,7.874548720401423e-05,8.908324963271261e-05,40,0,4872135,347,40437.53401111405,431779963.4668666
507,19481600,4881845,3.9906223978844064,338.50958400000764,54.88500899430836,8.018799277266755,0.0,,0.9999215038845501,7.849611550361515e-05,8.753166075076052e-05,40,0,4872135,347,39256.01793652275,432963658.225556
508,19481600,4881845,3.9906223978844064,337.61108300001297,55.03107717141882,8.018799277266755,0.0,,0.999922172821619,7.78271783969634e-05,8.812256280009371e-05,40,0,4872135,347,39485.29254320392,419355248.476168
509,19481600,4881845,3.9906223978844064,309.6509999999739,60.000134223695596,8.018799277266755,0.0,,0.9999119721064119,8.802789366312407e-05,8.862700841717824e-05,40,0,4872135,347,38825.271198174574,425182518.4617846
510,19481600,4881845,3.9906223978844064,344.06799999999294,53.99834207918313,8.018799277266755,0.0,,0.9999164210895051,8.357891051633756e-05,8.849605934136463e-05,40,0,4872135,347,39320.30064725388,416375815.71684426
511,19481600,4881845,3.9906223978844064,415.68033400000104,44.69564721457319,8.018799277266755,0.0,,0.9999201549478829,7.984505213873522e-05,8.839389914007199e-05,40,0,4872135,347,39571.006478986004,416708968.3824025
512,19481600,4881845,3.9906223978844064,425.1386669999988,43.701274442063514,8.018799277266755,0.0,,0.99991571672425,8.428327573559475e-05,8.838341569475589e-05,40,0,4872135,347,38797.87659514561,418410864.14222544
513,19481600,4881845,3.9906223978844064,390.73199999998565,47.54947524774189,8.018799277266755,0.0,,0.9999229642559784,7.703574410840296e-05,8.903862774419472e-05,40,0,4872135,347,38541.651835215045,416126128.63034236
514,19481600,4881845,3.9906223978844064,329.92583300000433,56.31296401849126,8.018799277266755,0.0,,0.9999144906263401,8.550937367015037e-05,8.787796146586375e-05,40,0,4872135,347,38185.58383460355,360052141.3828336
515,19481600,4881845,3.9906223978844064,343.82037500000706,54.03723255929675,8.018799277266755,0.0,,0.9999170373565343,8.296264347584674e-05,8.769558866429653e-05,40,0,4872135,347,37600.018073870226,363181057.1016123
516,19481600,4881845,3.9906223978844064,327.9382919999989,56.65426092571118,8.018799277266755,0.0,,0.999919374635094,8.062536491401663e-05,8.646457326941813e-05,40,0,4872135,347,36973.167017584194,363710543.2205985
517,19481600,4881845,3.9906223978844064,332.06108299998505,55.950855169923166,8.018799277266755,0.0,,0.9999199236573193,8.007634271117256e-05,8.803927687646497e-05,40,0,4872135,347,37578.45274316481,372474622.9024258
518,19481600,4881845,3.9906223978844064,334.12591600000496,55.60508979644585,8.018799277266755,0.0,,0.9999143691320067,8.563086798954697e-05,8.910069623665267e-05,40,0,4872135,347,37431.43531543503,370200620.6314816
519,19481600,4881845,3.9906223978844064,329.9701659999812,56.3053981143891,8.018799277266755,0.0,,0.9999227355241898,7.726447581296607e-05,8.680655907522551e-05,40,0,4872135,347,37171.02329922706,373998092.03253734
520,19481600,4881845,3.9906223978844064,322.9607499999929,57.527428836167886,8.018799277266755,0.0,,0.9999185111357775,8.148886421170517e-05,8.834819242142987e-05,40,0,4872135,347,37024.45965619665,372567752.73191464
521,19481600,4881845,3.9906223978844064,355.0999170000182,52.32077134644627,8.018799277266755,0.0,,0.9999160903483354,8.390965172985933e-05,8.758324332503131e-05,40,0,4872135,347,37078.947932543895,377003329.8755312
522,19481600,4881845,3.9906223978844064,380.095415999989,48.88009899730161,8.018799277266755,0.0,,0.9999202713707944,7.972862911988563e-05,8.755139568512892e-05,40,0,4872135,347,35804.66934876966,381248032.66069174
523,19481600,4881845,3.9906223978844064,348.0735839999909,53.376936419571805,8.018799277266755,0.0,,0.9999192130629897,8.07869370197827e-05,8.852968082562001e-05,40,0,4872135,347,35821.55892032439,381234073.28848726
524,19481600,4881845,3.9906223978844064,344.89762499998733,53.86845317505646,8.018799277266755,0.0,,0.9999152488239944,8.475117599087217e-05,8.854864974520201e-05,40,0,4872135,347,36133.29919475592,382860555.3437174
525,19481600,4898229,3.9772742352388994,360.19141700001,51.58118901678183,8.04571123521682,0.0,,0.9999285886832687,7.141131674198423e-05,8.884265441334236e-05,40,1,4888519,347,36227.21518078527,377487614.20351624
526,19481600,4881845,3.9906223978844064,329.187625000003,56.43924665302905,8.018799277266755,0.0,,0.999917644229068,8.235577091997274e-05,8.882343548043725e-05,40,0,4872135,347,35784.59621997337,373664451.00723964
527,19481600,4881845,3.9906223978844064,371.49537499999497,50.01166316673593,8.018799277266755,0.0,,0.9999184006373346,8.159936271466957e-05,8.545726829740531e-05,40,0,4872135,347,35183.237424027546,378317163.89116824
528,19481600,4881845,3.9906223978844064,369.78683300000625,50.242734203842474,8.018799277266755,0.0,,0.9999174441379935,8.255586197157676e-05,8.892042599900087e-05,40,0,4872135,347,34352.21485360793,379217186.39245534
529,19481600,4881845,3.9906223978844064,318.95870899998613,58.24923740364402,8.018799277266755,0.0,,0.9999130083170983,8.69916829064392e-05,8.777440136065693e-05,40,0,4872135,347,33886.486151059944,378388824.7190637
530,19481600,4881845,3.9906223978844064,329.44883399997593,56.394497855473844,8.018799277266755,0.0,,0.9999192123306657,8.078766934949479e-05,8.817433760662157e-05,40,0,4872135,347,34498.303155244095,375228063.02029616
531,19481600,4881845,3.9906223978844064,338.87604200000965,54.82565675887902,8.018799277266755,0.0,,0.9999169769171531,8.302308283028776e-05,8.81398245184011e-05,40,0,4872135,347,34543.13284132943,378909345.2497424
532,19481600,4881845,3.9906223978844064,343.1938329999866,54.1358840865323,8.018799277266755,0.0,,0.9999191890150602,8.081098492744915e-05,8.768440296393949e-05,40,0,4872135,347,35166.80843534162,376006564.31979114
533,19481600,4881845,3.9906223978844064,327.20449999999346,56.78131432330659,8.018799277266755,0.0,,0.9999211983436488,7.880165633093806e-05,8.81654071117797e-05,40,0,4872135,347,35644.46849164406,372445435.9595737
534,19481600,4881845,3.9906223978844064,351.22437500001524,52.89809843778409,8.018799277266755,0.0,,0.999908216679396,9.178332056903838e-05,8.750416002403787e-05,40,0,4872135,347,35154.21895528844,368773519.3989648
535,19481600,4881845,3.9906223978844064,341.67762499998844,54.37611421731414,8.018799277266755,0.0,,0.9999171160932281,8.288390683065972e-05,8.913288430402471e-05,40,0,4872135,347,36105.35026102072,369388932.1785268
536,19481600,4881845,3.9906223978844064,337.72304199999326,55.012833748253314,8.018799277266755,0.0,,0.9999090323381498,9.096766185126226e-05,8.779839320244783e-05,40,0,4872135,347,36308.49785317239,371935812.4458734
537,19481600,4881845,3.9906223978844064,319.99754199998165,58.060138357253585,8.018799277266755,0.0,,0.9999162472749962,8.3752725037289e-05,9.006478041945182e-05,40,0,4872135,347,34243.27782274952,362085366.8710218
538,19481600,4881845,3.9906223978844064,365.9133750000194,50.774589921724,8.018799277266755,0.0,,0.9999141050866934,8.589491328196019e-05,8.832512925007289e-05,40,0,4872135,347,34765.64040771602,359493021.68746424
539,19481600,4881845,3.9906223978844064,325.4545000000064,57.08663288570179,8.018799277266755,0.0,,0.9999170794616524,8.292053832418972e-05,8.809392753376785e-05,40,0,4872135,347,34800.936610056764,364052225.6248
540,19481600,4881845,3.9906223978844064,366.5582500000255,50.68526369955855,8.018799277266755,0.0,,0.9999177064245551,8.229357544027409e-05,8.847802893967795e-05,40,0,4872135,347,34987.52982050731,362810122.257073
541,19481600,4881845,3.9906223978844064,428.2073749999995,43.388093356635956,8.018799277266755,0.0,,0.9999181625629431,8.183743714194909e-05,8.690646999499846e-05,40,0,4872135,347,34123.617625560415,360975482.06025827
542,19481600,4881845,3.9906223978844064,326.121540999992,56.969869287170006,8.018799277266755,0.0,,0.9999177814866889,8.221851336321476e-05,8.706741949374761e-05,40,0,4872135,347,33510.894868293144,357293810.9190801
543,19481600,4881845,3.9906223978844064,406.5048329999854,45.70450349971772,8.018799277266755,0.0,,0.9999179899124113,8.20100876258407e-05,8.821149443638798e-05,40,0,4872135,347,33365.22394447975,359030836.93880177
544,19481600,4881845,3.9906223978844064,377.26004099999955,49.247467378873615,8.018799277266755,0.0,,0.9999131537142211,8.684628582904458e-05,8.775242720132203e-05,40,0,4872135,347,34280.60755130604,364325843.1221807
545,19481600,4881845,3.9906223978844064,337.4644999999816,55.054980783166855,8.018799277266755,0.0,,0.9999179024501736,8.209754985520376e-05,8.77957545969876e-05,40,0,4872135,347,33734.64087219032,367509684.21413034
546,19481600,4881845,3.9906223978844064,334.45245800001544,55.55079987631349,8.018799277266755,0.0,,0.9999208489768857,7.915102319298883e-05,8.721373110880869e-05,40,0,4872135,347,33329.96804537781,333918510.63129634
547,19481600,4881845,3.9906223978844064,354.49808300000996,52.40959670436209,8.018799277266755,0.0,,0.9999178849145547,8.211508547037387e-05,8.846687662950104e-05,40,0,4872135,347,33495.72832769806,330628168.3670778
548,19481600,4881845,3.9906223978844064,355.7208749999745,52.229438495846864,8.018799277266755,0.0,,0.9999141878036903,8.581219631842573e-05,8.827320762979752e-05,40,0,4872135,347,32421.954581774735,329904090.67264026
549,19481600,4881845,3.9906223978844064,340.2823749999868,54.59907102887924,8.018799277266755,0.0,,0.9999163882857692,8.361171421600201e-05,8.769253305683564e-05,40,0,4872135,347,32780.90753949162,322449842.1146109
550,19481600,4881845,3.9906223978844064,332.4157080000134,55.891166137369325,8.018799277266755,0.0,,0.9999155475190046,8.445248101575504e-05,8.68647428565376e-05,40,0,4872135,347,32543.976926429037,329518913.01018524
551,19481600,4881845,3.9906223978844064,331.3859169999773,56.06484949842112,8.018799277266755,0.0,,0.9999128476780426,8.71523219151354e-05,8.783653593520837e-05,40,0,4872135,347,32545.618424747365,329879891.81386125
552,19481600,4881845,3.9906223978844064,311.6622499999835,59.61293535710848,8.018799277266755,0.0,,0.9999145760557712,8.542394428437092e-05,8.840643219534578e-05,40,0,4872135,347,33067.860249622194,319892531.5549294
553,19481600,4881845,3.9906223978844064,353.62112499998943,52.53956918580742,8.018799277266755,0.0,,0.9999175568466601,8.244315338393436e-05,8.687547980125806e-05,40,0,4872135,347,33338.38451204697,319446148.7285733
554,19481600,4881845,3.9906223978844064,331.9508330000076,55.9694379875214,8.018799277266755,0.0,,0.9999147399546123,8.526004544898036e-05,8.906053754413399e-05,40,0,4872135,347,34147.84019307298,325185469.16568017
555,19481600,4881845,3.9906223978844064,335.18712500000447,55.429042993521165,8.018799277266755,0.0,,0.9999183285136539,8.167148637254913e-05,8.84276522842407e-05,40,0,4872135,347,34034.50973481223,326831033.34452665
556,19481600,4881845,3.9906223978844064,396.9692080000016,46.802374562260574,8.018799277266755,0.0,,0.9999202397970747,7.976020286921475e-05,8.729351650587813e-05,40,0,4872135,347,32776.8452550658,318574192.9607189
557,19481600,4881845,3.9906223978844064,327.6840839999977,56.698211691295114,8.018799277266755,0.0,,0.9999155399032017,8.446009684117923e-05,8.795349112394008e-05,40,0,4872135,347,33426.38134400272,319351260.9442808
558,19481600,4881845,3.9906223978844064,368.77979099998015,50.37993408511097,8.018799277266755,0.0,,0.9999201462386615,7.985376139277734e-05,8.681299942491901e-05,40,0,4872135,347,32702.62907003781,316272795.6591193
559,19481600,4881845,3.9906223978844064,318.27641600000334,58.37410699792411,8.018799277266755,0.0,,0.9999160948448461,8.390515515205195e-05,8.881003604649901e-05,40,0,4872135,347,31259.003212625306,311219433.53911716
560,19481600,4881845,3.9906223978844064,321.6543750000085,57.76107215236699,8.018799277266755,0.0,,0.9999149066344605,8.509336555927383e-05,8.809469081405887e-05,40,0,4872135,347,31441.05891903349,308402289.5514665
561,19481600,4881845,3.9906223978844064,346.1861250000027,53.66795553259062,8.018799277266755,0.0,,0.9999179306823179,8.206931766383934e-05,8.774978448527015e-05,40,0,4872135,347,30836.365171267338,300501739.6332128
562,19481600,4881845,3.9906223978844064,338.23024999998097,54.93033684154816,8.018799277266755,0.0,,0.9999181413851796,8.18586148656589e-05,8.789304272862003e-05,40,0,4872135,347,30894.935432929426,296145721.21277285
563,19481600,4881845,3.9906223978844064,343.887790999986,54.026639062916765,8.018799277266755,0.0,,0.9999168054350092,8.319456502191495e-05,8.815210681668198e-05,40,0,4872135,347,30818.652767166524,291889773.8388244
564,19481600,4881845,3.9906223978844064,340.54662500000177,54.55670442336612,8.018799277266755,0.0,,0.9999166910702334,8.330892977461502e-05,8.855232777243093e-05,40,0,4872135,347,30780.428874928308,285853229.50271195
565,19481600,4881845,3.9906223978844064,329.3252089999896,56.415667719201494,8.018799277266755,0.0,,0.9999142419714673,8.575802852261933e-05,8.912746971435517e-05,40,0,4872135,347,31416.110757691422,289384228.1075508
566,19481600,4881845,3.9906223978844064,320.44737500001474,57.97863553258673,8.018799277266755,0.0,,0.9999135037271998,8.64962727762376e-05,8.832206850455106e-05,40,0,4872135,347,32185.012038159053,294256643.0254399
567,19481600,4881845,3.9906223978844064,334.339583000002,55.569554151474456,8.018799277266755,0.0,,0.999912845518448,8.715448155166974e-05,8.780780587181835e-05,40,0,4872135,347,31946.28344919446,295482195.5292227
568,19481600,4881845,3.9906223978844064,325.68783299998927,57.045734227660304,8.018799277266755,0.0,,0.999914801282811,8.519871722788854e-05,8.937886421778983e-05,40,0,4872135,347,31826.61746416862,301926774.051281
569,19481600,4881845,3.9906223978844064,345.4794579999998,53.77773159091853,8.018799277266755,0.0,,0.9999158188404798,8.418115952228297e-05,8.796512457123998e-05,40,0,4872135,347,31426.086226560095,297805999.24722356
570,19481600,4881845,3.9906223978844064,356.39333299999976,52.13088978434962,8.018799277266755,0.0,,0.9999183273896773,8.167261033909375e-05,8.671150321736833e-05,40,0,4872135,347,31212.130284142357,293114435.7235687
571,19481600,4881845,3.9906223978844064,318.9730419999819,58.24661998395794,8.018799277266755,0.0,,0.9999145826629792,8.541733704480241e-05,8.770825880763753e-05,40,0,4872135,347,29097.625226371558,295473635.6607346
572,19481600,4881845,3.9906223978844064,371.4111250000087,50.023007691273556,8.018799277266755,0.0,,0.9999152968890838,8.470311094931822e-05,8.930882749188893e-05,40,0,4872135,347,28768.730010237126,299357183.2945448
573,19481600,4881845,3.9906223978844064,342.109832999995,54.30741759036278,8.018799277266755,0.0,,0.9999081590324859,9.184096751013009e-05,8.879168570837713e-05,40,0,4872135,347,29709.175907520712,297418109.6497796
574,19481600,4881845,3.9906223978844064,320.4605420000064,57.97625332138279,8.018799277266755,0.0,,0.9999131611995041,8.683880048347546e-05,8.913889846935549e-05,40,0,4872135,347,29927.316404774625,294073233.9825523
575,19481600,4881845,3.9906223978844064,359.29637499998535,51.709682744505166,8.018799277266755,0.0,,0.999912518147023,8.7481853017491e-05,8.90878524422667e-05,40,0,4872135,347,29286.48733675092,293988120.7415682
576,19481600,4881845,3.9906223978844064,332.51829200000316,55.87392335847744,8.018799277266755,0.0,,0.9999148820698635,8.511793020041609e-05,8.804418393615324e-05,40,0,4872135,347,29688.484888491654,295981955.46349525
577,19481600,4881845,3.9906223978844064,370.7834999999875,50.10768160530505,8.018799277266755,0.0,,0.9999151423998578,8.485760017805961e-05,8.836586173997956e-05,40,0,4872135,347,29732.841365280317,294017804.1165756
578,19481600,4881845,3.9906223978844064,315.50933400001213,58.886059968353536,8.018799277266755,0.0,,0.999918157218628,8.184278139688763e-05,8.797237555926455e-05,40,0,4872135,347,30121.27097731398,292211144.7955568
579,19481600,4881845,3.9906223978844064,335.25133400002005,55.41842694800101,8.018799277266755,0.0,,0.9999234042692667,7.659573075156373e-05,8.899895967395637e-05,40,0,4872135,347,30130.92888333142,293119469.25233626
580,19481600,4881845,3.9906223978844064,318.4783330000016,58.33709749573421,8.018799277266755,0.0,,0.9999171853339575,8.28146660651165e-05,8.841194293001193e-05,40,0,4872135,347,29877.09233821264,297680400.9590065
581,19481600,4881845,3.9906223978844064,324.66420899999093,57.22559200389261,8.018799277266755,0.0,,0.9999148324926952,8.516750734497467e-05,8.978127387215813e-05,40,0,4872135,347,30317.606071066963,297452311.9385224
582,19481600,4881845,3.9906223978844064,349.1614160000154,53.21063757657341,8.018799277266755,0.0,,0.9999146188255775,8.53811744218209e-05,8.825608507595688e-05,40,0,4872135,347,30604.75806187107,301491626.70107573
583,19481600,4881845,3.9906223978844064,324.3600409999772,57.279255191922076,8.018799277266755,0.0,,0.9999134548839007,8.654511608099718e-05,8.918749243603214e-05,40,0,4872135,347,29938.929663909246,305425397.6268256
584,19481600,4881845,3.9906223978844064,354.7422499999868,52.37352348783008,8.018799277266755,0.0,,0.9999141619247374,8.58380752575814e-05,8.866893311845342e-05,40,0,4872135,347,30075.383601168513,302770619.47527003
585,19481600,4881845,3.9906223978844064,348.50112500001273,53.311453621560965,8.018799277266755,0.0,,0.9999179965867736,8.200341320705785e-05,8.727155850528808e-05,40,0,4872135,347,30699.43574643,302723747.9413504
586,19481600,4881845,3.9906223978844064,334.99058399999626,55.46156354800769,8.018799277266755,0.0,,0.9999113911274876,8.860887251189558e-05,8.821000572304739e-05,40,0,4872135,347,29291.637137086953,301223141.4452128
587,19481600,4881845,3.9906223978844064,377.1357500000079,49.26369765396044,8.018799277266755,0.0,,0.9999196104181554,8.038958188962399e-05,8.891499419785666e-05,40,0,4872135,347,29145.31219465974,293967139.64816785
588,19481600,4881845,3.9906223978844064,444.14120900000853,41.831519314163984,8.018799277266755,0.0,,0.9999044938746042,9.550612543931177e-05,8.888457215336787e-05,40,0,4872135,347,28943.0989077194,295944326.180948
589,19481600,4881845,3.9906223978844064,445.5612910000184,41.6981949235335,8.018799277266755,0.0,,0.9999186193761249,8.138062388668428e-05,8.906225456500807e-05,40,0,4872135,347,29193.611958318183,299210292.5895833
590,19481600,4881845,3.9906223978844064,352.97020900000575,52.63645794679431,8.018799277266755,0.0,,0.999915684415179,8.431558487027273e-05,8.85735640780128e-05,40,0,4872135,347,28134.621827230418,293598911.93029296
591,19481600,4881845,3.9906223978844064,388.58912500001,47.811686862053904,8.018799277266755,0.0,,0.9999162856284832,8.371437151081433e-05,8.811235121799857e-05,40,0,4872135,347,28439.624417927876,296415627.9670038
592,19481600,4881845,3.9906223978844064,337.45583300000703,55.05639478011219,8.018799277266755,0.0,,0.9999155635219534,8.443647804305103e-05,8.786276002366993e-05,40,0,4872135,347,28040.012038218745,295002796.43471247
593,19481600,4881845,3.9906223978844064,357.32279200001926,51.995288233668,8.018799277266755,0.0,,0.9999163264845791,8.367351549478149e-05,8.883690181325922e-05,40,0,4872135,347,28008.45046188949,293403662.07687825
594,19481600,4881845,3.9906223978844064,357.23741699999323,52.00771441727324,8.018799277266755,0.0,,0.9999062546601101,9.374533985939962e-05,8.847682072124374e-05,40,0,4872135,347,27352.359955948054,289882130.9269065
595,19481600,4881845,3.9906223978844064,307.7960829999995,60.36172189527191,8.018799277266755,0.0,,0.9999181893555501,8.181064446770848e-05,8.847444861253065e-05,40,0,4872135,347,26191.95426875902,291419459.3139789
596,19481600,4881845,3.9906223978844064,385.84158300000126,48.152149434085075,8.018799277266755,0.0,,0.9999218507023246,7.814929766103726e-05,8.838679877656582e-05,40,0,4872135,347,26565.50686435894,284035191.4310862
597,19481600,4881845,3.9906223978844064,325.4517080000028,57.08712262311999,8.018799277266755,0.0,,0.9999167945269763,8.320547303591217e-05,8.764752486207577e-05,40,0,4872135,347,25926.020288231175,283106266.649867
598,19481600,4881845,3.9906223978844064,358.90075000000365,51.76668358174178,8.018799277266755,0.0,,0.9999201740793257,7.982592074144743e-05,8.781473391200758e-05,40,0,4872135,347,25511.0422525231,280166078.41645634
599,19481600,4881845,3.9906223978844064,355.5677080000237,52.251937238627875,8.018799277266755,0.0,,0.9999155416124123,8.445838763016756e-05,8.735692977817797e-05,40,0,4872135,347,24957.329889167166,272320274.114511
600,19481600,4881845,3.9906223978844064,356.87599999999975,52.06038389384552,8.018799277266755,0.0,,0.9999194651040407,8.053489600756396e-05,8.712523336091828e-05,40,0,4872135,347,24924.95604820369,270338488.22572964
601,19481600,4881845,3.9906223978844064,357.0928750000064,52.02876580077288,8.018799277266755,0.0,,0.9999208613100685,7.913868995123147e-05,8.837626146700497e-05,40,0,4872135,347,23959.39743535075,271134301.70679796
602,19481600,4881845,3.9906223978844064,337.254707999989,55.08922817617302,8.018799277266755,0.0,,0.9999214530431,7.854695690681024e-05,8.804535242167794e-05,40,0,4872135,347,24007.051972217312,268452245.3766662
603,19481600,4881845,3.9906223978844064,342.6546659999872,54.22106688166533,8.018799277266755,0.0,,0.9999120444537061,8.795554631522352e-05,8.872613550278932e-05,40,0,4872135,347,23910.025709326,253774790.75965106
604,19481600,4881845,3.9906223978844064,337.3634579999987,55.07147001824979,8.018799277266755,0.0,,0.9999160101295438,8.39898704853371e-05,8.866196005287201e-05,40,0,4872135,347,23898.334737188656,251844801.3441419
605,19481600,4881845,3.9906223978844064,334.3510830000014,55.567642837573594,8.018799277266755,0.0,,0.9999129132412891,8.708675876573949e-05,8.932858877463084e-05,40,0,4872135,347,24193.81522374709,244623591.49595356
606,19481600,4881845,3.9906223978844064,351.28145799998833,52.88950253246961,8.018799277266755,0.0,,0.9999190706679187,8.09293320576949e-05,8.681611510252474e-05,40,0,4872135,347,23906.222232419834,245655125.9745807
607,19481600,4881845,3.9906223978844064,332.1945830000175,55.928370037566275,8.018799277266755,0.0,,0.9999097802231258,9.021977687954413e-05,9.024582619719074e-05,40,0,4872135,347,24344.419003146235,249618302.05891374
608,19481600,4881845,3.9906223978844064,345.42487499999197,53.78622938634756,8.018799277266755,0.0,,0.9999196656588045,8.033434121650109e-05,8.788485016605205e-05,40,0,4872135,347,24458.061231531818,256090220.7205069
609,19481600,4881845,3.9906223978844064,359.1598339999962,51.72934110026401,8.018799277266755,0.0,,0.9999169169702109,8.308302973078277e-05,8.864365515038315e-05,40,0,4872135,347,24289.94431136798,260045932.55805406
610,19481600,4881845,3.9906223978844064,352.61854099999823,52.68895251455338,8.018799277266755,0.0,,0.9999207556067453,7.924439329979044e-05,8.628005290608673e-05,40,0,4872135,347,23869.19878125647,260103219.0721376
611,19481600,4881845,3.9906223978844064,334.97645799999987,55.46390236922264,8.018799277266755,0.0,,0.9999169019968864,8.309800311354658e-05,8.899286304908972e-05,40,0,4872135,347,24197.50269017871,264200659.69943306
612,19481600,4881845,3.9906223978844064,355.086,52.322821971297095,8.018799277266755,0.0,,0.9999052639580946,9.473604193910603e-05,8.743220141001871e-05,40,0,4872135,347,23961.01394785558,262806116.11782888
613,19481600,4881845,3.9906223978844064,347.08458299999734,53.52903145945881,8.018799277266755,0.0,,0.9999140354749706,8.596452503739924e-05,8.78036368929028e-05,40,0,4872135,347,24263.35119968675,263246954.57747918
614,19481600,4881845,3.9906223978844064,330.13962500001526,56.276496838266965,8.018799277266755,0.0,,0.9999120515173882,8.794848264470059e-05,8.792828901639155e-05,40,0,4872135,347,24778.438482624464,257967953.39535037
615,19481600,4881845,3.9906223978844064,342.2421249999843,54.28642532680877,8.018799277266755,0.0,,0.9999158547670254,8.414523300166932e-05,8.715294223027948e-05,40,0,4872135,347,25125.183264187806,258731996.0769738
616,19481600,4881845,3.9906223978844064,317.0688750000181,58.5964218736353,8.018799277266755,0.0,,0.9999154751652107,8.452483481106917e-05,8.794713226126286e-05,40,0,4872135,347,25194.924561014646,248339656.9353374
617,19481600,4881845,3.9906223978844064,390.94741699997826,47.52327488200551,8.018799277266755,0.0,,0.9999126551652514,8.73448347725883e-05,8.548553102963579e-05,40,0,4872135,347,24931.112009731514,247973082.94922483
618,19481600,4881845,3.9906223978844064,392.18612499999495,47.37317405734392,8.018799277266755,0.0,,0.9999167549231761,8.32450768449635e-05,8.855153332883062e-05,40,0,4872135,347,25305.869688278406,243347741.4680759
619,19481600,4881845,3.9906223978844064,315.8748330000094,58.817922865350425,8.018799277266755,0.0,,0.9999196678798483,8.033212013063176e-05,8.82284993912123e-05,40,0,4872135,347,25490.189750252146,233570356.2182482
620,19481600,4881845,3.9906223978844064,460.2541659999986,40.36704702527355,8.018799277266755,0.0,,0.9999156513142101,8.434868583261837e-05,8.812022381021806e-05,40,0,4872135,347,25771.766349299007,232497697.7910473
621,19481600,4881845,3.9906223978844064,555.1229579999983,33.46844387311406,8.018799277266755,0.0,,0.9999175093548202,8.249064517443405e-05,8.818094996516e-05,40,0,4872135,347,25660.454427820383,233500581.81524038
622,19481600,4881845,3.9906223978844064,455.7146670000236,40.76915427104091,8.018799277266755,0.0,,0.9999195164301571,8.048356985191161e-05,8.628889007075015e-05,40,0,4872135,347,25565.366623730635,231775846.3225614
623,19481600,4881845,3.9906223978844064,419.1337919999967,44.327376883274894,8.018799277266755,0.0,,0.9999181980102998,8.180198967505364e-05,8.738722102612364e-05,40,0,4872135,347,25154.465341590723,229660184.92324153
624,19481600,4881845,3.9906223978844064,1100.2728330000195,16.88590411874658,8.018799277266755,0.0,,0.9999113970736749,8.860292640570145e-05,8.780575560062026e-05,40,0,4872135,347,24488.064903192997,230527794.25204378
625,19481600,4881845,3.9906223978844064,493.421957999999,37.653576743538515,8.018799277266755,0.0,,0.99991084322856,8.915677146009416e-05,8.802466148319378e-05,40,0,4872135,347,24959.000872176548,220964210.72613353
626,19481600,4881845,3.9906223978844064,805.3782920000003,23.06878860164261,8.018799277266755,0.0,,0.9999127069862476,8.729301381038126e-05,8.781779594448825e-05,40,0,4872135,347,25667.499436022394,218147380.24286264
627,19481600,4881845,3.9906223978844064,844.9778750000121,21.987678153702824,8.018799277266755,0.0,,0.99991724316246,8.275683761040231e-05,8.902847147540695e-05,40,0,4872135,347,25453.636341964142,222351325.2415834
628,19481600,4881845,3.9906223978844064,414.98983400001066,44.77001613128557,8.018799277266755,0.0,,0.9999175362423427,8.246375764149368e-05,8.842906442776838e-05,40,0,4872135,347,25630.934732816368,220653680.8833818
629,19481600,4881845,3.9906223978844064,341.31537500002196,54.43382549789562,8.018799277266755,0.0,,0.99991160445069,8.839554934226709e-05,8.885663042900657e-05,40,0,4872135,347,25304.269728919237,223826581.06979865
630,19481600,4881845,3.9906223978844064,334.41158300001916,55.557589829353894,8.018799277266755,0.0,,0.9999170172087379,8.298279127971924e-05,8.830168391302179e-05,40,0,4872135,347,26138.635752105165,226949920.27168235
631,19481600,4881845,3.9906223978844064,345.3782499999818,53.79349036165705,8.018799277266755,0.0,,0.9999136099085246,8.639009154890533e-05,8.831700671731212e-05,40,0,4872135,347,26610.383151542457,223980397.366245
632,19481600,4881845,3.9906223978844064,350.99283400001013,52.93299396106607,8.018799277266755,0.0,,0.9999181686635892,8.183133644275023e-05,8.976934127710135e-05,40,0,4872135,347,26742.99970392136,218587305.77187967
633,19481600,4881845,3.9906223978844064,319.57991699999866,58.136010976246915,8.018799277266755,0.0,,0.9999144544685571,8.554553147455517e-05,8.746814747530672e-05,40,0,4872135,347,26814.54854746108,224771865.83997962
634,19481600,4881845,3.9906223978844064,370.58779200000913,50.13414355133302,8.018799277266755,0.0,,0.9999137033466085,8.629665336950191e-05,8.795421795756867e-05,40,0,4872135,347,27057.832578460722,222920116.34799987
635,19481600,4881845,3.9906223978844064,355.31666699998254,52.288854669744254,8.018799277266755,0.0,,0.9999143179666171,8.568203342900148e-05,8.785855022825559e-05,40,0,4872135,347,27019.6000148718,225355558.25689125
636,19481600,4881845,3.9906223978844064,371.98845800000413,49.945371053689506,8.018799277266755,0.0,,0.9999141254792238,8.587452079696938e-05,8.988558243971015e-05,40,0,4872135,347,27002.143665320214,228588701.80323932
637,19481600,4881845,3.9906223978844064,328.90620799997805,56.487536904445534,8.018799277266755,0.0,,0.9999145665618854,8.543343813175792e-05,8.84118982732474e-05,40,0,4872135,347,27459.883884946383,232081128.97179943
638,19481600,4881845,3.9906223978844064,372.6276250000069,49.85969991489401,8.018799277266755,0.0,,0.9999040806925087,9.591930748473405e-05,8.830062937588899e-05,40,0,4872135,347,27616.151593625516,236272750.66856632
639,19481600,4881845,3.9906223978844064,380.84570900002745,48.78380174292225,8.018799277266755,0.0,,0.9999131672328444,8.683276718645908e-05,8.715596593893022e-05,40,0,4872135,347,27688.31719315287,232267022.02393454
640,19481600,4881845,3.9906223978844064,348.70979199996555,53.2795521913587,8.018799277266755,0.0,,0.9999144546948006,8.554530524027168e-05,8.765981278243396e-05,40,0,4872135,347,27695.78767103944,232505290.68240386
641,19481600,4881845,3.9906223978844064,331.936541999994,55.971847662678655,8.018799277266755,0.0,,0.9999164887050646,8.35112949481146e-05,8.823323576464632e-05,40,0,4872135,347,28079.06825974604,233827272.21060163
642,19481600,4881845,3.9906223978844064,424.6845420000227,43.748005225250246,8.018799277266755,0.0,,0.9999130424539471,8.695754604485996e-05,8.771264260282192e-05,40,0,4872135,347,28808.77332685182,232593826.47996268
643,19481600,4881845,3.9906223978844064,333.9423329999818,55.63565839525058,8.018799277266755,0.0,,0.9999156590284518,8.434097154835917e-05,8.879992221092139e-05,40,0,4872135,347,28896.656839078885,233359871.73135993
644,19481600,4881845,3.9906223978844064,448.7389160000248,41.402920272907586,8.018799277266755,0.0,,0.9999155267964047,8.447320360306456e-05,8.838387359705065e-05,40,0,4872135,347,28677.009819638468,217943079.625274
645,19481600,4881845,3.9906223978844064,371.5577920000328,50.00326184115757,8.018799277266755,0.0,,0.9999125700545256,8.742994558465277e-05,8.757824721548201e-05,40,0,4872135,347,28712.175531813493,216565199.06531674
646,19481600,4881845,3.9906223978844064,345.1001660000088,53.83683751256012,8.018799277266755,0.0,,0.9999161465073033,8.385349268690482e-05,8.809540980351762e-05,40,0,4872135,347,28130.627808498473,214989696.83273044
647,19481600,4881845,3.9906223978844064,312.5946659999954,59.435120247702095,8.018799277266755,0.0,,0.9999140808416103,8.591915841583114e-05,8.742663109644313e-05,40,0,4872135,347,28392.212243580758,210217944.7347935
648,19481600,4881845,3.9906223978844064,415.6227080000008,44.70184425654617,8.018799277266755,0.0,,0.9999149242384925,8.507576150285191e-05,8.71685209413125e-05,40,0,4872135,347,27880.629789013932,202575190.94430813
649,19481600,4881845,3.9906223978844064,350.0786660000017,53.071219034238176,8.018799277266755,0.0,,0.9999161694937162,8.383050627087958e-05,8.88594131755517e-05,40,0,4872135,347,27177.91907411208,200936473.35247728
650,19481600,4881845,3.9906223978844064,342.3373749999996,54.2713209812397,8.018799277266755,0.0,,0.9999126241673688,8.73758325897711e-05,8.957928639931895e-05,40,0,4872135,347,27156.85076487423,201567959.59464028
651,19481600,4881845,3.9906223978844064,330.9946670000272,56.13112057330662,8.018799277266755,0.0,,0.9999152589462044,8.474105379037316e-05,8.990198328337019e-05,40,0,4872135,347,27594.384489925393,203877430.50937954
652,19481600,4881845,3.9906223978844064,331.7220839999777,56.008033406968615,8.018799277266755,0.0,,0.999916471051382,8.352894864976674e-05,8.709277378412831e-05,40,0,4872135,347,27976.965176316702,206558745.2566988
653,19481600,4881845,3.9906223978844064,414.7530829999937,44.79557192948047,8.018799277266755,0.0,,0.9999068877738448,9.311222611993507e-05,8.971652419981545e-05,40,0,4872135,347,27864.397559565026,208972918.7596928
654,19481600,4881845,3.9906223978844064,324.6930409999891,57.220510502104126,8.018799277266755,0.0,,0.9999116201864857,8.837981353108214e-05,8.859463180315195e-05,40,0,4872135,347,28126.752428481308,211764421.3433412
655,19481600,4881845,3.9906223978844064,371.29099999998516,50.0391917996955,8.018799277266755,0.0,,0.9999165624765539,8.343752344921273e-05,8.719240091107944e-05,40,0,4872135,347,28204.756932008033,215625046.66903222
656,19481600,4881845,3.9906223978844064,421.92783300004066,44.03383732804896,8.018799277266755,0.0,,0.9999180286150208,8.197138501891473e-05,8.748848517204334e-05,40,0,4872135,347,28510.89199283264,215593158.73943236
657,19481600,4881845,3.9906223978844064,420.7594579999636,44.15611154842206,8.018799277266755,0.0,,0.9999132097913371,8.679020866940825e-05,8.788495583125768e-05,40,0,4872135,347,27784.48858969306,215740085.19110343
658,19481600,4881845,3.9906223978844064,409.76950000003853,45.34037199571528,8.018799277266755,0.0,,0.999917782972551,8.221702746533186e-05,8.807818759444882e-05,40,0,4872135,347,28329.225673313467,216028399.4148888
659,19481600,4881845,3.9906223978844064,311.65441699999974,59.614433645264256,8.018799277266755,0.0,,0.9999132361181531,8.67638819090844e-05,8.847549446006076e-05,40,0,4872135,347,27841.4036908378,217277638.8500661
660,19481600,4881845,3.9906223978844064,370.2528340000413,50.17949859229957,8.018799277266755,0.0,,0.9999165976519211,8.340234809414976e-05,8.711553693987037e-05,40,0,4872135,347,28544.979987798975,216127260.24564248
661,19481600,4881845,3.9906223978844064,334.02220799996485,55.62235419538917,8.018799277266755,0.0,,0.9999108742589017,8.9125741131562e-05,8.89974768584032e-05,40,0,4872135,347,28000.77032526208,218680041.14213663
662,19481600,4881845,3.9906223978844064,324.59441700001435,57.23789624668492,8.018799277266755,0.0,,0.9999068660952856,9.313390471876862e-05,8.799198872826418e-05,40,0,4872135,347,27662.02626390982,216047056.36980054
663,19481600,4881845,3.9906223978844064,327.5038749999908,56.729409881029724,8.018799277266755,0.0,,0.9999078505647814,9.214943518537252e-05,8.878289058226218e-05,40,0,4872135,347,27876.90253814929,217496777.868417
664,19481600,4881845,3.9906223978844064,326.2705839999853,56.943844997380566,8.018799277266755,0.0,,0.9999129471896233,8.705281037413523e-05,8.879097505601242e-05,40,0,4872135,347,27951.513793456958,221422441.10956845
665,19481600,4881845,3.9906223978844064,410.4512910000153,45.265058168617884,8.018799277266755,0.0,,0.9999169971367127,8.300286331924554e-05,8.630106657048908e-05,40,0,4872135,347,28680.080061799912,224623418.53209397
666,19481600,4881845,3.9906223978844064,340.48025000004145,54.56733999254799,8.018799277266755,0.0,,0.9999133616674276,8.663833261441262e-05,8.85622850059122e-05,40,0,4872135,347,29097.087030086408,229644358.9427218
667,19481600,4881845,3.9906223978844064,391.46604100000104,47.46031485908621,8.018799277266755,0.0,,0.9999143669086925,8.563309132608798e-05,8.78354740908659e-05,40,0,4872135,347,28572.3093947514,235157701.35043356
668,19481600,4881845,3.9906223978844064,321.4137919999871,57.80430717329251,8.018799277266755,0.0,,0.9999138828694817,8.611713055933235e-05,8.86880876907874e-05,40,0,4872135,347,27257.244543352896,238255585.09468713
669,19481600,4881845,3.9906223978844064,321.28166699999383,57.82807881938796,8.018799277266755,0.0,,0.9999111785043258,8.88214956529159e-05,8.713122096437923e-05,40,0,4872135,347,27473.99658939979,240125990.4882609
670,19481600,4881845,3.9906223978844064,331.5823330000285,56.03163894289387,8.018799277266755,0.0,,0.9999124038277738,8.759617228373304e-05,8.022028758931402e-05,40,0,4872135,347,27832.05703845366,243929633.01529598
671,19481600,4881845,3.9906223978844064,331.9369579999716,55.97177751596311,8.018799277266755,0.0,,0.9999132457688635,8.675423115259495e-05,8.850933570907908e-05,40,0,4872135,347,27171.82491394743,240024183.77707446
672,19481600,4881845,3.9906223978844064,320.5722079999873,57.95605825724211,8.018799277266755,0.0,,0.9999177719515508,8.222804845911239e-05,8.83402089902296e-05,40,0,4872135,347,26703.310444835337,240197930.29725593
673,19481600,4881845,3.9906223978844064,325.50599999996166,57.077600912125085,8.018799277266755,0.0,,0.9999145723875312,8.542761243886101e-05,8.858555527063604e-05,40,0,4872135,347,26529.28128401473,241332321.05140838
674,19481600,4881845,3.9906223978844064,397.1941249999986,46.775872031088234,8.018799277266755,0.0,,0.9999172295405138,8.27704595386669e-05,8.736529773603915e-05,40,0,4872135,347,26378.137049861285,235031264.04142213
675,19481600,4881845,3.9906223978844064,354.56424999995306,52.39981628859215,8.018799277266755,0.0,,0.9999073981054825,9.260189456096491e-05,8.931204165930363e-05,40,0,4872135,347,26635.69937541823,239121551.3418828
676,19481600,4881845,3.9906223978844064,354.27170799999885,52.44308575298387,8.018799277266755,0.0,,0.9999158621840064,8.413781597144187e-05,8.819470777928081e-05,40,0,4872135,347,26836.689381596654,242617282.12593535
677,19481600,4881845,3.9906223978844064,362.9276250000544,51.192304698484214,8.018799277266755,0.0,,0.9999119960516476,8.800394835860203e-05,8.712067868276508e-05,40,0,4872135,347,27360.028124079898,241601514.01903635
678,19481600,4881845,3.9906223978844064,338.2407500000113,54.92863164033127,8.018799277266755,0.0,,0.9999134021043328,8.65978956942797e-05,8.903418862739306e-05,40,0,4872135,347,27066.351149460963,242877634.84409496
679,19481600,4881845,3.9906223978844064,360.5924589999745,51.523821696175055,8.018799277266755,0.0,,0.999913386961046,8.661303896047133e-05,8.952573518808713e-05,40,0,4872135,347,25789.107980621833,245936470.60264295
680,19481600,4881845,3.9906223978844064,356.4724999999953,52.11931232423327,8.018799277266755,0.0,,0.999917239419114,8.276058089162965e-05,8.64767311449876e-05,40,0,4872135,347,26312.408376135667,247956146.6773396
681,19481600,4881845,3.9906223978844064,352.165207999974,52.75677761586651,8.018799277266755,0.0,,0.9999200639912189,7.993600876308554e-05,8.8251448018189e-05,40,0,4872135,347,26257.491912593385,248923142.1901758
682,19481600,4881845,3.9906223978844064,335.8659579999994,55.31701299272501,8.018799277266755,0.0,,0.9999103419769605,8.965802305228514e-05,8.799257304607411e-05,40,0,4872135,347,26525.987596237108,249090253.22331917
683,19481600,4881845,3.9906223978844064,399.06995899997355,46.556001381455104,8.018799277266755,0.0,,0.9999104446625664,8.955533748130045e-05,8.924577353489485e-05,40,0,4872135,347,26750.9806528724,247771547.90940484
684,19481600,4881845,3.9906223978844064,346.90899999998237,53.55612440870933,8.018799277266755,0.0,,0.9999172831885101,8.271681148168648e-05,8.749629171707948e-05,40,0,4872135,347,26436.484078681027,248900491.40083012
685,19481600,4881845,3.9906223978844064,322.6947499999824,57.57484918022687,8.018799277266755,0.0,,0.9999139638298358,8.603617019565787e-05,8.916447789591303e-05,40,0,4872135,347,25792.00283966829,248026775.3582478
686,19481600,4881845,3.9906223978844064,324.0950839999641,57.32608262117934,8.018799277266755,0.0,,0.9999100176102428,8.998238979964325e-05,8.865810612649628e-05,40,0,4872135,347,26341.63992189118,248640198.54234242
687,19481600,4881845,3.9906223978844064,328.24891699999625,56.600648472208704,8.018799277266755,0.0,,0.9999166115440195,8.33884560151274e-05,8.873867507766e-05,40,0,4872135,347,25606.650911477347,246853799.2868136
688,19481600,4881845,3.9906223978844064,320.74424999996154,57.92497157003509,8.018799277266755,0.0,,0.9999166211367964,8.337886322863881e-05,8.737678870809657e-05,40,0,4872135,347,25705.591210787476,245729956.54537597
689,19481600,4881845,3.9906223978844064,336.8631670000468,55.15325919410304,8.018799277266755,0.0,,0.9999091629604642,9.083703955517282e-05,8.862152055178527e-05,40,0,4872135,347,26012.61360422325,247166088.84099713
690,19481600,4881845,3.9906223978844064,326.8507500000055,56.84276864134375,8.018799277266755,0.0,,0.9999149311090632,8.506889095124275e-05,8.958808494178823e-05,40,0,4872135,347,25988.26616385545,239155269.8640649
691,19481600,4881845,3.9906223978844064,400.1827920000096,46.42653790695616,8.018799277266755,0.0,,0.999918294056725,8.170594328305993e-05,8.832487682156352e-05,40,0,4872135,347,26293.298468850568,234267525.755026
692,19481600,4881845,3.9906223978844064,350.4866669999842,53.009438908273324,8.018799277266755,0.0,,0.9999151999592382,8.480004078669936e-05,8.769014113604062e-05,40,0,4872135,347,25201.924498630775,230354107.55866832
693,19481600,4881845,3.9906223978844064,349.93312500000684,53.09329193256465,8.018799277266755,0.0,,0.9999104167650829,8.958323493915044e-05,8.922532569433629e-05,40,0,4872135,347,25584.919855025124,234021372.86751726
694,19481600,4881845,3.9906223978844064,337.4702499999671,55.05404272673461,8.018799277266755,0.0,,0.9999178219556002,8.21780444180225e-05,8.760543186054042e-05,40,0,4872135,347,25682.09097180207,230307643.10591826
695,19481600,4881845,3.9906223978844064,425.5005839999626,43.66410355502975,8.018799277266755,0.0,,0.9999135949145012,8.640508551545685e-05,8.846214548448353e-05,40,0,4872135,347,25959.680355288845,233053316.81664267
696,19481600,4881845,3.9906223978844064,423.12654199997723,43.909090350803375,8.018799277266755,0.0,,0.9999177540145384,8.224598547371428e-05,8.8390792501787e-05,40,0,4872135,347,26385.268843273472,231738621.27326286
697,19481600,4881845,3.9906223978844064,320.60604200000853,57.94994207407827,8.018799277266755,0.0,,0.9999164332967148,8.35667032583063e-05,8.783009945760768e-05,40,0,4872135,347,26029.522542014936,233660573.83361387
698,19481600,4881845,3.9906223978844064,359.18120899998485,51.72626266899387,8.018799277266755,0.0,,0.9999151511531444,8.484884684071871e-05,8.961516110677897e-05,40,0,4872135,347,25516.25989736374,235196204.63322932
699,19481600,4881845,3.9906223978844064,423.8793340000484,43.83110963956049,8.018799277266755,0.0,,0.9999176541291032,8.234587089974858e-05,8.821879631583933e-05,40,0,4872135,347,25546.68825251982,238385924.40740836
700,19481600,4881845,3.9906223978844064,335.9670410000035,55.30036966483211,8.018799277266755,0.0,,0.9999159924202471,8.40075797855238e-05,8.643860770752829e-05,40,0,4872135,347,25502.85553053043,242010946.4679421
701,19481600,4881845,3.9906223978844064,328.83941700004016,56.49901016123542,8.018799277266755,0.0,,0.999914707939501,8.529206054442274e-05,8.79461425989109e-05,40,0,4872135,347,25107.997048304675,246226202.25121856
702,19481600,4881845,3.9906223978844064,365.12758300000314,50.883862045831364,8.018799277266755,0.0,,0.9999142362917044,8.576370830452492e-05,8.818920943905513e-05,40,0,4872135,347,25595.809881693225,248363879.59426925
703,19481600,4881845,3.9906223978844064,339.5611249999888,54.71504302060671,8.018799277266755,0.0,,0.9999101229040185,8.987709599412257e-05,8.8855555307801e-05,40,0,4872135,347,25561.091651064286,250696961.6044018
704,19481600,4881845,3.9906223978844064,328.58016599999473,56.543588095029136,8.018799277266755,0.0,,0.9999140725501848,8.592744981934847e-05,8.862808828417869e-05,40,0,4872135,347,25439.00686123591,243337244.48564163
705,19481600,4881845,3.9906223978844064,348.88295799999014,53.253107199637206,8.018799277266755,0.0,,0.9999119131431733,8.808685685811347e-05,8.865827712515174e-05,40,0,4872135,347,25853.897177710634,238844050.03310567
706,19481600,4881845,3.9906223978844064,324.8796670000047,57.1876403779364,8.018799277266755,0.0,,0.9999133085053572,8.669149464025401e-05,8.764794531563246e-05,40,0,4872135,347,25793.960793167338,240668989.66001785
707,19481600,4881845,3.9906223978844064,367.1345420000307,50.605702915577055,8.018799277266755,0.0,,0.9999154768638394,8.452313616832009e-05,8.958973795974072e-05,40,0,4872135,347,25699.51087214434,239037900.77537486
708,19481600,4881845,3.9906223978844064,335.65429199995833,55.351896297224485,8.018799277266755,0.0,,0.9999159425269198,8.40574731086765e-05,8.812316375096877e-05,40,0,4872135,347,25840.29860364955,241280771.18785563
709,19481600,4881845,3.9906223978844064,345.34454200002074,53.79874097590019,8.018799277266755,0.0,,0.9999143111167559,8.568888327323968e-05,8.809185942639445e-05,40,0,4872135,347,26043.11029518741,240330271.44157198
710,19481600,4881845,3.9906223978844064,335.64987500000143,55.352624703047844,8.018799277266755,0.0,,0.9999129317552323,8.706824475784239e-05,8.927246614686332e-05,40,0,4872135,347,26371.824759685558,241608648.88567328
711,19481600,4881845,3.9906223978844064,345.3059159999725,53.80475891557409,8.018799277266755,0.0,,0.9999162807805599,8.371921946490393e-05,8.947289812533123e-05,40,0,4872135,347,26298.97819603103,242319512.08865696
712,19481600,4881845,3.9906223978844064,337.47041699996316,55.05401548279128,8.018799277266755,0.0,,0.9999096763301542,9.032366983161573e-05,8.924271997291738e-05,40,0,4872135,347,26456.71684297396,244276793.8393174
713,19481600,4881845,3.9906223978844064,370.4667499999914,50.150523798695644,8.018799277266755,0.0,,0.9999160848244296,8.391517558565364e-05,8.792209623252063e-05,40,0,4872135,347,26640.90365063876,246313572.94818175
714,19481600,4881845,3.9906223978844064,348.0737079999585,53.37691740423616,8.018799277266755,0.0,,0.9999126458666363,8.735413338531095e-05,8.898105044311051e-05,40,0,4872135,347,26588.139566520324,252818121.0011203
715,19481600,4881845,3.9906223978844064,360.8338329999583,51.48935566278273,8.018799277266755,0.0,,0.9999139007816438,8.609921838754193e-05,8.884214579444658e-05,40,0,4872135,347,26221.1826079316,256426783.27087793
716,19481600,4881845,3.9906223978844064,337.7860420000047,55.00257338193903,8.018799277266755,0.0,,0.9999183397489609,8.166025103598574e-05,8.710601353078855e-05,40,0,4872135,347,26258.398047539675,256673684.76137432
717,19481600,4881845,3.9906223978844064,371.17462499998055,50.054880671061426,8.018799277266755,0.0,,0.9999150163877094,8.498361228282029e-05,8.712485483424229e-05,40,0,4872135,347,26390.145420886594,261368069.1079959
718,19481600,4881845,3.9906223978844064,337.6425000000154,55.02595663312277,8.018799277266755,0.0,,0.999916778719716,8.32212803060246e-05,8.779974498583817e-05,40,0,4872135,347,26000.245648014286,262443491.2530177
719,19481600,4881845,3.9906223978844064,328.77100000001747,56.51076756313365,8.018799277266755,0.0,,0.9999157202599028,8.427974014698906e-05,8.667112753239519e-05,40,0,4872135,347,26287.041140844303,267123085.18949845
720,19481600,4881845,3.9906223978844064,316.18320800004085,58.76055746293016,8.018799277266755,0.0,,0.999914387230985,8.561276908085521e-05,8.967211701868884e-05,40,0,4872135,347,25915.394041601445,271410519.08459663
721,19481600,4881845,3.9906223978844064,359.95654100003094,51.61484636696296,8.018799277266755,0.0,,0.999915716952732,8.428304729338094e-05,8.829022607526694e-05,40,0,4872135,347,25721.50836864707,276458932.94233507
722,19481600,4881845,3.9906223978844064,332.1030839999821,55.94377907824849,8.018799277266755,0.0,,0.9999143893210839,8.561067894772313e-05,8.997030075024083e-05,40,0,4872135,347,24966.22296817711,275208924.4601667
723,19481600,4881845,3.9906223978844064,324.9010839999755,57.18387065307975,8.018799277266755,0.0,,0.9999160034669615,8.399653305388157e-05,8.72604540740136e-05,40,0,4872135,347,25208.440906888103,268353379.10049343
724,19481600,4881845,3.9906223978844064,341.684832999988,54.37496712796922,8.018799277266755,0.0,,0.9999122843185128,8.77156814896019e-05,8.878805590174861e-05,40,0,4872135,347,24894.60669123138,272544227.09798306
725,19481600,4881845,3.9906223978844064,365.2424579999547,50.867858200927735,8.018799277266755,0.0,,0.9999149851259953,8.501487404940333e-05,8.84612601563662e-05,40,0,4872135,347,25653.628237445628,271718430.87791955
726,19481600,4881845,3.9906223978844064,350.82912499996155,52.95769432626791,8.018799277266755,0.0,,0.9999135190866523,8.648091333406494e-05,8.866195483457958e-05,40,0,4872135,347,25485.373022879045,272725128.301094
727,19481600,4881845,3.9906223978844064,342.35179200004495,54.26903552617467,8.018799277266755,0.0,,0.9999152932343099,8.47067657185017e-05,8.852457199250091e-05,40,0,4872135,347,25583.00746892808,275645966.0625286
728,19481600,4881845,3.9906223978844064,344.5731250000108,53.91918351873617,8.018799277266755,0.0,,0.9999142952168082,8.570478319559481e-05,8.776911075822248e-05,40,0,4872135,347,26037.96734023957,273377285.8294072
729,19481600,4881845,3.9906223978844064,380.9394589999897,48.77179594697881,8.018799277266755,0.0,,0.9999103498494876,8.965015055693343e-05,8.841600174371195e-05,40,0,4872135,347,26501.7484354302,271505907.72448146
730,19481600,4881845,3.9906223978844064,330.78091699997003,56.16739239676781,8.018799277266755,0.0,,0.9999110872562157,8.891274379389542e-05,8.973925991832395e-05,40,0,4872135,347,26982.76597705065,270674806.87840897
731,19481600,4881845,3.9906223978844064,343.12929200001463,54.146066790762966,8.018799277266755,0.0,,0.999908332717258,9.166728280100946e-05,8.893678411957929e-05,40,0,4872135,347,27458.553059912425,266624285.2172502
732,19481600,4881845,3.9906223978844064,428.3742499999903,43.37119134145066,8.018799277266755,0.0,,0.9999146164696235,8.53835304063987e-05,8.662588582371354e-05,40,0,4872135,347,27811.53687787365,270175982.9169744
733,19481600,4881845,3.9906223978844064,429.31204100000286,43.276451131497325,8.018799277266755,0.0,,0.9999105467799445,8.945322007105431e-05,8.902520291702386e-05,40,0,4872135,347,28173.628147651794,271548335.5175488
734,19481600,4881845,3.9906223978844064,406.9875829999887,45.65029091440491,8.018799277266755,0.0,,0.999915051490952,8.494850908351169e-05,8.729983522205331e-05,40,0,4872135,347,28717.199794244436,271573054.9061373
735,19481600,4881845,3.9906223978844064,333.79208299999164,55.66070170244411,8.018799277266755,0.0,,0.9999161929356041,8.380706441368904e-05,8.869255517313995e-05,40,0,4872135,347,28946.1785661004,274036765.3711883
736,19481600,4881845,3.9906223978844064,346.93254199999046,53.55249022013193,8.018799277266755,0.0,,0.9999162536048846,8.374639514740721e-05,8.794444024839871e-05,40,0,4872135,347,28645.343056407855,274568239.226693
737,19481600,4881845,3.9906223978844064,331.78900000001477,55.996737572671705,8.018799277266755,0.0,,0.9999144169554429,8.558304457569734e-05,8.744064231158824e-05,40,0,4872135,347,28916.32194170964,272924414.9162107
738,19481600,4881845,3.9906223978844064,332.1658750000438,55.933203741948354,8.018799277266755,0.0,,0.999912083373548,8.791662645795566e-05,8.863207940746276e-05,40,0,4872135,347,28588.023935719095,272638323.2913507
739,19481600,4881845,3.9906223978844064,323.56608400004916,57.41980535418903,8.018799277266755,0.0,,0.9999109256167341,8.907438329400631e-05,8.887478579631254e-05,40,0,4872135,347,28109.698355008208,271483481.2486537
740,19481600,4881845,3.9906223978844064,352.35525000001644,52.72832336824592,8.018799277266755,0.0,,0.9999140479991305,8.595200086783198e-05,8.769417806820805e-05,40,0,4872135,347,26393.394186379854,275367070.3396244
741,19481600,4881845,3.9906223978844064,344.6864580000124,53.90145487670807,8.018799277266755,0.0,,0.9999169444611544,8.305553886003596e-05,8.872132024961232e-05,40,0,4872135,347,27204.220441329966,277713823.7564407
742,19481600,4881845,3.9906223978844064,362.3762080000006,51.270202492156905,8.018799277266755,0.0,,0.999911276099789,8.87239002265015e-05,8.836309885376714e-05,40,0,4872135,347,26561.680700193938,276107427.24377954
743,19481600,4881845,3.9906223978844064,374.68595800004323,49.585796226977514,8.018799277266755,0.0,,0.9999159705749765,8.402942502503403e-05,8.908413776599596e-05,40,0,4872135,347,25724.696846015242,276225029.4797738
744,19481600,4881845,3.9906223978844064,326.72816699999885,56.86409510723349,8.018799277266755,0.0,,0.9999135527567755,8.644724329876972e-05,8.827226718573229e-05,40,0,4872135,347,26095.196740567735,274857798.46719104
745,19481600,4881845,3.9906223978844064,318.4159169999816,58.348532754099324,8.018799277266755,0.0,,0.9999138428211231,8.615717891721172e-05,8.74560473168731e-05,40,0,4872135,347,26100.248756010566,278074179.41050375
746,19481600,4881845,3.9906223978844064,325.7017089999863,57.04330388546037,8.018799277266755,0.0,,0.999911161436961,8.883856304152901e-05,9.03030950003489e-05,40,0,4872135,347,26052.451472489553,276901106.27501005
747,19481600,4881845,3.9906223978844064,337.1376250000253,55.10835986490267,8.018799277266755,0.0,,0.9999146364080664,8.536359194743183e-05,8.871938928149284e-05,40,0,4872135,347,25827.359671740407,270066576.74275905
748,19481600,4881845,3.9906223978844064,352.6668330000007,52.681737617497944,8.018799277266755,0.0,,0.9999134929007008,8.650709936162376e-05,8.855369128177654e-05,40,0,4872135,347,25896.269672381906,271800735.6603572
749,19481600,4881845,3.9906223978844064,323.20358399999805,57.484206494752584,8.018799277266755,0.0,,0.999914717551057,8.52824489649262e-05,8.682678835934552e-05,40,0,4872135,347,26002.378460230117,272386048.1562804
750,19481600,4881845,3.9906223978844064,364.29733400001396,50.999828515075784,8.018799277266755,0.0,,0.9999137383097166,8.62616903073747e-05,8.816219617935136e-05,40,0,4872135,347,26356.75893390019,273079047.96860486
751,19481600,4881845,3.9906223978844064,310.344041999997,59.86614546478125,8.018799277266755,0.0,,0.9999156363479392,8.436365209005127e-05,8.696280497088758e-05,40,0,4872135,347,26250.54078454533,270296945.54396826
752,19481600,4881845,3.9906223978844064,312.5613330000192,59.441458686442374,8.018799277266755,0.0,,0.9999164437583045,8.355624171822089e-05,8.841886908202619e-05,40,0,4872135,347,25815.340307922208,267566234.45521337
753,19481600,4881845,3.9906223978844064,322.6870409999947,57.57622464454749,8.018799277266755,0.0,,0.9999136055967798,8.63944032414177e-05,8.720585788805147e-05,40,0,4872135,347,26417.07227045665,261474296.51349926
754,19481600,4881845,3.9906223978844064,339.60366700000577,54.708188891551885,8.018799277266755,0.0,,0.9999170533925121,8.294660751331162e-05,8.701314388770194e-05,40,0,4872135,347,26668.551695206643,260166089.63700497
755,19481600,4881845,3.9906223978844064,335.5980000000045,55.361180824974376,8.018799277266755,0.0,,0.999914275192365,8.572480765735427e-05,8.844179023260098e-05,40,0,4872135,347,25735.730780717502,256119654.41747183
756,19481600,4881845,3.9906223978844064,316.04566699996894,58.786129671892716,8.018799277266755,0.0,,0.9999173954527596,8.260454725319451e-05,8.872563220187794e-05,40,0,4872135,347,25634.20959814452,252075156.29156116
757,19481600,4881845,3.9906223978844064,460.7814579999854,40.32085328073377,8.018799277266755,0.0,,0.9999177503142263,8.224968577325768e-05,8.736242127514358e-05,40,0,4872135,347,26296.987015702514,251806693.97631812
758,19481600,4881845,3.9906223978844064,385.49304200000734,48.195685883481254,8.018799277266755,0.0,,0.9999164771530389,8.352284699455178e-05,8.679816700308946e-05,40,0,4872135,347,25303.029833572084,252234796.7528279
759,19481600,4881845,3.9906223978844064,316.22337499999276,58.753093639900676,8.018799277266755,0.0,,0.9999148410835562,8.515891645234793e-05,8.788559706147348e-05,40,0,4872135,347,25008.14133496528,247809374.82247278
760,19481600,4881845,3.9906223978844064,306.5377919999719,60.609497580323485,8.018799277266755,0.0,,0.99991179079818,8.820920186121475e-05,8.906649589102817e-05,40,0,4872135,347,24456.01160836664,247120921.29724768
761,19481600,4881845,3.9906223978844064,338.8381249999952,54.83179191391247,8.018799277266755,0.0,,0.9999135312685195,8.646873147529182e-05,8.865252348986141e-05,40,0,4872135,347,24396.928795757474,239871055.76837426
762,19481600,4881845,3.9906223978844064,428.52020899999843,43.356418605919394,8.018799277266755,0.0,,0.9999157268371008,8.427316291343055e-05,8.809333311608815e-05,40,0,4872135,347,24342.434939524308,238310000.0057161
763,19481600,4881845,3.9906223978844064,719.6687499999825,25.816184963568936,8.018799277266755,0.0,,0.9999106033175855,8.93966824013864e-05,8.804500424253922e-05,40,0,4872135,347,24808.665179251053,242325793.31034896
764,19481600,4881845,3.9906223978844064,342.106541000021,54.30794017615366,8.018799277266755,0.0,,0.9999145180009108,8.548199912142369e-05,8.770070967277559e-05,40,0,4872135,347,25191.86981032831,246269105.107022
765,19481600,4881845,3.9906223978844064,322.77649999997493,57.56026712756797,8.018799277266755,0.0,,0.9999125787511759,8.742124885706437e-05,8.868671210519185e-05,40,0,4872135,347,24349.46544568724,252026726.9155492
766,19481600,4881845,3.9906223978844064,317.01662500000793,58.60607961017671,8.018799277266755,0.0,,0.9999150958010993,8.490419893565179e-05,8.812187351948228e-05,40,0,4872135,347,24208.502707121625,254394715.2718191
767,19481600,4881845,3.9906223978844064,347.7151250000361,53.43196262313315,8.018799277266755,0.0,,0.9999124592987256,8.754070134214902e-05,8.770290654382886e-05,40,0,4872135,347,24477.629288047196,257257942.09888065
768,19481600,4881845,3.9906223978844064,352.77695799999265,52.665292165993414,8.018799277266755,0.0,,0.9999126461674038,8.735383260282695e-05,8.699751887598949e-05,40,0,4872135,347,24547.74689797554,261249489.99814552
769,19481600,4881845,3.9906223978844064,375.98095800001374,49.41500671025824,8.018799277266755,0.0,,0.9999171902393887,8.280976064900927e-05,8.781112551617753e-05,40,0,4872135,347,25127.903883776813,266029509.3924543
770,19481600,4881845,3.9906223978844064,353.57333399997515,52.54667073535955,8.018799277266755,0.0,,0.9999137709322072,8.622906782166501e-05,8.778094079025455e-05,40,0,4872135,347,24690.153313134353,266618214.98252866
771,19481600,4881845,3.9906223978844064,436.75062500000195,42.53938174101049,8.018799277266755,0.0,,0.9999117648361003,8.823516390020059e-05,8.806263286280768e-05,40,0,4872135,347,24994.795588110603,269086501.93331605
772,19481600,4881845,3.9906223978844064,352.7599999999893,52.66782391002541,8.018799277266755,0.0,,0.9999110346634763,8.896533655401343e-05,8.830461521588705e-05,40,0,4872135,347,25145.534143283894,273331431.8782681
773,19481600,4881845,3.9906223978844064,341.37454199998274,54.42439103294627,8.018799277266755,0.0,,0.9999156340366812,8.436596332428073e-05,8.751098730374875e-05,40,0,4872135,347,25332.36208974071,272543455.09987056
774,19481600,4881845,3.9906223978844064,347.96254100001534,53.39397025066322,8.018799277266755,0.0,,0.9999158650626844,8.413493733699154e-05,8.636449673035527e-05,40,0,4872135,347,25526.303710286506,271531311.49718183
775,19481600,4881845,3.9906223978844064,325.1987919999806,57.13152084064663,8.018799277266755,0.0,,0.9999129326384234,8.706736159493309e-05,8.824532921293597e-05,40,0,4872135,347,25994.280711877633,268989281.4465325
776,19481600,4881845,3.9906223978844064,342.8705420000142,54.186928553632434,8.018799277266755,0.0,,0.9999109936790211,8.900632099262657e-05,8.700372964091975e-05,40,0,4872135,347,26501.766391658664,265199214.2695943
777,19481600,4881845,3.9906223978844064,355.77362499998344,52.221694518532296,8.018799277266755,0.0,,0.9999158453777516,8.415462226436946e-05,8.808775261462299e-05,40,0,4872135,347,26043.88267421727,266364487.83632666
778,19481600,4881845,3.9906223978844064,337.0304580000152,55.125882903138574,8.018799277266755,0.0,,0.9999133665054438,8.663349456949782e-05,8.762934183245374e-05,40,0,4872135,347,26352.89314104226,264764130.34115636
779,19481600,4881845,3.9906223978844064,343.1755830000043,54.138763020619,8.018799277266755,0.0,,0.9999133846869637,8.661531303631734e-05,8.793810325603585e-05,40,0,4872135,347,26507.447096983982,266506988.6816593
780,19481600,4881845,3.9906223978844064,313.0548749999775,59.34774714018216,8.018799277266755,0.0,,0.9999121597016161,8.784029840713341e-05,8.786123913269248e-05,40,0,4872135,347,26859.703234580444,264110300.6793857
781,19481600,4881845,3.9906223978844064,407.892707999963,45.54899167871783,8.018799277266755,0.0,,0.9999145838302169,8.541616979349041e-05,8.744787445314738e-05,40,0,4872135,347,27065.633945843452,265851787.79501998
782,19481600,4881845,3.9906223978844064,414.73354200002177,44.79768256240781,8.018799277266755,0.0,,0.9999117636233338,8.823637667212267e-05,8.823872730674864e-05,40,0,4872135,347,26519.25201852414,267703561.59750518
783,19481600,4881845,3.9906223978844064,466.6459999999688,39.81412368798027,8.018799277266755,0.0,,0.9999147435330831,8.525646692072871e-05,8.780910522308843e-05,40,0,4872135,347,26398.582076256334,267315375.9866989
784,19481600,4881845,3.9906223978844064,405.77533300000823,45.78667073017872,8.018799277266755,0.0,,0.9999150564381073,8.494356185306173e-05,8.859486624112824e-05,40,0,4872135,347,26041.216125762174,268333396.3759001
785,19481600,4881845,3.9906223978844064,353.72187499996244,52.524604429686384,8.018799277266755,0.0,,0.9999144412325418,8.555876748535374e-05,8.764067351437713e-05,40,0,4872135,347,26316.47008341984,264114679.1855923
786,19481600,4881845,3.9906223978844064,342.7622910000423,54.204041839881704,8.018799277266755,0.0,,0.9999135804046679,8.641959535425991e-05,8.850259897310544e-05,40,0,4872135,347,26366.676131124936,266946533.2949387
787,19481600,4881845,3.9906223978844064,332.01387500002966,55.95881064458026,8.018799277266755,0.0,,0.9999107690404443,8.923095957551034e-05,8.862437824638784e-05,40,0,4872135,347,25958.457279240694,267971386.61780813
788,19481600,4881845,3.9906223978844064,338.0431250000129,54.960743729070934,8.018799277266755,0.0,,0.999911774847986,8.822515207360238e-05,8.925787845832487e-05,40,0,4872135,347,26270.84366832968,262495959.85414127
789,19481600,4881845,3.9906223978844064,342.72645800001555,54.209709022520684,8.018799277266755,0.0,,0.999914375977791,8.562402219354165e-05,8.748498639434619e-05,40,0,4872135,347,26272.776683212483,261619505.3743441
790,19481600,4881845,3.9906223978844064,339.99691700000767,54.6449118610672,8.018799277266755,0.0,,0.9999131743358931,8.682566412776233e-05,8.811608647078398e-05,40,0,4872135,347,26069.22319201338,257913520.5510352
791,19481600,4881845,3.9906223978844064,366.2578750000307,50.7268316414997,8.018799277266755,0.0,,0.9999155149734551,8.448502656047481e-05,8.731754126615546e-05,40,0,4872135,347,25360.25643888074,255028801.44016254
792,19481600,4881845,3.9906223978844064,347.7947089999702,53.419736073390325,8.018799277266755,0.0,,0.9999124329917977,8.756700820510651e-05,8.773837101921255e-05,40,0,4872135,347,25636.742875970078,258157792.74308303
793,19481600,4881845,3.9906223978844064,330.96220800001674,56.13662561285263,8.018799277266755,0.0,,0.9999139676008519,8.603239916761081e-05,8.833492439613017e-05,40,0,4872135,347,25412.719781900894,256135321.03336498
794,19481600,4881845,3.9906223978844064,369.0556660000084,50.342274280378014,8.018799277266755,0.0,,0.9999142073702335,8.57926297919005e-05,8.87911742007487e-05,40,0,4872135,347,25921.99623733175,258291160.34863412
795,19481600,4881845,3.9906223978844064,326.9266670000093,56.82956894580727,8.018799277266755,0.0,,0.9999160040347121,8.399596534224418e-05,8.859840857872949e-05,40,0,4872135,347,25378.122659557226,261403847.9793517
796,19481600,4881845,3.9906223978844064,338.46799999997756,54.89175213757647,8.018799277266755,0.0,,0.9999136695474982,8.633045250751836e-05,8.814342502312797e-05,40,0,4872135,347,25331.681054243396,265878373.96275577
797,19481600,4881845,3.9906223978844064,336.17325000000164,55.26644836405011,8.018799277266755,0.0,,0.9999136858247967,8.631417525029834e-05,8.79022622269098e-05,40,0,4872135,347,25793.863583952796,265664496.3477937
798,19481600,4881845,3.9906223978844064,320.95854200002805,57.88629723554258,8.018799277266755,0.0,,0.9999085399413952,9.146005861025777e-05,8.899876421911122e-05,40,0,4872135,347,26000.53115743321,260954352.4341653
799,19481600,4881845,3.9906223978844064,365.96920799996724,50.76684364795429,8.018799277266755,0.0,,0.9999127464022082,8.725359780877099e-05,8.881627082670691e-05,40,0,4872135,347,25474.219685754215,261630342.81320208
800,19481600,4881845,3.9906223978844064,359.46433300000535,51.68552164116856,8.018799277266755,0.0,,0.9999142778130637,8.572218693722806e-05,8.759072348204355e-05,40,0,4872135,347,24977.17061165409,260067489.2675659
801,19481600,4881845,3.9906223978844064,345.0996669999995,53.83691535842608,8.018799277266755,0.0,,0.9999131256769634,8.687432308714365e-05,8.91143320890584e-05,40,0,4872135,347,25299.0885695885,260724530.26390472
802,19481600,4881845,3.9906223978844064,320.63950000002706,57.94389512988398,8.018799277266755,0.0,,0.9999107557806294,8.924421936093457e-05,8.86966284741137e-05,40,0,4872135,347,25976.342663364696,250949200.84456167
803,19481600,4881845,3.9906223978844064,370.7983750000494,50.10567147846191,8.018799277266755,0.0,,0.9999118030588967,8.819694114494276e-05,8.820229221282048e-05,40,0,4872135,347,25338.239476114522,251313109.0007188
804,19481600,4881845,3.9906223978844064,324.5802499999968,57.240394517227045,8.018799277266755,0.0,,0.9999137393665163,8.626063350383228e-05,8.867691081457968e-05,40,0,4872135,347,25071.07485936907,255029287.63015404
805,19481600,4881845,3.9906223978844064,369.0232499999979,50.34669648186152,8.018799277266755,0.0,,0.999915555468844,8.444453118508154e-05,8.752062321822621e-05,40,0,4872135,347,25133.524707617264,255320712.7996973
806,19481600,4881845,3.9906223978844064,359.44033299995226,51.68897270775249,8.018799277266755,0.0,,0.9999105964343287,8.940356567517835e-05,8.820480678905159e-05,40,0,4872135,347,25437.16103502928,256420192.7169647
807,19481600,4881845,3.9906223978844064,437.21395799997254,42.4943010682682,8.018799277266755,0.0,,0.9999133913995462,8.660860043926136e-05,8.864763356482001e-05,40,0,4872135,347,25522.11114581359,259586800.6029609
808,19481600,4881845,3.9906223978844064,462.22783399997525,40.194683651398186,8.018799277266755,0.0,,0.9999155426344856,8.445736552772362e-05,8.832552034065632e-05,40,0,4872135,347,25819.90909552205,263687217.0180619
809,19481600,4881845,3.9906223978844064,320.0403329999517,58.05237542513994,8.018799277266755,0.0,,0.9999136307238482,8.636927615254147e-05,8.786765323162033e-05,40,0,4872135,347,26142.6394679412,254421053.7975943
810,19481600,4881845,3.9906223978844064,361.310082999978,51.421486519935094,8.018799277266755,0.0,,0.9999120241433472,8.79758566572802e-05,8.966962451024727e-05,40,0,4872135,347,26252.195410004493,254463772.7750124
811,19481600,4881845,3.9906223978844064,342.79937499997004,54.19817805240054,8.018799277266755,0.0,,0.9999140865827599,8.591341728630626e-05,8.89154007278853e-05,40,0,4872135,347,26679.337211315713,253425977.13982725
812,19481600,4881845,3.9906223978844064,379.333416999998,48.97828857113345,8.018799277266755,0.0,,0.9999145684786792,8.543152132962207e-05,8.849067750183473e-05,40,0,4872135,347,27167.52919912253,253702678.42410618
813,19481600,4881845,3.9906223978844064,332.9128749999768,55.8076991239864,8.018799277266755,0.0,,0.9999135111295016,8.648887054774589e-05,8.913427632752657e-05,40,0,4872135,347,27374.803332791096,253290082.83981392
814,19481600,4881845,3.9906223978844064,352.82095899998467,52.65872417318838,8.018799277266755,0.0,,0.9999152430339568,8.475696602766667e-05,8.743778066643651e-05,40,0,4872135,347,27692.45895148054,246994223.1457849
815,19481600,4881845,3.9906223978844064,363.25866700002507,51.14565253442038,8.018799277266755,0.0,,0.9999085428662398,9.145713380492603e-05,8.83574915438785e-05,40,0,4872135,347,28200.121851045347,250372476.1434211
816,19481600,4881845,3.9906223978844064,328.6405409999702,56.533200395692155,8.018799277266755,0.0,,0.999915139494154,8.486050583930761e-05,8.819933553135106e-05,40,0,4872135,347,27646.816460385246,249788360.39322886
817,19481600,4881845,3.9906223978844064,326.1354159999996,56.96744557941546,8.018799277266755,0.0,,0.9999142098345808,8.57901654127237e-05,8.952268915248481e-05,40,0,4872135,347,27664.78184400853,254143851.40625834
818,19481600,4881845,3.9906223978844064,341.5581660000271,54.395132109060825,8.018799277266755,0.0,,0.99991261327451,8.738672551974894e-05,8.796128877836421e-05,40,0,4872135,347,26973.455458420012,254682360.5941624
819,19481600,4881845,3.9906223978844064,371.2058749999869,50.050666796425716,8.018799277266755,0.0,,0.9999153827323102,8.461726769868994e-05,8.8032210203222e-05,40,0,4872135,347,27094.249195400967,256943303.6829387
820,19481600,4881845,3.9906223978844064,365.82133399997474,50.78736485746149,8.018799277266755,0.0,,0.9999151022986856,8.489770132570088e-05,8.89268945153093e-05,40,0,4872135,347,26734.05438323136,261902246.9090585
821,19481600,4881845,3.9906223978844064,325.6427499999859,57.053631817385174,8.018799277266755,0.0,,0.999912330013831,8.76699861790864e-05,8.78302252685574e-05,40,0,4872135,347,26268.45933832059,266334758.11171445
822,19481600,4881845,3.9906223978844064,341.3351250000005,54.430675900993116,8.018799277266755,0.0,,0.9999135028368543,8.649716315014903e-05,8.834911475110104e-05,40,0,4872135,347,24762.98051945318,252260313.40803546
823,19481600,4881845,3.9906223978844064,343.28954100004694,54.120791179296255,8.018799277266755,0.0,,0.99991385952635,8.614047367050771e-05,8.861113774331762e-05,40,0,4872135,347,25450.92770290501,251662138.83054066
824,19481600,4881845,3.9906223978844064,351.0139170000457,52.92981463893804,8.018799277266755,0.0,,0.9999112298410208,8.877015899664481e-05,8.935901825820553e-05,40,0,4872135,347,25668.13014182047,255975480.18821496
825,19481600,4881845,3.9906223978844064,377.68170800001144,49.192484488815744,8.018799277266755,0.0,,0.9999114989081395,8.850109184752444e-05,8.984525147225668e-05,40,0,4872135,347,25628.332020640835,255221291.58586016
826,19481600,4881845,3.9906223978844064,338.26358400000345,54.92492376152383,8.018799277266755,0.0,,0.999915777491266,8.422250873046515e-05,8.7646538629858e-05,40,0,4872135,347,25747.03881430599,256671052.0619914
827,19481600,4881845,3.9906223978844064,348.8277920000087,53.26152900827219,8.018799277266755,0.0,,0.9999138123388465,8.618766118433869e-05,8.894852649118439e-05,40,0,4872135,347,26001.599528673145,260078170.3813669
828,19481600,4881845,3.9906223978844064,478.71579100001327,38.81029602906808,8.018799277266755,0.0,,0.9999082124451987,9.178755480574938e-05,8.891704760476208e-05,40,0,4872135,347,26451.21887462408,249165000.3230359
829,19481600,4881845,3.9906223978844064,345.1852499999859,53.82356738157485,8.018799277266755,0.0,,0.9999167315465184,8.3268453510287e-05,8.85727475128202e-05,40,0,4872135,347,25852.999109827917,251414823.5805649
830,19481600,4881845,3.9906223978844064,359.0750419999722,51.74155646969593,8.018799277266755,0.0,,0.9999137993399274,8.620066008147793e-05,8.813719470017025e-05,40,0,4872135,347,25779.641604483862,253994421.90909344
831,19481600,4881845,3.9906223978844064,338.10458300001756,54.9507533960255,8.018799277266755,0.0,,0.9999133470304306,8.665296961110146e-05,8.758176074520288e-05,40,0,4872135,347,25991.875617703958,253606244.079996
832,19481600,4881845,3.9906223978844064,350.41649999999436,53.020053457814626,8.018799277266755,0.0,,0.9999173491780884,8.26508219118922e-05,8.63629356598437e-05,40,0,4872135,347,26420.39933755558,254598313.50207645
833,19481600,4881845,3.9906223978844064,350.0661659999764,53.073114076672155,8.018799277266755,0.0,,0.9999145924540729,8.540754592383179e-05,8.696202695987556e-05,40,0,4872135,347,26577.649403803254,256816924.29886836
834,19481600,4881845,3.9906223978844064,359.4088749999855,51.693496891251634,8.018799277266755,0.0,,0.9999140226295092,8.597737048308137e-05,8.901734218728754e-05,40,0,4872135,347,27104.099235096728,258621457.04533872
835,19481600,4881845,3.9906223978844064,371.4181250000479,50.02206492345414,8.018799277266755,0.0,,0.9999155172980201,8.448270201517217e-05,8.699873254632094e-05,40,0,4872135,347,27299.286150216405,260203300.95984617
836,19481600,4881845,3.9906223978844064,357.59758300002886,51.95533316146183,8.018799277266755,0.0,,0.9999122530204321,8.77469795650417e-05,8.896385325181288e-05,40,0,4872135,347,27155.739683304382,261265094.30805412
837,19481600,4881845,3.9906223978844064,331.7451670000082,56.00413633908204,8.018799277266755,0.0,,0.9999143991581088,8.560084192362971e-05,8.785609657531028e-05,40,0,4872135,347,27149.945265753224,262371419.2226194
838,19481600,4881845,3.9906223978844064,342.9727089999801,54.17078698964668,8.018799277266755,0.0,,0.9999030079677037,9.699203232370798e-05,8.944374680428314e-05,40,0,4872135,347,27203.54516807083,234679323.298485
839,19481600,4881845,3.9906223978844064,340.35595800003193,54.58726702383232,8.018799277266755,0.0,,0.9999133118461506,8.668815387523072e-05,8.713553330692099e-05,40,0,4872135,347,27733.378786520592,237121760.53236306
840,19481600,4881845,3.9906223978844064,322.6298750000183,57.58642643524239,8.018799277266755,0.0,,0.9999145096387064,8.549036131067414e-05,8.803528113272079e-05,40,0,4872135,347,27864.389727262875,233024592.55409727
841,19481600,4881845,3.9906223978844064,352.3356669999771,52.73125403594524,8.018799277266755,0.0,,0.9999138172244257,8.618277563100614e-05,8.878534752394973e-05,40,0,4872135,347,28135.993713518405,232105653.59220406
842,19481600,4881845,3.9906223978844064,350.0859580000224,53.07011360478163,8.018799277266755,0.0,,0.9999142194090404,8.57805909689457e-05,8.876978810482647e-05,40,0,4872135,347,28426.806557252246,234808398.44280085
843,19481600,4881845,3.9906223978844064,347.7702499999964,53.423493132319955,8.018799277266755,0.0,,0.9999146676051707,8.533239481268144e-05,8.979756474657681e-05,40,0,4872135,347,29082.48167893767,236876511.590177
844,19481600,4881845,3.9906223978844064,324.1379169999732,57.318507302252875,8.018799277266755,0.0,,0.9999154229604993,8.457703952425906e-05,8.802600573931586e-05,40,0,4872135,347,27965.353761902352,239324349.51595137
845,19481600,4881845,3.9906223978844064,326.16683399999147,56.96195819376438,8.018799277266755,0.0,,0.9999160871801337,8.391281985682321e-05,8.795721590907501e-05,40,0,4872135,347,27756.616027525077,239267664.80451345
846,19481600,4881845,3.9906223978844064,376.278832999958,49.37588812629828,8.018799277266755,0.0,,0.9999147179114418,8.528208856144878e-05,8.887466379173947e-05,40,0,4872135,347,27987.98134519664,235715509.36505076
847,19481600,4881845,3.9906223978844064,356.362167000043,52.135448942024645,8.018799277266755,0.0,,0.9999134280767552,8.657192329230463e-05,8.791202906896224e-05,40,0,4872135,347,27377.5083108433,240495508.81277514
848,19481600,4881845,3.9906223978844064,345.72774999998046,53.73910992826306,8.018799277266755,0.0,,0.9999121374696172,8.786253042227017e-05,8.81554396483633e-05,40,0,4872135,347,26552.082740856866,246517240.490217
849,19481600,4881845,3.9906223978844064,342.4662080000189,54.25090455201634,8.018799277266755,0.0,,0.9999135978683061,8.640213173122179e-05,8.738886713917242e-05,40,0,4872135,347,27058.591191889132,245702447.66632935
850,19481600,4881845,3.9906223978844064,338.4798339999975,54.889833001100264,8.018799277266755,0.0,,0.9999107120318418,8.92879681979147e-05,8.883433584619794e-05,40,0,4872135,347,27433.50431471209,246538390.43271187
851,19481600,4881845,3.9906223978844064,337.63475000000653,55.027219687842084,8.018799277266755,0.0,,0.9999103749950441,8.962500495885385e-05,8.947821772206209e-05,40,0,4872135,347,28065.459062136615,248408646.99411082
852,19481600,4881845,3.9906223978844064,371.3797500000169,50.027233747933636,8.018799277266755,0.0,,0.9999142780883608,8.572191167566541e-05,8.815281391446749e-05,40,0,4872135,347,28345.796607235927,247707134.54050493
853,19481600,4881845,3.9906223978844064,346.0961249999741,53.68191152819578,8.018799277266755,0.0,,0.9999141792876411,8.582071238201002e-05,8.810006976297373e-05,40,0,4872135,347,28076.722975585548,250099645.728294
854,19481600,4881845,3.9906223978844064,357.93166700000256,51.90683942055305,8.018799277266755,0.0,,0.999915201669378,8.479833063419583e-05,8.803859321620557e-05,40,0,4872135,347,28484.681117010063,251778536.47812855
855,19481600,4881845,3.9906223978844064,333.38833400000567,55.728109437985566,8.018799277266755,0.0,,0.9999125822650541,8.74177349471153e-05,8.785671878561234e-05,40,0,4872135,347,29144.232556561583,252357052.4324803
856,19481600,4881845,3.9906223978844064,354.5625419999965,52.40006870917623,8.018799277266755,0.0,,0.9999127906569808,8.720934299320472e-05,8.775426053608316e-05,40,0,4872135,347,28488.719054792928,252728190.7282705
857,19481600,4881845,3.9906223978844064,347.8932500000269,53.40460489675659,8.018799277266755,0.0,,0.9999154622750509,8.453772495734698e-05,8.734174095245281e-05,40,0,4872135,347,28351.85371915315,251823951.94373375
858,19481600,4881845,3.9906223978844064,341.3004169999567,54.436211141524495,8.018799277266755,0.0,,0.9999115011496678,8.849885035434417e-05,8.72512130825654e-05,40,0,4872135,347,28253.454433705345,252601555.79116404
859,19481600,4881845,3.9906223978844064,329.0572500000053,56.46160831435776,8.018799277266755,0.0,,0.9999146465454357,8.535345458591045e-05,8.754512085910665e-05,40,0,4872135,347,28656.31496606695,255580631.56072485
860,19481600,4881845,3.9906223978844064,395.8370419999824,46.936237873616754,8.018799277266755,0.0,,0.9999167028587176,8.329714129589462e-05,8.708694042194984e-05,40,0,4872135,347,28799.38538291025,256082019.1947179
861,19481600,4881845,3.9906223978844064,331.01575000000594,56.127545479330415,8.018799277266755,0.0,,0.9999108669648253,8.913303519574415e-05,8.889736554402601e-05,40,0,4872135,347,28483.69721329717,260847926.30152652
862,19481600,4881845,3.9906223978844064,352.78554199999235,52.66401071079155,8.018799277266755,0.0,,0.9999125429337845,8.745706625693052e-05,8.70546500194823e-05,40,0,4872135,347,28759.275069886142,258684907.6381747
863,19481600,4881845,3.9906223978844064,342.2289999999748,54.288507293366045,8.018799277266755,0.0,,0.9999175814218202,8.241857820420215e-05,8.749447028353499e-05,40,0,4872135,347,28797.3868856813,248099317.92671558
864,19481600,4881845,3.9906223978844064,336.234165999997,55.25643566662457,8.018799277266755,0.0,,0.9999155328393182,8.446716072558076e-05,8.7490353063974e-05,40,0,4872135,347,27882.305351522955,249367338.3107261
865,19481600,4881845,3.9906223978844064,326.1192500000334,56.970269502637755,8.018799277266755,0.0,,0.9999148328639176,8.51671360920749e-05,8.780946378330275e-05,40,0,4872135,347,27807.178256968018,249994294.04470518
866,19481600,4881845,3.9906223978844064,325.019999999995,57.16294862623927,8.018799277266755,0.0,,0.9999120000118141,8.79999882271667e-05,8.709083825623482e-05,40,0,4872135,347,28247.925543152596,251182240.30990636
867,19481600,4881845,3.9906223978844064,389.9529159999702,47.64447398696057,8.018799277266755,0.0,,0.9999161066478891,8.389335214271072e-05,8.811434507265336e-05,40,0,4872135,347,28605.178564060112,251483106.71055272
868,19481600,4881845,3.9906223978844064,337.25741699998935,55.08878567524754,8.018799277266755,0.0,,0.9999130968120687,8.690318797177065e-05,8.8529662233196e-05,40,0,4872135,347,29020.27193703931,247998554.04876122
869,19481600,4881845,3.9906223978844064,325.5188750000002,57.07534336526565,8.018799277266755,0.0,,0.999913554573031,8.644542698158154e-05,8.729598373232592e-05,40,0,4872135,347,29256.613528121365,248119619.4379238
870,19481600,4881845,3.9906223978844064,331.9734579999931,55.96562350023894,8.018799277266755,0.0,,0.9999150344047061,8.496559531996007e-05,8.85277770657343e-05,40,0,4872135,347,28444.32407489141,253100396.34979272
871,19481600,4881845,3.9906223978844064,357.41841599997315,51.98137737396664,8.018799277266755,0.0,,0.999916239070196,8.376092981440354e-05,8.754763266324266e-05,40,0,4872135,347,28628.739265593515,250740307.11443132
872,19481600,4881845,3.9906223978844064,330.1205829999958,56.279742976523934,8.018799277266755,0.0,,0.9999132232717785,8.677672823295656e-05,8.742697882861752e-05,40,0,4872135,347,29066.175569606636,250426082.22172955
873,19481600,4881845,3.9906223978844064,329.31858300003114,56.416802821291874,8.018799277266755,0.0,,0.9999143833081133,8.561669189776036e-05,8.727164553824741e-05,40,0,4872135,347,28831.051558102605,252276775.04224914
874,19481600,4881845,3.9906223978844064,374.4777910000039,49.613360282024864,8.018799277266755,0.0,,0.9999151789309484,8.482106909167295e-05,8.724036714570452e-05,40,0,4872135,347,27119.896163087025,255255442.72705063
875,19481600,4881845,3.9906223978844064,319.32087499995987,58.18317252983331,8.018799277266755,0.0,,0.999917305741564,8.269425846472856e-05,8.765019310252559e-05,40,0,4872135,347,27018.29554211615,248553577.47089922
876,19481600,4881845,3.9906223978844064,324.88529200003313,57.18665024238187,8.018799277266755,0.0,,0.9999125777102175,8.742228978547427e-05,8.717049605032439e-05,40,0,4872135,347,27468.779337798584,248216732.98239365
877,19481600,4881845,3.9906223978844064,328.8505000000441,56.49710601777254,8.018799277266755,0.0,,0.9999132801670254,8.671983298271729e-05,8.867187036870094e-05,40,0,4872135,347,27005.45935292361,248069201.65751913
878,19481600,4881845,3.9906223978844064,371.2197920000335,50.04879040096634,8.018799277266755,0.0,,0.999913415396933,8.658460306214166e-05,8.816632185874419e-05,40,0,4872135,347,26195.985342984182,245542581.20509085
879,19481600,4881845,3.9906223978844064,351.06287499996824,52.9224332322285,8.018799277266755,0.0,,0.9999159577771864,8.40422228379448e-05,8.888637330974143e-05,40,0,4872135,347,26113.96886333423,247533766.1090401
880,19481600,4881845,3.9906223978844064,317.9825000000278,58.42806306164136,8.018799277266755,0.0,,0.9999141634865909,8.583651343545107e-05,8.892524677633216e-05,40,0,4872135,347,25705.72289550677,252527880.02232486
881,19481600,4881845,3.9906223978844064,471.9196249999982,39.36920733588918,8.018799277266755,0.0,,0.9999160506948785,8.394930512096614e-05,8.820749108037141e-05,40,0,4872135,347,26094.52018986417,254275986.01535705
882,19481600,4881845,3.9906223978844064,424.02695799995627,43.815849940611365,8.018799277266755,0.0,,0.9999111374526988,8.886254731873327e-05,8.84377998517678e-05,40,0,4872135,347,25915.203457758987,255120743.8420035
883,19481600,4881845,3.9906223978844064,390.7199999999875,47.55093561246057,8.018799277266755,0.0,,0.9999131718621704,8.682813785113292e-05,8.887009146810903e-05,40,0,4872135,347,26607.76182523675,256945621.78557372
884,19481600,4881845,3.9906223978844064,339.87437500002216,54.6646141313207,8.018799277266755,0.0,,0.9999119542548023,8.804574521641722e-05,8.684113943341137e-05,40,0,4872135,347,25530.256974552092,257349619.66421163
885,19481600,4881845,3.9906223978844064,334.5454170000153,55.53536416402067,8.018799277266755,0.0,,0.999910450267958,8.954973207445597e-05,8.774458994031254e-05,40,0,4872135,347,25692.449876495783,253818671.5653467
886,19481600,4881845,3.9906223978844064,402.96341699996674,46.106174354039524,8.018799277266755,0.0,,0.9999140715535186,8.592844650431218e-05,8.731663517976382e-05,40,0,4872135,347,25860.681423279933,255595801.3120083
887,19481600,4881845,3.9906223978844064,388.5829999999828,47.812440488906674,8.018799277266755,0.0,,0.9999132071078698,8.679289215582755e-05,9.006640013059022e-05,40,0,4872135,347,26309.118515618356,253567855.62716722
888,19481600,4881845,3.9906223978844064,338.1710840000096,54.93994738621553,8.018799277266755,0.0,,0.9999157720386544,8.422796135103101e-05,8.75717412013903e-05,40,0,4872135,347,26037.777324540846,254339364.2038361
889,19481600,4881845,3.9906223978844064,371.1483330000078,50.05842653885666,8.018799277266755,0.0,,0.999913106877469,8.689312256993891e-05,8.933456792080242e-05,40,0,4872135,347,25199.203583774615,255123788.10463217
890,19481600,4881845,3.9906223978844064,331.192499999986,56.09759146871014,8.018799277266755,0.0,,0.9999135582021199,8.644179788581868e-05,8.79811775166312e-05,40,0,4872135,347,25318.50580081685,254542582.85766193
891,19481600,4881845,3.9906223978844064,327.88816699996914,56.6629217897386,8.018799277266755,0.0,,0.9999141525597649,8.584744025142582e-05,8.80767682577822e-05,40,0,4872135,347,25811.391694422462,248014058.0496035
892,19481600,4881845,3.9906223978844064,342.5776670000005,54.233253805479315,8.018799277266755,0.0,,0.9999144670790505,8.553292095796806e-05,8.754394782209933e-05,40,0,4872135,347,26312.266756017074,249740015.95553586
893,19481600,4881845,3.9906223978844064,343.3765000000335,54.10708526209041,8.018799277266755,0.0,,0.9999141632207772,8.5836779246135e-05,8.893232178150913e-05,40,0,4872135,347,26654.842671781764,248183651.86362764
894,19481600,4881845,3.9906223978844064,336.3203330000033,55.242278683459254,8.018799277266755,0.0,,0.9999096703159434,9.032968407990696e-05,8.986485518757071e-05,40,0,4872135,347,26667.253029193904,245599361.37111616
895,19481600,4881845,3.9906223978844064,331.93020800001705,55.97291573564478,8.018799277266755,0.0,,0.9999111591229918,8.884087700209582e-05,8.812203474312958e-05,40,0,4872135,347,26646.77995068797,245113962.94797277
896,19481600,4881845,3.9906223978844064,383.67412499997045,48.42417132638651,8.018799277266755,0.0,,0.9999116462124575,8.835378756021556e-05,8.847218928536387e-05,40,0,4872135,347,26964.945009463463,245587652.9166784
897,19481600,4881845,3.9906223978844064,342.5574999999981,54.236446618451225,8.018799277266755,0.0,,0.9999127036289885,8.72963710293389e-05,8.832206997837551e-05,40,0,4872135,347,27304.944585330864,247025588.0357081
898,19481600,4881845,3.9906223978844064,330.0175410000179,56.29731530694301,8.018799277266755,0.0,,0.9999145467337281,8.54532662960933e-05,8.916445868040914e-05,40,0,4872135,347,27869.521058611306,246919040.01993582
899,19481600,4881845,3.9906223978844064,363.7189999999464,51.080921157549476,8.018799277266755,0.0,,0.9999161462092719,8.385379078228958e-05,8.870007716556124e-05,40,0,4872135,347,27660.265302306972,248230956.9037935
900,19481600,4881845,3.9906223978844064,414.5428749999951,44.81828704087658,8.018799277266755,0.0,,0.9999148276069754,8.51723930525139e-05,8.78984363198487e-05,40,0,4872135,347,28019.38618309169,250077278.82013294
901,19481600,4881845,3.9906223978844064,337.41245800001707,55.06347238221731,8.018799277266755,0.0,,0.9999154644893364,8.453551069713385e-05,8.833869016208973e-05,40,0,4872135,347,27526.722744321218,253115394.80669993
902,19481600,4881845,3.9906223978844064,346.060040999987,53.68750899067454,8.018799277266755,0.0,,0.9999148216706727,8.517832934761379e-05,8.810539972409315e-05,40,0,4872135,347,27489.222597378845,237771081.16856882
903,19481600,4881845,3.9906223978844064,371.4345419999745,50.01985400297336,8.018799277266755,0.0,,0.9999165223661273,8.347763388889038e-05,8.765358627534473e-05,40,0,4872135,347,27729.52213437683,241041878.88164544
904,19481600,4881845,3.9906223978844064,441.1743750000028,42.11283024427673,8.018799277266755,0.0,,0.9999138620301229,8.613796988399844e-05,8.891477669370655e-05,40,0,4872135,347,26126.997262363577,244943230.30460295
905,19481600,4881845,3.9906223978844064,329.7282500000165,56.34670842579934,8.018799277266755,0.0,,0.9999127415788459,8.725842118749924e-05,8.842593247630789e-05,40,0,4872135,347,25545.751303443394,247080069.14654052
906,19481600,4881845,3.9906223978844064,347.7112499999748,53.43255808519668,8.018799277266755,0.0,,0.9999135572857212,8.644271431973648e-05,8.784135573174938e-05,40,0,4872135,347,24685.42919814617,250842817.48314232
907,19481600,4881845,3.9906223978844064,338.4355000000028,54.89702339884512,8.018799277266755,0.0,,0.9999152767066316,8.472329341056868e-05,8.728190289837281e-05,40,0,4872135,347,24777.347644901416,245016011.68917245
908,19481600,4881845,3.9906223978844064,344.4211669999504,53.94297256562828,8.018799277266755,0.0,,0.9999189947386714,8.100526132784085e-05,8.69607726730303e-05,40,0,4872135,347,25177.85315942811,245911750.90511343
909,19481600,4881845,3.9906223978844064,343.8924999999813,54.025899263580946,8.018799277266755,0.0,,0.9999118500314033,8.81499686271865e-05,8.84100610037982e-05,40,0,4872135,347,24179.502545102318,247049208.0134743
910,19481600,4881845,3.9906223978844064,344.53274999998484,53.92550218375704,8.018799277266755,0.0,,0.9999140902151743,8.590978484910421e-05,8.742594985466263e-05,40,0,4872135,347,23513.333226467024,251315215.68157765
911,19481600,4881845,3.9906223978844064,360.97729199997275,51.46889284797838,8.018799277266755,0.0,,0.9999137924559768,8.620754404300982e-05,8.805883744476579e-05,40,0,4872135,347,23862.21633081007,252599764.24679354
912,19481600,4881845,3.9906223978844064,338.28649999998106,54.92120307047736,8.018799277266755,0.0,,0.9999160845909639,8.39154090311638e-05,8.855385724535079e-05,40,0,4872135,347,24170.384206113933,249515823.4580573
913,19481600,4881845,3.9906223978844064,329.5878340000513,56.37071410377698,8.018799277266755,0.0,,0.9999128767790582,8.712322094805838e-05,8.755692014147141e-05,40,0,4872135,347,24517.633889004763,249920091.32010698
914,19481600,4881845,3.9906223978844064,355.72862499998337,52.2283006111776,8.018799277266755,0.0,,0.999911330894335,8.866910572109163e-05,8.831180440006819e-05,40,0,4872135,347,24349.151207714953,250416079.6977259
915,19481600,4881845,3.9906223978844064,347.62975000001006,53.4450850725505,8.018799277266755,0.0,,0.9999132490277934,8.67509722240362e-05,8.879897195043481e-05,40,0,4872135,347,23730.826025766,251354397.84605777
916,19481600,4881845,3.9906223978844064,385.69837500000403,48.170028101621654,8.018799277266755,0.0,,0.9999120528942612,8.794710577999017e-05,8.813055427111417e-05,40,0,4872135,347,24111.834709584036,248858947.43898237
917,19481600,4881845,3.9906223978844064,334.73008300001084,55.504726064610686,8.018799277266755,0.0,,0.9999113996901801,8.860030982133293e-05,8.906021710860006e-05,40,0,4872135,347,24561.50902663606,249497753.22397664
918,19481600,4881845,3.9906223978844064,341.8832909999878,54.34340329460752,8.018799277266755,0.0,,0.9999141679553623,8.583204467387278e-05,8.825326625240405e-05,40,0,4872135,347,24201.338161180316,247034833.2109717
919,19481600,4881845,3.9906223978844064,339.9225000000001,54.656874912663895,8.018799277266755,0.0,,0.999915224549911,8.477545013177188e-05,8.726138361553101e-05,40,0,4872135,347,24325.532344946434,246342281.36405078
920,19481600,4881845,3.9906223978844064,353.7344999999732,52.52272979452501,8.018799277266755,0.0,,0.9999132055415103,8.679445848245134e-05,8.814439103546056e-05,40,0,4872135,347,24370.76324587393,247816387.53392875
921,19481600,4881845,3.9906223978844064,330.2363750000268,56.26000940235155,8.018799277266755,0.0,,0.9999095502727131,9.044972729080531e-05,9.012117311162712e-05,40,0,4872135,347,25066.088274093083,248334579.1223511
922,19481600,4881845,3.9906223978844064,416.9632090000164,44.55813165640537,8.018799277266755,0.0,,0.9999144258178845,8.557418213089992e-05,8.870037867534054e-05,40,0,4872135,347,25234.836499281766,248748410.78933957
923,19481600,4881845,3.9906223978844064,321.04399999997213,57.870888608731555,8.018799277266755,0.0,,0.9999144674688896,8.553253112413004e-05,8.78741696331308e-05,40,0,4872135,347,25557.558404981763,252454997.03636503
924,19481600,4881845,3.9906223978844064,363.3337080000274,51.13508918500509,8.018799277266755,0.0,,0.9999123042158022,8.769578420754803e-05,9.021623285940188e-05,40,0,4872135,347,25233.862298404678,245040045.15784356
925,19481600,4881845,3.9906223978844064,344.8629999999753,53.873861685658746,8.018799277266755,0.0,,0.9999152643668882,8.473563312867654e-05,8.694824243854554e-05,40,0,4872135,347,25191.322656718294,245451615.3828835
926,19481600,4881845,3.9906223978844064,364.92245899995623,50.91246401609452,8.018799277266755,0.0,,0.9999110010492988,8.89989507188287e-05,8.900035082050268e-05,40,0,4872135,347,25196.502017471015,242664022.43321714
927,19481600,4881845,3.9906223978844064,408.21783300003744,45.51271419467433,8.018799277266755,0.0,,0.9999139731701641,8.602682985161503e-05,8.781694110253013e-05,40,0,4872135,347,24675.012071087345,245010775.91813493
928,19481600,4881845,3.9906223978844064,346.9184169999835,53.55467064321605,8.018799277266755,0.0,,0.9999147020820085,8.529791802232971e-05,8.900177667265514e-05,40,0,4872135,347,25030.558236601377,247018430.24292737
929,19481600,4881845,3.9906223978844064,420.20983300000125,44.21386674809189,8.018799277266755,0.0,,0.9999157861912736,8.421380876107581e-05,8.875350444579546e-05,40,0,4872135,347,25358.182087261233,245336626.98093316
930,19481600,4881845,3.9906223978844064,343.06241699999873,54.156621774457065,8.018799277266755,0.0,,0.9999132237763534,8.677622365902939e-05,8.888108911912399e-05,40,0,4872135,347,25638.020903729757,242677160.66220444
931,19481600,4881845,3.9906223978844064,340.4523340000196,54.571814339504364,8.018799277266755,0.0,,0.9999151180571036,8.488194293367944e-05,8.746985873243757e-05,40,0,4872135,347,25509.09823554818,245666978.65605158
932,19481600,4881845,3.9906223978844064,350.92766600001823,52.94282372852027,8.018799277266755,0.0,,0.9999123479711343,8.76520289035428e-05,8.689231115826066e-05,40,0,4872135,347,25152.135166720935,244447477.24495885
933,19481600,4881845,3.9906223978844064,353.43195800004423,52.567689881902744,8.018799277266755,0.0,,0.999909398924139,9.060107586714668e-05,8.858413347085402e-05,40,0,4872135,347,25452.775615154158,245230514.33823633
934,19481600,4881845,3.9906223978844064,329.7563749999881,56.34190260158176,8.018799277266755,0.0,,0.9999125191553152,8.748084468992686e-05,8.837946135315696e-05,40,0,4872135,347,25000.573154223606,251256142.03527415
935,19481600,4881845,3.9906223978844064,343.5388749999788,54.081511335510854,8.018799277266755,0.0,,0.9999123051078931,8.769489213548832e-05,8.954906579189748e-05,40,0,4872135,347,25120.28851254548,253465403.21163723
936,19481600,4881845,3.9906223978844064,336.12216599999556,55.27484778406505,8.018799277266755,0.0,,0.9999136690436042,8.633095643093057e-05,8.66534832922421e-05,40,0,4872135,347,25356.8023035171,255651490.23421746
937,19481600,4881845,3.9906223978844064,343.16420899995137,54.140557421891955,8.018799277266755,0.0,,0.9999175821794868,8.241782054156694e-05,8.731758494147565e-05,40,0,4872135,347,25826.653263682045,248387328.770823
938,19481600,4881845,3.9906223978844064,349.11100000005035,53.21832185894263,8.018799277266755,0.0,,0.9999122006082408,8.779939178428255e-05,8.788030710089382e-05,40,0,4872135,347,25943.287685802803,251764290.59554166
939,19481600,4881845,3.9906223978844064,333.63316700001633,55.6872139828325,8.018799277266755,0.0,,0.9999139314798746,8.606852015570698e-05,8.862775971955993e-05,40,0,4872135,347,26443.066186859,248090000.841113
940,19481600,4881845,3.9906223978844064,347.8992089999906,53.40369015469794,8.018799277266755,0.0,,0.9999141343726621,8.586562736744939e-05,8.814423542375338e-05,40,0,4872135,347,25772.716794721462,249965969.25636163
941,19481600,4881845,3.9906223978844064,362.0326250000403,51.318859902468546,8.018799277266755,0.0,,0.9999131909558513,8.680904419293938e-05,8.893083570864412e-05,40,0,4872135,347,24959.13512368718,257983277.01202518
942,19481600,4881845,3.9906223978844064,358.77958300000046,51.78416622023884,8.018799277266755,0.0,,0.9999130563537864,8.69436462487703e-05,8.824092024718897e-05,40,0,4872135,347,25210.825307468705,261185275.06377634
943,19481600,4881845,3.9906223978844064,348.6045419999755,53.29563824931835,8.018799277266755,0.0,,0.9999160850459958,8.391495402709987e-05,8.794459850796072e-05,40,0,4872135,347,25765.254418224707,262751167.2567923
944,19481600,4881845,3.9906223978844064,330.1543339999853,56.273989613902295,8.018799277266755,0.0,,0.999911661737338,8.833826264549259e-05,8.865026800974783e-05,40,0,4872135,347,26395.432633410346,266494592.82709545
945,19481600,4881845,3.9906223978844064,327.83062499999005,56.67286746776804,8.018799277266755,0.0,,0.9999128943489942,8.710565100807339e-05,8.805108509969326e-05,40,0,4872135,347,26669.425647185264,271565776.31300795
946,19481600,4881845,3.9906223978844064,326.61662499998556,56.883514617484096,8.018799277266755,0.0,,0.999914644001718,8.53559983254983e-05,8.836650561684791e-05,40,0,4872135,347,26973.522968202924,266640070.3280092
947,19481600,4881845,3.9906223978844064,355.193541999995,52.30698018293436,8.018799277266755,0.0,,0.9999134206479178,8.657935210340208e-05,8.722717614451461e-05,40,0,4872135,347,26783.686939041716,269340564.2685761
948,19481600,4881845,3.9906223978844064,344.7913329999892,53.88505969928363,8.018799277266755,0.0,,0.9999113313428114,8.866865719434147e-05,8.76948748717931e-05,40,0,4872135,347,26736.693135612477,270516047.449951
949,19481600,4881845,3.9906223978844064,356.3083330000154,52.14332599540746,8.018799277266755,0.0,,0.9999136964034363,8.63035965938603e-05,8.725920643853822e-05,40,0,4872135,347,26556.77327876309,268270252.61929676
950,19481600,4881845,3.9906223978844064,341.34454200000164,54.42917426961498,8.018799277266755,0.0,,0.9999158595103741,8.414048962933187e-05,8.894494144001486e-05,40,0,4872135,347,27000.89117212429,269544924.7872781
951,19481600,4881845,3.9906223978844064,324.7342079999953,57.213256579671054,8.018799277266755,0.0,,0.9999129354420132,8.706455802282511e-05,8.732368055343253e-05,40,0,4872135,347,26936.665689655743,267997397.04212198
952,19481600,4881845,3.9906223978844064,318.3603749999975,58.35871239471981,8.018799277266755,0.0,,0.9999149041452507,8.509585477831817e-05,8.730441639740958e-05,40,0,4872135,347,27120.287293157362,267493248.9053881
953,19481600,4881845,3.9906223978844064,335.11716700002125,55.44061418524352,8.018799277266755,0.0,,0.9999150098348231,8.499016521440773e-05,8.821967706498999e-05,40,0,4872135,347,27255.999868997103,267878157.23562083
954,19481600,4881845,3.9906223978844064,351.7996250000124,52.811601383882504,8.018799277266755,0.0,,0.9999123101208934,8.768987913953529e-05,8.735050221716256e-05,40,0,4872135,347,26725.618823703124,271057309.7017593
955,19481600,4881845,3.9906223978844064,435.64445800001295,42.647395648722906,8.018799277266755,0.0,,0.9999141901904446,8.580980955445668e-05,8.721334719191937e-05,40,0,4872135,347,26752.60570983951,273962624.28351605
956,19481600,4881845,3.9906223978844064,468.8059999999723,39.63068212117827,8.018799277266755,0.0,,0.9999097872588519,9.021274114035481e-05,8.903591637489908e-05,40,0,4872135,347,27119.9539737216,275103357.5122429
957,19481600,4881845,3.9906223978844064,406.69445800000403,45.68319335814459,8.018799277266755,0.0,,0.9999150180700114,8.498192999879059e-05,8.726410001088447e-05,40,0,4872135,347,26906.005381585466,275138565.980532
958,19481600,4881845,3.9906223978844064,333.96283299998686,55.6322432517535,8.018799277266755,0.0,,0.9999111669064676,8.883309353788864e-05,8.97541247323969e-05,40,0,4872135,347,27186.02314143162,262830232.43632534
959,19481600,4881845,3.9906223978844064,352.90866700000834,52.64563695880997,8.018799277266755,0.0,,0.9999125332594334,8.746674058759897e-05,8.985997672800464e-05,40,0,4872135,347,27177.290701148057,262957386.90769854
960,19481600,4881845,3.9906223978844064,358.7904170000229,51.78260255066627,8.018799277266755,0.0,,0.9999148081027971,8.519189723766317e-05,8.975483952016902e-05,40,0,4872135,347,26451.150649997453,269988252.9467639
961,19481600,4881845,3.9906223978844064,320.6704169999739,57.938308548435614,8.018799277266755,0.0,,0.9999141742087845,8.582579122369919e-05,8.856190812114155e-05,40,0,4872135,347,26147.985980528036,275277824.5208895
962,19481600,4881845,3.9906223978844064,343.5538329999872,54.079156679066045,8.018799277266755,0.0,,0.999913212261276,8.678773874952905e-05,8.865335117787205e-05,40,0,4872135,347,26751.021363358752,273841058.1504587
963,19481600,4881845,3.9906223978844064,404.2922919999796,45.95462720941743,8.018799277266755,0.0,,0.9999155474737526,8.445252625652334e-05,8.839744711016358e-05,40,0,4872135,347,27080.40442707804,275679247.0305576
964,19481600,4881845,3.9906223978844064,331.8283749999864,55.99009295844806,8.018799277266755,0.0,,0.9999107156105307,8.92843894921684e-05,8.79605817780088e-05,40,0,4872135,347,26734.431908872808,274639737.21651936
965,19481600,4881845,3.9906223978844064,333.01370800000996,55.79080114773967,8.018799277266755,0.0,,0.9999128039604405,8.719603957111316e-05,8.814298138512674e-05,40,0,4872135,347,25768.36467775767,279963001.82130545
966,19481600,4881845,3.9906223978844064,313.4183749999693,59.27891612130853,8.018799277266755,0.0,,0.999912546372942,8.74536270932359e-05,8.820067501617661e-05,40,0,4872135,347,25545.25498060302,281630392.5696208
967,19481600,4881845,3.9906223978844064,363.36449999998877,51.13075592827746,8.018799277266755,0.0,,0.9999158437750563,8.415622495366974e-05,8.8231773261329e-05,40,0,4872135,347,26085.929014917703,278545388.293011
968,19481600,4881845,3.9906223978844064,321.92804200002456,57.711970187730905,8.018799277266755,0.0,,0.9999109331150424,8.90668849536586e-05,8.956802318362639e-05,40,0,4872135,347,26320.079420753296,271217357.6354721
969,19481600,4881845,3.9906223978844064,346.7474999999922,53.58106853690486,8.018799277266755,0.0,,0.9999121353927252,8.786460729433296e-05,8.844548918463987e-05,40,0,4872135,347,26621.478279717652,276086736.3797116
970,19481600,4881845,3.9906223978844064,391.0490420000201,47.51092463358866,8.018799277266755,0.0,,0.9999136573149026,8.634268510610434e-05,8.732223947737023e-05,40,0,4872135,347,26665.258060918735,273845292.22122633
971,19481600,4881845,3.9906223978844064,377.1662920000267,49.25970840071436,8.018799277266755,0.0,,0.9999109762368928,8.9023763128524e-05,8.793998411829162e-05,40,0,4872135,347,25564.585036950786,275855529.4850852
972,19481600,4881845,3.9906223978844064,342.4967910000305,54.24606025724295,8.018799277266755,0.0,,0.9999137451847059,8.625481532359224e-05,8.757874705442647e-05,40,0,4872135,347,25628.683229795857,279290986.8875918
973,19481600,4881845,3.9906223978844064,331.435708000015,56.05642697527075,8.018799277266755,0.0,,0.9999125174473562,8.748255265388178e-05,8.83296214339717e-05,40,0,4872135,347,26194.261430411607,270935173.8302531
974,19481600,4881845,3.9906223978844064,353.17299999996976,52.6062342322363,8.018799277266755,0.0,,0.9999140645192514,8.593548076857423e-05,8.805656177585926e-05,40,0,4872135,347,26400.72810378452,274809865.6578745
975,19481600,4881845,3.9906223978844064,330.11866699996517,56.28006962266681,8.018799277266755,0.0,,0.9999152111908812,8.478880914538016e-05,8.760719012263721e-05,40,0,4872135,347,26045.930979255976,277069763.5107734
976,19481600,4881845,3.9906223978844064,342.646416999969,54.22237222022865,8.018799277266755,0.0,,0.9999140379409833,8.596205905529536e-05,8.838953001240655e-05,40,0,4872135,347,26224.797311555933,277143516.62974805
977,19481600,4881845,3.9906223978844064,399.9882919999891,46.44911347180258,8.018799277266755,0.0,,0.9999144329931045,8.55670069283255e-05,8.823928731797527e-05,40,0,4872135,347,26774.86506921395,279868644.3186809
978,19481600,4881845,3.9906223978844064,431.2334169999872,43.08363134691983,8.018799277266755,0.0,,0.9999112326202793,8.876737972404385e-05,8.879517072782271e-05,40,0,4872135,347,26380.157902172567,281176442.33972937
979,19481600,4881845,3.9906223978844064,392.0559169999933,47.38890744123195,8.018799277266755,0.0,,0.9999126714165861,8.732858345314957e-05,8.940377237200148e-05,40,0,4872135,347,26164.06861331778,284619948.4732113
980,19481600,4881845,3.9906223978844064,370.0530829999593,50.20658499013787,8.018799277266755,0.0,,0.999913759683048,8.62403169850527e-05,8.84254091447389e-05,40,0,4872135,347,26240.952684015814,283627348.0556435
981,19481600,4881845,3.9906223978844064,388.4796250000022,47.82516344969159,8.018799277266755,0.0,,0.9999140965460366,8.590345398173219e-05,8.734616915272752e-05,40,0,4872135,347,26327.4659901373,285103393.80256367
982,19481600,4881845,3.9906223978844064,403.8810839999769,46.0014155119507,8.018799277266755,0.0,,0.9999132620409314,8.673795908327637e-05,8.808496563152834e-05,40,0,4872135,347,26614.605426880724,283880628.9155333
983,19481600,4881845,3.9906223978844064,374.65004199998475,49.590549792333285,8.018799277266755,0.0,,0.9999141065255057,8.589347453207157e-05,8.810186303677577e-05,40,0,4872135,347,27046.608930041864,284508826.1274197
984,19481600,4881845,3.9906223978844064,342.0811249999929,54.311975156479,8.018799277266755,0.0,,0.9999125877063363,8.741229364129026e-05,8.90936659249386e-05,40,0,4872135,347,26900.88687364556,283573069.8578068
985,19481600,4881845,3.9906223978844064,324.6434580000255,57.229249826739284,8.018799277266755,0.0,,0.9999145230049664,8.547699506847368e-05,8.828050241017123e-05,40,0,4872135,347,27300.274407354234,283099074.1034183
986,19481600,4881845,3.9906223978844064,330.4176249999955,56.22914807435061,8.018799277266755,0.0,,0.9999153375980535,8.466240197289653e-05,8.718409276615901e-05,40,0,4872135,347,27760.470189510226,286285086.98487437
987,19481600,4881845,3.9906223978844064,347.6141250000069,53.44748738993167,8.018799277266755,0.0,,0.9999149288314861,8.507116854498138e-05,8.732115470670903e-05,40,0,4872135,347,28108.02569554469,286784817.0600903
988,19481600,4881845,3.9906223978844064,322.01450000002296,57.69647504226883,8.018799277266755,0.0,,0.9999146192484782,8.538075156547892e-05,8.690233946844111e-05,40,0,4872135,347,27854.341142664267,285282147.08236873
989,19481600,4881845,3.9906223978844064,337.1633749999887,55.10415110330599,8.018799277266755,0.0,,0.9999141798895442,8.582011047368234e-05,8.722624324966264e-05,40,0,4872135,347,28122.148657401332,285072016.7819532
990,19481600,4881845,3.9906223978844064,342.479375000039,54.24881881572543,8.018799277266755,0.0,,0.9999161608002416,8.383919977300155e-05,8.715012920305894e-05,40,0,4872135,347,28098.31745265932,275229606.39253277
991,19481600,4881845,3.9906223978844064,315.7449999999926,58.842108544871444,8.018799277266755,0.0,,0.9999122324774709,8.77675225465991e-05,8.78213866082709e-05,40,0,4872135,347,28188.790803100703,276595339.21377397
992,19481600,4881845,3.9906223978844064,317.22412499999564,58.56774468997355,8.018799277266755,0.0,,0.9999090179956369,9.098200437667782e-05,8.892490083190681e-05,40,0,4872135,347,27409.141962788384,278686061.9303384
993,19481600,4881845,3.9906223978844064,325.352917000032,57.10445670446585,8.018799277266755,0.0,,0.9999142511980446,8.574880199821645e-05,8.681924663680997e-05,40,0,4872135,347,27862.237361531137,271989316.5673637
994,19481600,4881845,3.9906223978844064,368.9697500000193,50.353996669101,8.018799277266755,0.0,,0.9999158731510251,8.412684899393244e-05,8.789608751497643e-05,40,0,4872135,347,28071.117692988057,274454783.28232384
995,19481600,4881845,3.9906223978844064,411.7975830000091,45.11707287631066,8.018799277266755,0.0,,0.9999130479577377,8.695204227202173e-05,8.936161565416082e-05,40,0,4872135,347,28543.294885915664,276791623.0844929
996,19481600,4881845,3.9906223978844064,339.6397909999678,54.70237014278979,8.018799277266755,0.0,,0.9999102964567299,8.970354328367864e-05,8.820729200925833e-05,40,0,4872135,347,28653.150229830277,283348111.05666643
997,19481600,4881845,3.9906223978844064,335.19383300000527,55.42793373080855,8.018799277266755,0.0,,0.9999130385150012,8.696148502603418e-05,8.99105407607574e-05,40,0,4872135,347,28338.799146961734,278771970.05697364
998,19481600,4881845,3.9906223978844064,340.82525000002306,54.512104260170695,8.018799277266755,0.0,,0.999916418689252,8.358131077194855e-05,8.7725569445198e-05,40,0,4872135,347,28565.834751901613,274411070.39625585
999,19481600,4881845,3.9906223978844064,378.15170900000794,49.131343638855824,8.018799277266755,0.0,,0.9999100592777239,8.994072231301804e-05,8.832738166077561e-05,40,0,4872135,347,28963.916059490548,280793845.66172016
