step,source_tensor_bytes,encoded_bytes,compression_ratio,compression_latency_ms,compression_throughput_mib_per_second,encoded_bits_per_gradient_element,prediction_energy_r2,prediction_cosine_similarity,reconstruction_energy_r2
0,19481600,9705413,2.007292219300714,39.17879199999952,474.21323154884993,15.94187417871222,0.0,,0.9999978676597497
1,19481600,5111221,3.811535443292317,42.14074999999973,440.88208118033305,8.395566688567675,0.96807208407609,0.9840361790093751,0.9999829214789248
2,19481600,5209781,3.7394278185589758,30.852375000000265,602.1935608684855,8.557458935611038,0.9473092780568695,0.9736550406544212,0.9999705642000369
3,19481600,5209525,3.7396115768712117,37.405874999999256,496.6893987241408,8.55703843626807,0.952616774225,0.976308871458887,0.9999745606011581
4,19481600,5291445,3.6817164309560053,40.13162500000078,462.95413062639847,8.691598226018398,0.9360343858078666,0.9680175043251146,0.9999695140583061
5,19481600,5324469,3.6588812893830354,36.346124999999674,511.17145397205803,8.745842641261499,0.9325096434528365,0.9662555045288663,0.999978238478488
6,19481600,5324213,3.6590572165313446,42.17995900000027,440.4722527705606,8.745422141918528,0.9385244394506729,0.9692627233393213,0.9999818345482164
7,19481600,5455291,3.5711385515456464,34.501875000000126,538.4954169157454,8.960727660972404,0.8969244869063013,0.9484629823671652,0.9999741982958252
8,19481600,5815739,3.3498064476414777,31.483207999999152,590.1273327197312,9.55279073587385,0.8718660390215549,0.9359339321583,0.9999655237081957
9,19481600,5406139,3.603606936484615,32.09574999999987,578.8648516548164,8.879991787122208,0.9060514571977503,0.9530260337410729,0.9999764746764851
10,19481600,6012347,3.2402654071696126,29.310709000000656,633.8673541639537,9.875734231274638,0.8784734905233704,0.9392381225127491,0.9999701357927365
11,19481600,6241723,3.1211894536172142,39.61129099999994,469.03549703795386,10.252501642575558,0.8853101929112239,0.9426568820161111,0.9999730184202675
12,19481600,6962877,2.797923904156285,40.00420800000093,464.4286811652306,11.437051576872536,0.8844502628398063,0.9422253220223482,0.9999515626288247
13,19481600,7093950,2.746227419138844,36.26262500000088,512.3485010392808,11.65234888304862,0.8843522878651409,0.942177773073219,0.9999780931123222
14,19481600,7585473,2.5682775484139224,39.82337499999922,466.5375941265743,12.459712549277267,0.8798974733947317,0.9399500185688721,0.9999677472752967
15,19481600,6831547,2.851711332733274,37.340667000000494,497.5567673309037,11.221332128777924,0.9256669399226142,0.9628339699495146,0.9999619698877746
16,19481600,7012027,2.7783121770637793,36.31604200000105,511.59489138434924,11.517784165571616,0.9342740813723944,0.967137797192575,0.9999705235055415
17,19481600,6979005,2.7914580946710883,34.42912500000084,539.6332774213562,11.463543035479631,0.9484076592406524,0.9742041430735012,0.9999786680668311
18,19481600,8716481,2.235030398161827,45.12583300000017,411.7176421430255,14.31747864651774,0.9309164444181496,0.9654585813124261,0.9999760752258209
19,19481600,8879809,2.1939210629417816,31.163750000001045,596.1766976855923,14.585757227332458,0.939455082100276,0.9697273037040006,0.9999808655958465
20,19481600,9208512,2.115607820242836,35.7125000000007,520.2408557927794,15.125676741130093,0.9425107898586607,0.9712563815796943,0.999982205953176
21,19481600,9912772,1.9653029445244983,39.17108300000116,474.30655829708485,16.28247700394218,0.9443001795105995,0.9721506340317454,0.9999683882419801
22,19481600,9978821,1.9522947650829692,42.51399999999883,437.01137419439505,16.390967477003944,0.9435235457846288,0.9717626036521562,0.9999739078466532
23,19481600,10010824,1.9460535915924604,35.2560000000004,526.9770127779609,16.44353482260184,0.9611294235536928,0.9805651897368098,0.9999811308983892
24,19481600,10453964,1.8635610377078016,34.221709000000544,542.903966675063,17.171425755584757,0.9629884361558694,0.9814945512767556,0.9999802195668285
25,19481600,10272716,1.8964410191034191,42.41883399999935,437.99180247387955,16.873712220762155,0.9586226213257724,0.9793116416885664,0.9999813978557653
26,19481600,10458062,1.862830799817404,48.55883399999961,382.61012532755933,17.17815703022339,0.9587225410234328,0.9793610976879449,0.9999847254072214
27,19481600,10223304,1.9056070327166248,43.73112500000076,424.8484703400536,16.792549277266755,0.9777575020740028,0.9888790844689985,0.9999938389195401
28,19481600,9813442,1.9851954085019303,67.95708299999959,273.3946299975841,16.11931997371879,0.9779461612613163,0.9889733474742224,0.9999918857146944
29,19481600,10223307,1.9056064735217284,52.03120800000249,357.0761140602215,16.79255420499343,0.9691041559509703,0.9845521098312985,0.9999878831870466
30,19481600,10738128,1.8142454625238216,56.31516599999742,329.9129325571171,17.63818659658344,0.9602034236558984,0.9801020174915117,0.9999840981418405
31,19481600,10736335,1.8145484469327755,37.83224999999746,491.09163643455645,17.635241458607094,0.973691579043954,0.9868460734687606,0.99998638761888
32,19481600,10436556,1.8666694261976844,34.958917000000866,531.4552954400601,17.14283180026281,0.9768274394314705,0.9884137404373974,0.9999905276990877
33,19481600,10732238,1.8152411454162682,38.57970800000032,481.57703947629267,17.62851182654402,0.9628950207295383,0.9814471016763257,0.9999882676520576
34,19481600,10785744,1.8062360834820481,37.72116699999728,492.5378253144008,17.71639947437582,0.9784498510243701,0.9892248111251035,0.999993154338043
35,19481600,10091976,1.9304049078198362,39.30408400000118,472.7015534187094,16.576833114323257,0.9861768869325116,0.9930885615771666,0.9999914441400418
36,19481600,10801871,1.8035394053493141,35.539750000001646,522.7696188774299,17.74288929040736,0.963282599205437,0.9816414243491477,0.9999713990218317
37,19481600,10709201,1.8191459848405125,42.56600000000077,436.47750698913836,17.590671813403418,0.9539636306929313,0.9769822334862945,0.9999735700845168
38,19481600,10789585,1.8055930788811618,33.11250000000143,561.0902699131506,17.722708607095928,0.9508114042448766,0.9754064372861723,0.9999682578062156
39,19481600,10757328,1.8110073430874285,37.07545800000034,501.11590158912753,17.669724047306175,0.9547159024943371,0.9773585999958799,0.9999843680272718
40,19481600,10806735,1.8027276508584693,33.98650000000103,546.6612202639118,17.750878777923784,0.952489623249055,0.9762453611330816,0.999982576036895
41,19481600,10524362,1.8510955818509474,45.62075000000121,407.25112065232395,17.28705978975033,0.9711326006559529,0.9855662749563839,0.9999845892528235
42,19481600,10705359,1.8197988502767632,36.490624999999,509.1472552881873,17.584361038107755,0.9480570062307321,0.9740291186632768,0.9999628647423136
43,19481600,10726097,1.8162804233450434,45.86516600000223,405.0808747208959,17.61842477003942,0.9443824576998654,0.9721914918722696,0.9999678584608784
44,19481600,10524108,1.851140258157746,35.926082999999664,517.1479886215309,17.286642575558474,0.9484381795458573,0.9742199221758414,0.9999732285065874
45,19481600,10610385,1.836087945913367,43.91975000000059,423.0238460487537,17.428359067017084,0.9194440306050078,0.9597239979472372,0.9999548791063478
46,19481600,10029767,1.9423781230411434,47.16583399999763,393.91016731519966,16.474650131406044,0.9490754409053084,0.9745378307908573,0.9999834440720502
47,19481600,10332110,1.8855393525620614,32.623540999999534,569.4998456022988,16.971271353482262,0.9327763979589326,0.9663887292632384,0.9999880650746337
48,19481600,9667010,2.0152663543329323,34.13779099999914,544.2385408739677,15.87879434954008,0.9430218010940763,0.9715114426464694,0.999983038484974
49,19481600,10049484,1.9385671940967317,34.291290999998836,541.8023358321689,16.50703679369251,0.8539595628895595,0.9269800059769522,0.9999496484860425
50,19481600,8633794,2.2564355832441683,37.762416999999715,491.9997987019777,14.18165900131406,0.9463561873812036,0.9731787620142902,0.9999845295509618
51,19481600,9908426,1.9661649589955055,34.13133300000126,544.3415164154096,16.275338370565045,0.6614315755762488,0.8307219792049475,0.9999632643651197
52,19481600,9546955,2.0406087595468922,37.38908300000077,496.912469409844,15.68159494086728,0.798677413521088,0.8993463958529585,0.9999634260380755
53,19481600,9548491,2.0402805008665768,36.08033300000102,514.9370867086918,15.684117936925098,0.4464445021609157,0.7232325238532845,0.9999991730355013
54,19481600,9429962,2.0659256103046864,39.81529200000011,466.63230706684124,15.489425098554534,0.721685378119121,0.860842256513893,0.9999532619906081
55,19481600,9512905,2.047912808968449,34.594416999997435,537.0549115627929,15.625665243101183,0.3481871073498952,0.6740817541776581,0.9999988635830417
56,19481600,9595081,2.030373688351354,44.19929200000183,420.34839749241297,15.76064553219448,0.6777642422088701,0.8388825404515585,0.9999583368928867
57,19481600,9679819,2.0125996157572783,41.292915999999735,449.93435587111645,15.899834099868594,0.3635521220971336,0.6817696666819334,0.999943547956906
58,19481600,8322756,2.3407630837669635,44.03720800000244,421.8955380299989,13.670755584756899,0.8001601715687636,0.9000837260340279,0.9999613917709247
59,19481600,9718475,2.0045943422193298,43.74024999999904,424.7598393356327,15.96332950065703,-0.6781281935823862,0.16096781516478076,0.9999995300127845
60,19481600,8273602,2.354669707341494,31.90533300000098,582.3196254525672,13.590016425755584,0.7006607958311625,0.8503302277943916,0.9999958835546396
61,19481600,9650891,2.0186322692899545,32.910416,564.5356036368547,15.85231767411301,0.4920312579042765,0.7460175942482343,0.9999997376639759
62,19481600,9623751,2.024325026696971,35.15025000000094,528.5624302102973,15.807738173455979,0.5079186609970023,0.7539596475034573,0.9999462897369701
63,19481600,9160391,2.1267214467155386,39.072541999999544,475.50276003286956,15.046634362680683,0.5700515967402666,0.785023959907902,0.9999397694710649
64,19481600,9715658,2.005175562993263,44.018334000000436,422.0764366615923,15.958702365308804,0.11133612232985801,0.5556576083326504,0.9999981613417996
65,19481600,9714379,2.005439565411232,40.25145900000027,461.575853995749,15.956601511169513,0.03927002541322566,0.5196372833217547,0.9999982194629593
66,19481600,9740489,2.000063857163639,48.20041700000033,385.4552038937728,15.999489159001314,0.3225887337678657,0.6612921677059868,0.9999990880950325
67,19481600,9658313,2.01708103682289,40.65616699999808,456.98114046267267,15.864508869908017,0.2622891003807212,0.6311403990960163,0.9999976714237385
68,19481600,9717195,2.0048583979224457,36.49012500000026,509.1542317955849,15.96122700394218,-0.5141473815775603,0.24292170027694157,0.9999998128560379
69,19481600,9422790,2.0674980552469067,32.798124999999345,566.4684052061016,15.477644546649145,0.5336035537685829,0.7668035488457581,0.999943107378513
70,19481600,9681355,2.012280305804301,46.18841699999976,402.2459042599381,15.902357095926412,0.04533895331244975,0.5322292019511459,0.9999984078860298
71,19481600,9653705,2.0180438494857675,41.986084000001256,442.5061780588884,15.85693988173456,0.37539188685464864,0.6816549282478966,0.9999977654961271
72,19481600,9696971,2.0090397300352865,48.02962500000163,386.8258717926565,15.92800755584757,-0.022644439841305708,0.5374053838235171,0.9999988902775792
73,19481600,9680331,2.0124931678472566,47.01775000000197,395.15080076139805,15.900675098554533,0.016670534510134116,0.5954261505925178,0.9999984382533678
74,19481600,9720776,2.00411983570036,46.4599579999998,399.89492806902837,15.967109067017082,0.040051509931728124,0.4137026561400704,0.9999985015334723
75,19481600,9681611,2.0122270973291534,40.01129199999909,464.34645405852984,15.902777595269383,-0.2612342545525843,0.4905935323980536,0.9999988776853015
76,19481600,9747404,1.9986449725485884,35.830500000002985,518.5275550857077,16.010847568988172,-0.34514308631193935,0.29336970273887464,0.9999996878427858
77,19481600,9747148,1.9986974651457021,47.519125000000884,390.9815587408155,16.010427069645203,-0.16655789363360163,0.39423934093164825,0.9999987824552643
78,19481600,9710284,2.006285295054192,43.59695899999849,426.15590602318485,15.949875164257556,-0.14999997626700523,0.37425705207957194,0.9999984829457557
79,19481600,9733068,2.0015888104346953,42.46650000000329,437.500183968506,15.987299605781866,-0.6439218675680229,0.3260768347267774,0.9999994770152024
80,19481600,9745356,1.9990649905452402,41.805250000003014,444.4202955968129,16.007483574244414,-0.9284104637964248,-0.13406460765578063,0.9999976604211208
81,19481600,9748940,1.9983300748594206,43.97516699999926,422.49075626023915,16.013370565045992,-1.2292363945671894,-0.11462556420666187,0.9999997790951005
82,19481600,9749964,1.9981201981873984,51.81108299999693,358.59319062103185,16.01505256241787,-1.7454145587096752,-0.004896152340197548,0.9999996558118759
83,19481600,9747660,1.9985924827086705,43.352833000000146,428.5556508498519,16.011268068331145,-0.4896581296072242,0.12166223712050671,0.9999998551982778
84,19481600,9713612,2.0055979176438177,41.31895799999796,449.6507768298735,15.955341655716163,-0.6577243401173425,0.0964995590542921,0.9999995016687359
85,19481600,9734860,2.001220356533119,36.01383400000202,515.887910254125,15.990243101182655,-1.7001963264551394,-0.35010166943857657,0.9999998400758577
86,19481600,9535173,2.0431302085447216,36.3914579999971,510.53468543363886,15.66224211563732,0.26508274378467067,0.7302787214613654,0.9999958853456591
87,19481600,9748428,1.9984350297299216,41.71949999999924,445.33375429955623,16.01252956636005,-1.2040195361038588,-0.350844614949952,0.9999997421739023
88,19481600,6667710,2.9217827410010333,29.8138750000021,623.1696336856143,10.952217477003941,0.6719368072818452,0.8359684120149828,0.9999831902854146
89,19481600,9750988,1.9979103655957735,47.77762500000193,388.8661598917746,16.01673455978975,-1.5936027382073852,-0.2967947972520579,0.9999996364831346
90,19481600,9518790,2.046646685135401,39.865875000003825,466.04023020937626,15.635331800262811,0.33016043530891936,0.6650770800270258,0.9999943716718594
91,19481600,9751500,1.9978054658257705,34.52724999999646,538.0996622233716,16.01757555847569,-1.3339920548489892,-0.09632068973373135,0.9999998758597431
92,19481600,9520838,2.046206436870368,40.98950000000201,453.2648986325544,15.638695795006571,0.32636919148978216,0.6439248864551744,0.9999746365978773
93,19481600,9732300,2.001746760786248,41.544457999997064,447.21010832543084,15.986038107752957,-0.8800191160445938,0.10279865479487234,0.9999996676904577
94,19481600,9702344,2.007927156571649,42.91766600000102,432.90102407944454,15.936833114323258,-0.12150177143561414,0.41420545581157014,0.9999963819652186
95,19481600,9698508,2.008721341468193,38.63983400000137,480.82767546308145,15.930532194480946,-1.0390702639770382,-0.0012713057440407324,0.9999997463337832
96,19481600,9693642,2.0097296764208954,43.752582999999845,424.6401078194644,15.922539421813404,-0.17517412997217474,0.4217151453017919,0.999998534068791
97,19481600,9747660,1.9985924827086705,47.664208999997015,389.7914588806281,16.011268068331145,-0.8586259787145356,0.06757553092427039,0.9999995054585902
98,19481600,9747660,1.9985924827086705,35.228791000001536,527.3840241210432,16.011268068331145,-1.2026783125925795,-0.1347919489407301,0.9999976054771894
99,19481600,9750476,1.9980152763824044,35.214791999997885,527.5936760467339,16.015893561103812,-1.4453282382367423,0.06986460175409608,0.9999997406864506
100,19481600,9618119,2.0255103934563503,35.68750000000165,520.6052977232684,15.798487187910643,0.14121887107589126,0.540569498166722,0.999995037015013
101,19481600,9744588,1.9992225428104298,49.95270799999929,371.933821135388,16.006222076215504,-0.8464177111245244,0.045131702079527894,0.9999996693983766
102,19481600,9743307,1.9994853903299978,40.32354099999935,460.7507451416605,16.0041179369251,-0.37123837543424965,0.22474944544621508,0.9999981317788437
103,19481600,9745612,1.9990124786416696,55.843875000000764,332.697212765048,16.007904073587387,-0.24064449399982135,0.500703412069066,0.9999988423888808
104,19481600,9723595,2.003538814605092,45.77408400000138,405.8869110848715,15.971739487516425,-0.2785785214213372,0.27835171384964474,0.9999996670802578
105,19481600,9724107,2.0034333229776267,46.589625000002854,398.78195118545943,15.972580486202366,-0.2776118056154868,0.32953448746674674,0.9999959652178934
106,19481600,9750476,1.9980152763824044,39.16487500000443,474.38174033487655,16.015893561103812,-1.8097720256056182,-0.40488737421734644,0.9999997314129799
107,19481600,7912902,2.4620044580357496,43.78262499999863,424.3487356571375,12.997539421813403,0.4611282945474817,0.7305624638322571,0.9999891353216683
108,19481600,9751244,1.997857914333802,46.11225000000019,402.91032344984086,16.01715505913272,-2.6349589170890217,-0.2193287777889344,0.9999997213937489
109,19481600,9693642,2.0097296764208954,52.924125000004096,351.0516529559735,15.922539421813404,-0.05713225153613477,0.31191881711011615,0.9999912085788529
110,19481600,9503175,2.0500096020540504,54.63137499999959,340.0811632967345,15.609682982917214,0.21264237031714106,0.6562492860734928,0.9999866503078384
111,19481600,9749196,1.9982776015581183,43.90062499999914,423.2081334263547,16.01379106438896,-1.1902642039285802,0.12436667308087272,0.99999978802142
112,19481600,9702856,2.007821202334653,41.940875000001654,442.98316528921407,15.937674113009198,-0.27026977295584853,0.178647557351296,0.9999948500108482
113,19481600,9746379,1.9988551645693236,44.3295839999962,419.1129238321206,16.009163929040735,-0.23414531770857527,0.40130260340616913,0.9999982169260053
114,19481600,9751500,1.9978054658257705,36.93541599999861,503.01590112050445,16.01757555847569,-1.6905134896694185,-0.3674517841306599,0.9999998301127858
115,19481600,7978437,2.4417815168559955,46.761875000001396,397.3130154105122,13.105185611038108,0.40887919076075385,0.700642978173668,0.9999931327562904
116,19481600,9751500,1.9978054658257705,45.069458000000395,412.23263795406274,16.01757555847569,-2.6895130077945817,-0.43172949601410354,0.9999997471912965
117,19481600,9587655,2.0319462892646847,55.424750000000245,335.21308733913855,15.748447766097241,0.0949151102973016,0.45552545959882473,0.9999929891710251
118,19481600,9751500,1.9978054658257705,44.46262500000131,417.85885476845897,16.01757555847569,-1.457484939489988,0.32724952947734753,0.9999998046083585
119,19481600,9740234,2.000116218973795,160.38212499999815,115.84271977005052,15.999070302233903,-0.4952393581243222,-0.07392016468346267,0.9999976905238641
120,19481600,9748940,1.9983300748594206,68.6692089999994,270.5594229649589,16.013370565045992,-1.7596999443597707,-0.10245912652582154,0.9999997089741491
121,19481600,9693641,2.009729883745437,43.77749999999736,424.3984138541744,15.922537779237844,-0.25041811159890126,0.3566376528544993,0.9999917262169318
122,19481600,9747660,1.9985924827086705,43.57599999999451,426.360876686762,16.011268068331145,-1.537006811833602,-0.42455333432578213,0.9999995647157403
123,19481600,9633734,2.022227310822574,35.6744589999991,520.7956079306057,15.824136005256241,0.0784977023340514,0.5186671884116338,0.9999928401724912
124,19481600,9749708,1.9981726632223242,34.212457999998946,543.0507671357776,16.014632063074902,-1.795953648630411,-0.41067458629908243,0.9999998223999313
125,19481600,9675722,2.0134518126916006,46.5076670000002,399.484703511357,15.89310446780552,0.16630880504085255,0.5831541610744505,0.9999904174610937
126,19481600,9751500,1.9978054658257705,34.26429200000314,542.2292561159092,16.01757555847569,-1.8772046876931094,-0.4209452762498562,0.9999997886431281
127,19481600,9635526,2.0218512201617225,42.68487500000617,435.2619414370386,15.82707950065703,-0.07996587136661515,0.4672556849135466,0.9999943190351946
128,19481600,9749452,1.9982251310124919,39.455457999999055,470.8879963451557,16.01421156373193,-1.0877555420555498,0.1689131341914794,0.99999981137041
129,19481600,9647308,2.019381987182331,36.853166000000215,504.13854707896445,15.84643232588699,-0.5213732308897709,0.2736507300965334,0.9999984131535297
130,19481600,9737672,2.0006424533502463,44.308166999996956,419.3155081883951,15.994862023653088,-0.22526566059350195,0.23217252803368596,0.9999975375622652
131,19481600,9750732,1.997962819611902,48.43579200000647,383.5820742333999,16.01631406044678,-2.0913310318923037,-0.05437627483993023,0.9999997980001604
132,19481600,9684935,2.0115364739154162,44.74091700000571,415.25974003835523,15.908237516425755,-0.01946240548795708,0.34542916286394015,0.9999985998186145
133,19481600,9751244,1.997857914333802,35.38250000000431,525.0929573234716,16.01715505913272,-2.1012846662573472,0.10956235673944874,0.9999997554478696
134,19481600,9718729,2.0045419519363077,33.24858399999897,558.7937688564595,15.963746714848883,-0.4009371863865925,0.20758464031940133,0.9999980076365487
135,19481600,9722314,2.0038027983872975,35.646041999996214,521.2107858286755,15.969635348226019,-0.6366166432411071,0.2079815684851764,0.9999983572038865
136,19481600,9741001,1.9999587311406704,37.30987499999827,497.9674030669055,16.000330157687255,-0.5319248497308762,0.172133868571441,0.9999985541342563
137,19481600,9741771,1.9998006522633307,34.23162500000387,542.7467016975647,16.001594940867278,-0.8160842485770248,0.08498407773501578,0.9999979942193526
138,19481600,9744844,1.9991700226294027,41.6559160000034,446.0135161233397,16.006642575558477,-0.7025399742876848,0.1629959472756015,0.9999982919982352
139,19481600,9744075,1.9993277966353913,37.919332999997835,489.96382827991886,16.00537943495401,-0.6695547824693817,0.04543393480652026,0.9999983595496243
140,19481600,9623753,2.0243246060035,39.23137499999996,473.5776291934713,15.807741458607095,-0.2019971014114168,0.42271571462174556,0.9999964566968093
141,19481600,9731532,2.001904736068278,35.98862500000166,516.2492749444899,15.984776609724047,-0.6174418936620683,0.29787263935767266,0.9999953391169735
142,19481600,9747404,1.9986449725485884,40.47616700000134,459.01336365420633,16.010847568988172,-0.9218105698271617,-0.06711810494575325,0.9999983751348201
143,19481600,9704649,2.0074502436924817,37.75604199999805,492.0828714646774,15.940619250985545,-0.5252979073652466,0.36612036156394634,0.999998860169818
144,19481600,9745099,1.9991177103485558,39.8888750000026,465.7715105401892,16.007061432325887,-0.5354525223011595,0.08715034513728424,0.9999977189364551
145,19481600,9690570,2.0103667792503432,45.97949999999429,404.07358850144755,15.917493429697766,-0.21119287578365586,0.31663520659669275,0.9999960364019331
146,19481600,9748940,1.9983300748594206,39.47008299999766,470.713516424607,16.013370565045992,-0.9827619940967094,0.25694019238650184,0.9999980483599978
147,19481600,9687496,2.01100470131807,34.72370800000135,535.0552297726751,15.912444152431013,-0.47408447313267343,0.10857366917954635,0.9999978441221964
148,19481600,9695947,2.009251907008155,43.462709000003485,427.4722397653241,15.926325558475689,0.04564051977562822,0.5540440020599551,0.999995129943466
149,19481600,9712844,2.0057565013913536,40.88891600000011,454.37989998316294,15.954080157687253,-0.7530372635179892,0.4005260900690723,0.999999737898429
150,19481600,9734856,2.001221178823806,34.66754099999747,535.922105421361,15.99023653088042,-0.500051686977667,0.0901591787435762,0.9999989353549265
151,19481600,9720007,2.004278391980582,43.1175419999974,430.89426485631117,15.965845926412616,-0.2571396223215887,0.5070705453530588,0.9999987918256689
152,19481600,9666502,2.0153722618585297,43.584625000001154,426.27650375561353,15.877959921156373,0.02537411536257128,0.3973659639768865,0.9999956392602161
153,19481600,9748428,1.9984350297299216,44.8094999999995,414.6241659134828,16.01252956636005,-0.7412808668279016,0.032263174548804535,0.9999997281104865
154,19481600,9749964,1.9981201981873984,43.332542000001695,428.75632734629954,16.01505256241787,-1.359993895547765,0.2334835391344645,0.99999851640268
155,19481600,9721803,2.0039081228039697,47.35095800000266,392.3701303466543,15.968795992115638,-0.0877844480379224,0.3006084218129863,0.9999987172985945
156,19481600,9730764,2.002062736286688,47.020457999998655,395.1280432551408,15.983515111695137,-0.39849256362509844,0.34490623265579706,0.9999958423455758
157,19481600,9746124,1.9989074631104633,34.071540999995875,545.2967789893111,16.008745072273324,-1.1857552713673876,-0.2120477240272096,0.9999968738748678
158,19481600,9620935,2.0249175366011722,46.24979100000104,401.71211935854114,15.803112680683311,0.0465151094525994,0.5282469243910706,0.9999905810448425
159,19481600,9690826,2.0103136719202266,36.24470799999813,512.6017724436064,15.917913929040736,-1.233020255659293,0.13127077705966034,0.999999499457793
160,19481600,9730507,2.0021156143251324,42.447459000001686,437.6964369645604,15.98309296977661,-0.2443849232362474,0.24176030530086115,0.9999936255689077
161,19481600,9092805,2.142529175540441,35.351458000000946,525.5540397371872,14.935619250985546,0.48085039466074153,0.7495524981125393,0.9999832418665912
162,19481600,9752268,1.9976481368231471,40.99758299999934,453.1755338479417,16.018837056504598,-1.7990902885973221,-0.4466640519763879,0.9999998753171772
163,19481600,9223622,2.1121420630637293,48.76537500000211,380.98961737706713,15.15049605781866,0.2590420073708819,0.6360265116111375,0.9999924645279135
164,19481600,9738442,2.0004842663744364,47.03479199999805,395.00762674789274,15.996126806833114,-0.38454828095196425,0.48994281949323637,0.9999996085927696
165,19481600,9745355,1.999065195675273,45.34716700000274,409.70809846839774,16.007481931668856,-0.7310220211003251,-0.010131975777162341,0.9999978135369878
166,19481600,9289669,2.097125311999814,39.066042000001744,475.5818765182091,15.258983245729304,0.30027348415696153,0.6195392466807023,0.9999943605449193
167,19481600,9743051,1.9995379270825946,50.57862499999999,367.3310921856813,16.00369743758213,-1.3918044287591869,0.2026369467067723,0.9999995245450493
168,19481600,9696716,2.0090925628841765,36.51920800000141,508.74875387492744,15.927588699080157,-0.3056975957280701,0.19837328065663476,0.9999933131159305
169,19481600,8978374,2.169836097271065,41.789708000003145,444.5855798393854,14.747657687253614,0.36042739653116973,0.6626152990765279,0.999992758854221
170,19481600,9747404,1.9986449725485884,44.16487499999988,420.675968459099,16.010847568988172,-1.0930529799558837,0.13697439121450405,0.9999976706360111
171,19481600,9726667,2.0029060314288545,37.54579099999944,494.83846438340527,15.976785479632063,-0.38808492210613643,0.30818700044301156,0.9999987269637236
172,19481600,9671879,2.014251832554977,47.081208000001595,394.6182001638397,15.886792049934297,-0.2949171001808266,0.4280732064679408,0.9999938431142207
173,19481600,9723339,2.0035915645849642,36.217749999998716,512.9833179173378,15.971318988173456,-0.13465871587863187,0.2931375340436823,0.9999960869877026
174,19481600,9405127,2.0713808542936207,50.81658400000322,365.61098956393494,15.44863173455979,0.005457697894970526,0.5300477344450503,0.9999980870974174
175,19481600,9750220,1.9980677359074974,36.125957999999514,514.2867508870007,16.01547306176084,-1.0344630906790706,0.13778986463719453,0.9999998414022334
176,19481600,9636295,2.021689871470311,43.008083000003694,431.99092511280736,15.828342641261498,0.0363255889946037,0.45454016809699466,0.9999890680931444
177,19481600,9638088,2.0213137709471005,42.36350000000755,438.56389492125743,15.831287779237845,-0.29472071125556454,0.472276475709893,0.9999983634734365
178,19481600,9744076,1.9993275914514623,40.90770899999541,454.1711578739862,16.005381077529567,-0.7763321859675318,0.10651880376149472,0.9999983472008913
179,19481600,9635782,2.0217975043437058,42.66325000000393,435.48256549836896,15.8275,0.02486665196757798,0.3909412100924641,0.9999953597890123
180,19481600,9388231,2.0751087185647648,41.31275000000301,449.7183451234461,15.420878777923784,0.12982822731867405,0.5978766952350275,0.999998516381705
181,19481600,9752268,1.9976481368231471,37.45066700000166,496.09534491065745,16.018837056504598,-1.5249412116511456,-0.23507086379198713,0.9999998925790397
182,19481600,9125574,2.1348355730828548,46.98962499999482,395.3873128909211,14.989444809461235,0.36699212632683176,0.656711346457597,0.9999936969568323
183,19481600,9750988,1.9979103655957735,50.29187499999921,369.42550983633623,16.01673455978975,-1.7705627822010257,0.08488550137065706,0.9999997607530988
184,19481600,9747660,1.9985924827086705,42.07112499999255,441.6117126058143,16.011268068331145,-0.8118045545509605,0.03302252472731661,0.9999980317249789
185,19481600,9289158,2.0972406756349713,39.93033300000093,465.28791939950935,15.258143889618923,0.10978914252857708,0.5445880856306368,0.9999952722068988
186,19481600,9735623,2.0010635169418536,44.50316700000201,417.47818896797077,15.991496386333772,-0.9442139337178388,0.2667714476640932,0.9999985829992436
187,19481600,9750476,1.9980152763824044,43.614415999996936,425.9853338974275,16.015893561103812,-0.7563090891413409,-0.006449900810988929,0.9999986549761521
188,19481600,9535430,2.0430751418656525,48.83683300000996,380.43215379048456,15.662664257555848,-0.03848466981455401,0.44176324685088586,0.9999971886417179
189,19481600,9734860,2.001220356533119,43.586791999999264,426.2553106110749,15.990243101182655,-1.1634882596680933,0.25580170889802906,0.999999704944851
190,19481600,9741770,1.9998008575443682,41.35733300000766,449.2335509762334,16.00159329829172,-0.1808425726907732,0.153005646123123,0.9999970814816127
191,19481600,9502406,2.0501755029199975,44.406124999994745,418.3905162295111,15.608419842312747,-0.05333135149556556,0.49758839511698844,0.9999890271434286
192,19481600,9751244,1.997857914333802,38.4173340000018,483.6124641678449,16.01715505913272,-1.718518469196764,-0.11456709506366498,0.9999997813885161
193,19481600,9634247,2.0221196321829824,43.20466700001191,430.02533875553024,15.82497864651774,-0.0018108719707601306,0.4205860870792537,0.9999933271360738
194,19481600,9722824,2.0036976911234845,43.379166999997665,428.29548945697826,15.97047306176084,-0.6015234446691613,0.2793438085360089,0.9999996356917487
195,19481600,9749452,1.9982251310124919,44.07279100000494,421.5549127010794,16.01421156373193,-1.1065764717377666,0.11849752223694308,0.9999979907931212
196,19481600,9617863,2.025564306748807,47.638500000005024,390.00181707018567,15.798066688567674,-0.07001608329405684,0.5233978359723845,0.9999952608700102
197,19481600,9725641,2.003117326662582,44.93929100000571,413.4266729418949,15.975100197109066,-0.4875793139024094,0.2680881661243613,0.9999997357330236
198,19481600,9710028,2.0063381897559927,46.142250000002605,402.6483659227487,15.949454664914587,-0.40748999693013954,0.28030442281268475,0.999999117916593
199,19481600,9724875,2.003275106363835,39.309833000004346,472.63242157497706,15.973841984231274,-0.2204442053541582,0.15186519902722742,0.9999955960075823
200,19481600,9750220,1.9980677359074974,46.19587499999511,402.18096448009624,16.01547306176084,-1.475209869858777,0.11228359292172353,0.9999997878291679
201,19481600,9749708,1.9981726632223242,46.90612499999247,396.0911621350726,16.014632063074902,-0.9811010111196254,0.05903392092838783,0.9999981896791366
202,19481600,9667014,2.0152655204595753,60.674707999993416,306.2083391073265,15.878800919842313,-0.05362759947759543,0.3640874649384554,0.9999989155099641
203,19481600,9741767,1.9998014733877334,65.39137500000436,284.1215919148169,16.001588370565045,-0.6609917674299448,0.19606169413040808,0.999997834484594
204,19481600,9750732,1.997962819611902,49.09454200000596,378.4351743722906,16.01631406044678,-1.6738552760163041,-0.027583661505495717,0.999999830605937
205,19481600,9728972,2.0024315004709643,42.601625000003196,436.1125089124794,15.98057161629435,-0.3561328366297607,0.167327467565316,0.9999984780304403
206,19481600,9746892,1.9987499605002292,36.71008300000267,506.1035019315715,16.010006570302235,-0.8640550019303717,0.22584235006445638,0.9999982200726398
207,19481600,9617606,2.0256184335270127,49.715375000005224,373.7093718492126,15.797644546649146,-0.18402016523653697,0.47790036752760656,0.9999971736202086
208,19481600,9746380,1.9988549594823923,44.407333999998855,418.3791254503249,16.009165571616293,-0.5671001923299883,0.08060365618491055,0.9999979376193764
209,19481600,9739721,2.000221566921681,211.16758300000527,87.98273531643129,15.998227660972404,-0.8959956765824726,-0.07603710707339821,0.9999982525274956
210,19481600,9730508,2.002115408568597,53.768875000002936,345.5363639744924,15.983094612352168,-0.333244905977083,0.38026376610696483,0.9999955110030571
211,19481600,9751500,1.9978054658257705,68.11133299999028,272.7754801466395,16.01757555847569,-2.048450918365926,-0.2229388780965803,0.999999819575976
212,19481600,9720008,2.004278185779271,34.811791999999286,533.7013837868611,15.965847568988174,-0.2572747329443539,0.31958777093871954,0.9999974118903008
213,19481600,9727947,2.0026424897257358,44.3893749999944,418.5483927742245,15.978887976346911,-0.41743413744461066,0.22959782799509168,0.9999988150007482
214,19481600,9744588,1.9992225428104298,51.269082999994,362.38412070881344,16.006222076215504,-0.897529537768494,0.1422891696492979,0.9999982995324939
215,19481600,9710795,2.0061797206098984,35.35683299999448,525.4741442058145,15.950714520367937,-0.18123931193625098,0.2782183082530861,0.9999976425547071
216,19481600,9588422,2.031783749192516,39.691292000000544,468.09011816747477,15.749707621550591,-0.12829008776954698,0.5310003294379464,0.9999913128513059
217,19481600,9752012,1.99770057707066,42.78995800000018,434.19303104947943,16.01841655716163,-1.649201014216096,-0.15864875848369245,0.9999998854071002
218,19481600,9404102,2.071606624428361,44.13841599999557,420.92814482744154,15.446948094612353,0.14860100484511285,0.5440087031282234,0.99999462039761
219,19481600,9452998,2.06089115855097,48.326708000004714,384.44790326910305,15.52726346911958,0.039364291384771044,0.5558779992272542,0.9999963249066506
220,19481600,9750220,1.9980677359074974,39.95949999999482,464.94829921551593,16.01547306176084,-1.2696877674415963,-0.19994522299278963,0.9999997506021016
221,19481600,9502662,2.0501202715618003,33.42837499999973,555.7883553268787,15.608840341655716,0.15654137834963955,0.5341562856578609,0.9999966038317778
222,19481600,9752268,1.9976481368231471,48.48987500000135,383.1542474073089,16.018837056504598,-1.7936433532235267,0.015744581364191303,0.9999998817929328
223,19481600,9683142,2.0119089444314664,35.131458000009275,528.8451610091188,15.905292378449408,-0.15095236721679073,0.3621933756239336,0.9999970373721886
224,19481600,9750732,1.997962819611902,42.59924999999498,436.1368231248716,16.01631406044678,-1.0374201486692805,0.04668672723148555,0.999999833253054
225,19481600,9691082,2.01026056739588,42.39912500000287,438.19540055363746,15.918334428383705,-0.47184700788420875,0.26206312761307465,0.9999987105438789
226,19481600,9742281,1.9996959644255796,47.50500000000102,391.097812072405,16.002432654402103,-0.8944842484909032,0.15276684695094314,0.9999990360704235
227,19481600,9716679,2.004964865053173,41.142582999995625,451.57839415434796,15.960379434954008,-0.16172771523320884,0.26167430458065744,0.9999961187384615
228,19481600,9749964,1.9981201981873984,41.171750000003726,451.2584857942234,16.01505256241787,-1.065643355828866,0.28513627689343407,0.9999995954959763
229,19481600,9688264,2.0108452866272017,37.728250000000685,492.44535759012575,15.91370565045992,-0.20006552569125913,0.2875113685912729,0.9999943734839204
230,19481600,9741259,1.9999057616679734,41.91616699999656,443.2442871625529,16.00075394218134,-0.42726876715183937,0.22617593241820805,0.9999989897131448
231,19481600,9747147,1.998697670200316,34.177958000000785,543.5989348017682,16.010425427069645,-0.5771134549757395,0.2697919566895002,0.9999986858040314
232,19481600,9746635,1.9988026636885448,40.05812500000161,463.80357449329574,16.009584428383704,-1.1242878276710115,-0.08142952762972688,0.9999997027720043
233,19481600,9651911,2.018418943150222,41.95387500000436,442.84590070638455,15.853993101182654,-0.03279255159646288,0.485262243555133,0.9999967704152251
234,19481600,9702599,2.007874384997257,41.176250000006576,451.20916942404983,15.93725197109067,-0.40489554585166787,0.2751722411070344,0.9999923474142495
235,19481600,9747916,1.9985399956257317,42.14908300001241,440.79491747174023,16.011688567674113,-0.6713965738288863,0.05802460472707108,0.9999995459623907
236,19481600,9634503,2.0220659021020597,44.540666999992595,417.126702716488,15.82539914586071,-0.11919791066810848,0.35852753611825666,0.9999972958598131
237,19481600,9751500,1.9978054658257705,34.85295800000188,533.071011146285,16.01757555847569,-0.7950616487838849,0.48029510805129527,0.9999998826326082
238,19481600,9725385,2.0031700544502864,41.39075000000503,448.8708603370981,15.974679697766097,-0.3766596155308086,0.268617067574769,0.9999969818774385
239,19481600,9708490,2.006656029928444,40.292792000002464,461.1023619931541,15.94692838370565,-0.48763129859073673,0.3133786556092674,0.9999997192932629
240,19481600,9638858,2.0211522983324373,37.84604199999819,490.9126709340144,15.832552562417872,-0.021648114811957386,0.37551305629108855,0.9999902376248838
241,19481600,9728972,2.0024315004709643,40.38112500001034,460.09370869422884,15.98057161629435,-1.0476979962915363,0.27584544498424984,0.9999985757942292
242,19481600,9743820,1.9993801199119032,41.47479200000248,447.96129568290274,16.004960578186598,-0.4851937883850477,0.16735782938697277,0.9999996940405548
243,19481600,9707468,2.0068672902140907,46.899124999995934,396.150281321914,15.945249671484888,-0.34083444438899546,0.3257525700803648,0.9999988316646822
244,19481600,9746636,1.998802458612387,39.35091700000726,472.1389735974024,16.009586070959266,-1.320912827426242,0.03186087054365573,0.9999980266491338
245,19481600,9679820,2.0125994078402285,42.988625000006664,432.1864577547461,15.899835742444152,-0.6535369302383933,0.19987718464699353,0.9999994994182203
246,19481600,9716934,2.004912249069511,56.77233299999784,327.2562634074014,15.960798291721419,-0.09445298610940966,0.37598841918608666,0.9999992356584836
247,19481600,9718473,2.0045947547521097,34.520999999998025,538.197084745548,15.963326215505914,-0.3568255326703851,0.2698390046101684,0.9999989362128013
248,19481600,9724361,2.003380993362957,46.741750000009574,397.48408141535555,15.972997700394219,-0.40701960258312786,0.4211023448359329,0.999997400669187
249,19481600,9742796,1.9995902613582384,47.37033400000712,392.2096382621496,16.00327858081472,-0.4486829147536546,0.21881836083754008,0.9999988317403877
250,19481600,9752012,1.99770057707066,41.58633299999792,446.7597939568494,16.01841655716163,-1.2732578552908498,-0.09329088443225121,0.9999998906566897
251,19481600,9641418,2.020615639732662,39.973250000002736,464.7883662824196,15.83675755584757,-0.07803140548328003,0.3571775788580345,0.999998907589582
252,19481600,9746380,1.9988549594823923,44.78683399999284,414.8340014947913,16.009165571616293,-0.6018354857689103,0.2329264386429481,0.9999997288779733
253,19481600,9750988,1.9979103655957735,43.930790999993974,422.9175286760156,16.01673455978975,-1.5483488382156887,-0.019010300361283705,0.9999998562879631
254,19481600,9745868,1.9989599694968165,44.63145799999779,416.2781678004093,16.008324572930356,-0.7391875393520244,0.10120533187554354,0.9999982236280827
255,19481600,9354950,2.082491087606027,45.09250000000975,412.02198952145,15.366212220762154,0.09403750137477351,0.4261191524279741,0.9999950265539558
256,19481600,9751244,1.997857914333802,42.91949999999645,432.88252571678464,16.01715505913272,-1.3745897028500091,0.051414912963224625,0.9999998554348776
257,19481600,9739210,2.0003265151896303,39.87858400000732,465.89170674908087,15.997388304862024,-0.30386416938385064,0.1993156041300257,0.9999978916570983
258,19481600,9752012,1.99770057707066,43.523833999998374,426.87189649929957,16.01841655716163,-1.3631154553107203,0.27846695530155063,0.9999998937756528
259,19481600,9742283,1.999695553906615,41.949207999991245,442.8951689029237,16.00243593955322,-0.3694545251118897,0.25086904082512973,0.9999987493000796
260,19481600,9734855,2.001221384396583,43.91695799999695,423.050739591328,15.990234888304862,-0.2068347750975963,0.294376408635902,0.9999990106037205
261,19481600,9737929,2.0005896530976965,45.65637500000719,406.93334857393023,15.995284165571617,-0.7511689527916361,0.2313656408030305,0.9999981291977929
262,19481600,9750220,1.9980677359074974,59.0340420000075,314.7184392777584,16.01547306176084,-0.5840960740594234,0.2840980103310141,0.9999997878700387
263,19481600,9535430,2.0430751418656525,40.503250000000435,458.7064386808417,15.662664257555848,-0.21573317846445184,0.33813940595387987,0.9999957525392421
264,19481600,9745355,1.999065195675273,53.60066699999777,346.62071579259964,16.007481931668856,-0.3558839115544161,0.2411613489093986,0.9999987833892036
265,19481600,9652679,2.018258350868189,36.32645800000489,511.4482001657717,15.855254599211564,-0.020332386115630596,0.47221237980204533,0.9999964484565648
266,19481600,9745867,1.9989601746052967,41.73908299999596,445.12481413407664,16.008322930354797,-1.2583756975219242,0.1453425987400735,0.9999997239164613
267,19481600,9568966,2.0359148522421338,40.51775000000646,458.54228239467983,15.717749671484889,0.031040771878300344,0.36231723999644955,0.9999988287312894
268,19481600,9748172,1.9984875112995544,41.75454100000309,444.96002392886146,16.012109067017082,-0.815620367818553,0.2852131603498118,0.9999982059760021
269,19481600,9743818,1.9993805303013665,46.30124999999907,401.2656583245673,16.00495729303548,-0.8610308232942563,0.14257305530950884,0.9999981191905684
270,19481600,9745612,1.9990124786416696,45.511417000000165,408.22946827825496,16.007904073587387,-0.44386773813143576,0.26916795870865357,0.999999757563966
271,19481600,9723338,2.003591770645019,42.44254099999978,437.74715473562475,15.971317345597898,-0.2072266328536847,0.3386969148644478,0.9999975415872772
272,19481600,9749964,1.9981201981873984,43.89862499999708,423.22741458305893,16.01505256241787,-0.9003380684209421,0.29336109045679076,0.999999899404456
273,19481600,9748172,1.9984875112995544,46.37950000000046,400.5886558177603,16.012109067017082,-0.7867487375830708,0.19804153345269476,0.9999993745777389
274,19481600,9717702,2.0047537987890554,48.547958000000335,382.69583990535443,15.96205978975033,-0.1778399415334242,0.35528152242728117,0.9999993898780787
275,19481600,9636807,2.021582459833428,38.33099999999945,484.70171825677045,15.829183639947438,-0.21160570188708028,0.311281533905889,0.9999975392854759
276,19481600,9750732,1.997962819611902,43.79337499999281,424.24457038314705,16.01631406044678,-1.0651280443196764,0.06086876508151572,0.9999997860175389
277,19481600,9684166,2.0116962059510337,42.65204200000028,435.5970005492323,15.906974375821287,-0.19151095806749674,0.39724529660059893,0.9999938663844915
278,19481600,9746636,1.998802458612387,48.66608400000416,381.76693161706646,16.009586070959266,-0.784413475289877,0.07176968676135848,0.9999981017340478
279,19481600,9670598,2.0145186471405387,43.55158299999573,426.5999140031677,15.884687910643889,-0.07195315069608821,0.4139666222223604,0.9999973710858806
280,19481600,9747916,1.9985399956257317,41.71695899999861,445.36087979233145,16.011688567674113,-1.047115516684479,-0.09414193114989758,0.9999995280430295
281,19481600,9749964,1.9981201981873984,53.40270800000724,347.90560738038755,16.01505256241787,-1.2735593358643427,0.1231983723125619,0.9999997744401682
282,19481600,9453254,2.060835348336139,35.39245899999344,524.9452026631844,15.527683968462549,0.11247599385368201,0.46655284271997904,0.9999921606658162
283,19481600,9750732,1.997962819611902,44.38966699999014,418.54563951795643,16.01631406044678,-1.133530603318611,0.06920449807236967,0.9999997409568913
284,19481600,9723338,2.003591770645019,52.020917000007216,357.1467523822662,15.971317345597898,-0.47640790975762104,0.4224954786564343,0.999998715158625
285,19481600,9718984,2.004489358146901,44.33450000000505,419.0664507888413,15.964165571616295,-0.18375908701030585,0.3813401649984861,0.9999984962089888
286,19481600,9734860,2.001220356533119,43.00824999999975,431.9892477024782,15.990243101182655,-1.2093662679434223,-0.09289626466769771,0.9999997843742076
287,19481600,9741003,1.9999583205138116,48.701209000000745,381.49158807330053,16.00033344283837,-0.3578151826337923,0.21769542179910062,0.9999997642570303
288,19481600,9745100,1.9991175052077454,60.484916999996585,307.1691668602447,16.007063074901446,-0.6336266839421245,0.3005684467179104,0.9999992791060357
289,19481600,9741769,1.999801062825448,49.203665999996815,377.5958800001041,16.00159165571616,-0.6864695563621332,0.1601807276129186,0.9999984403306602
290,19481600,9692620,2.0099415844219624,46.206083000001286,402.0921133371007,15.920860709592642,-0.07044654833886121,0.41231596225496053,0.9999989682830368
291,19481600,9701319,2.008139305593394,50.51591599999483,367.78708640068805,15.935149474375821,-0.09408970984111042,0.4095165521690162,0.9999961296520394
292,19481600,9748940,1.9983300748594206,49.04758300000367,378.7974947205576,16.013370565045992,-0.9547524704819932,0.3150480814272341,0.9999998287171129
293,19481600,9724619,2.0033278424584036,40.61208399998861,457.4771775441322,15.973421484888306,-0.35007413238350993,0.12044237323156255,0.9999969918659875
294,19481600,9742538,1.9996432141193599,45.02566700000443,412.63356659431986,16.00285479632063,-0.7087003298173344,0.3509351791992959,0.9999988928603294
295,19481600,9740488,2.0000640624987165,67.57395799999699,274.9446992952644,15.999487516425756,-0.4757027876629014,0.1710543190636591,0.9999990108937753
296,19481600,9748428,1.9984350297299216,48.21966599999428,385.30133249994316,16.01252956636005,-0.5174532160259193,0.10741762340807652,0.9999986837907383
297,19481600,9750732,1.997962819611902,53.18495800000278,349.3300034663754,16.01631406044678,-1.0128367750540606,0.19595373247594527,0.9999997319424863
298,19481600,9717704,2.0047533861908122,71.51620800000558,259.78868402109003,15.962063074901446,-0.20859519234381385,0.383009420264233,0.999997658369965
299,19481600,9750732,1.997962819611902,59.37729199999353,312.8991056463475,16.01631406044678,-1.0057246476702595,0.1648202220560226,0.999998964482716
300,19481600,9743307,1.9994853903299978,48.4568749999994,383.41518231417587,16.0041179369251,-0.3873100722196714,0.108415906115662,0.9999984601526163
301,19481600,9725643,2.003116914737668,64.35525000000553,288.6959737161833,15.975103482260185,-0.7574553829928716,0.27484476335535774,0.9999972328472383
302,19481600,9537735,2.042581388558185,42.94920800001023,432.58310054275216,15.666450394218135,-0.3021146289604273,0.316073750180094,0.9999979749938461
303,19481600,9748684,1.998382550916616,40.334833000002845,460.6217549605,16.012950065703023,-0.7743858905055043,0.10169209106858829,0.9999997383129403
304,19481600,9695436,2.009357805053842,46.01870799999119,403.72931727034916,15.92548620236531,-0.9746178832467705,0.07111942045978754,0.9999994281681029
305,19481600,9626313,2.023786261676719,38.929292000005944,477.25249055382676,15.811946452036794,-0.3388326320135344,0.2881790061567548,0.9999960993664107
306,19481600,9744075,1.9993277966353913,38.369041999999354,484.2211479374521,16.00537943495401,-0.6163648990589141,0.27824927891247775,0.9999988018154827
307,19481600,9712075,2.0059153167577475,42.28337499999668,439.3949528035891,15.952817017082786,-0.27710167299061106,0.25504589070256445,0.9999983047707454
308,19481600,9551814,2.039570703533381,40.66670800000338,456.8626888239504,15.689576215505912,0.09345263122032876,0.5186277505620068,0.9999931665768848
309,19481600,9657032,2.017348601516491,39.28866699999389,472.8870430371916,15.862404730617609,-0.5677780967209203,0.42118666706065716,0.9999958747696975
310,19481600,9747404,1.9986449725485884,50.14612499999771,370.49924720007476,16.010847568988172,-0.7160358266733944,-0.04793910003961356,0.9999977783160978
311,19481600,9273799,2.1007140655086443,38.93962499999759,477.12584706455567,15.232915571616294,0.06638892905854499,0.4718388093051476,0.9999918568529194
312,19481600,9749964,1.9981201981873984,51.262542000003464,362.4303602130918,16.01505256241787,-1.3673299515009507,0.14499841939810032,0.9999997496838409
313,19481600,9745868,1.9989599694968165,42.72824999999614,434.82009121603807,16.008324572930356,-0.425965227604328,0.2723084028216686,0.9999986342234787
314,19481600,9722314,2.0038027983872975,46.41541699999152,400.2786738402758,15.969635348226019,-0.15725648650266488,0.4082182282257755,0.999999190959115
315,19481600,9738185,2.0005370610642537,41.35062499999265,449.30642674695497,15.995704664914586,-0.25724332594267096,0.27781274893371916,0.9999988190883267
316,19481600,9718727,2.004542364447525,40.67258300000276,456.7966967452925,15.963743429697766,-0.6101166599713252,0.3203950538261212,0.9999984714906587
317,19481600,9750732,1.997962819611902,46.80570800000794,396.94093640239026,16.01631406044678,-0.807425446083593,0.18406837377318755,0.9999998802641451
318,19481600,9737672,2.0006424533502463,43.03429099999789,431.7278414671897,15.994862023653088,-0.23811970735041377,0.18591174997570536,0.999997989612115
319,19481600,9748172,1.9984875112995544,38.064915999996174,488.08991362287173,16.012109067017082,-0.6578866694247951,0.3840063821550249,0.999999805342706
320,19481600,9601222,2.0290750489885556,41.771083999989855,444.7838021753161,15.77073258869908,0.04999939986616697,0.4979140317733529,0.9999950988136794
321,19481600,9744844,1.9991700226294027,39.34833399999604,472.1699669038559,16.006642575558477,-0.6786882393204281,-0.07855773703797687,0.9999978110282544
322,19481600,8453829,2.3044705541122252,55.712957999986656,333.4790007470874,13.886052890932984,0.4134667773706906,0.7327303824958706,0.9999890910363576
323,19481600,9752268,1.9976481368231471,51.01641699999959,364.1788791733482,16.018837056504598,-2.1400110543062767,-0.10287730252869362,0.9999998645440192
324,19481600,9585094,2.0324891962457543,40.453292000009355,459.2729205449016,15.744241130091984,0.16651940701021317,0.4838824738250559,0.9999944136037022
325,19481600,9554631,2.038969375164776,51.81562500000325,358.5617574331842,15.694203350854139,0.21549459556362394,0.6098296711700326,0.999992709527259
326,19481600,9652166,2.018365618660102,37.28737500000534,498.2678872539925,15.854411957950065,-0.5083229408007315,0.22533698640934677,0.9999946934459273
327,19481600,9665228,2.015637913559825,42.28841699999464,439.3425642417014,15.875867279894875,-0.2758356389395835,0.4696780239600904,0.9999980097964463
328,19481600,9693129,2.0098360395286186,52.577999999996905,353.3626528681406,15.921696780551905,-0.26504831756713454,0.3781351083253551,0.9999945425940856
329,19481600,9732806,2.001642691737614,38.74208300000248,479.55866395977756,15.986869250985546,-0.49502643494244136,0.20389255361034564,0.9999979369437051
330,19481600,8470468,2.2999437575350026,46.046958000005134,403.48162765709577,13.91338370565046,0.3676166743196396,0.6550275496552201,0.9999859459161653
331,19481600,9749452,1.9982251310124919,48.2005829999963,385.4538764085369,16.01421156373193,-0.593394639837654,0.41095740986286716,0.9999996414507617
332,19481600,9743305,1.9994858007626775,58.737082999996915,316.30957162957816,16.004114651773982,-1.0242991907423944,0.2305292605832404,0.9999995909536328
333,19481600,9704649,2.0074502436924817,39.57770899999957,469.43347737738435,15.940619250985545,-0.2614330155818383,0.2658895777695876,0.9999992631184884
334,19481600,9539530,2.0421970474436373,43.6801670000051,425.34410554103033,15.669398817345598,-0.16321288984463211,0.37974899586282074,0.9999965092215612
335,19481600,9551558,2.0396253679242697,39.36712499999828,471.944587330185,15.689155716162944,-0.008784299855618016,0.5089325707180832,0.9999972331398694
336,19481600,9716934,2.004912249069511,37.58175000000108,494.36499264934355,15.960798291721419,-0.0647328891620862,0.3876230941838463,0.9999967215589474
337,19481600,9734348,2.0013256152338093,42.95816699999477,432.4928845893788,15.989402102496715,-1.3396623899899893,0.2810926710894947,0.9999997597972021
338,19481600,9737161,2.0007474457904104,47.73975000000519,389.17467231181524,15.994022667542707,-0.5315889397707156,0.09375753526824886,0.9999990670063075
339,19481600,9356488,2.082148772060628,43.3546249999921,428.5379371290465,15.368738501971091,0.07034796478183725,0.46677573808318334,0.9999970593411587
340,19481600,9662155,2.016278977101899,35.92537500000503,517.1581803251155,15.87081964520368,-0.31242162840992904,0.5126933996763341,0.999993738523141
341,19481600,9714380,2.0054393589709276,53.04033299999844,350.28252108636923,15.956603153745073,-0.796378199367314,0.13805910954536704,0.9999995060645476
342,19481600,9727948,2.0026422838608924,46.48575000000221,399.67305168786385,15.978889618922471,-0.5818029979492194,0.19536771482396045,0.9999991590003944
343,19481600,9743562,1.999433061543612,41.3382079999991,449.44138755362604,16.00453679369251,-0.5804068285220689,0.23126883264678222,0.9999996422870135
344,19481600,9740746,2.000011087446485,42.002375000009806,442.33454804628695,15.999911300919843,-0.5696865887586438,0.192936020126648,0.9999992692306369
345,19481600,9721287,2.0040144890280476,50.57045799999571,367.39041522031647,15.967948423127464,-0.5278291776502391,0.14949190863016168,0.9999989409293347
346,19481600,9724873,2.003275518353813,46.51562499999784,399.4163587504384,15.973838699080158,-0.6196014956604343,0.3213178507085671,0.9999984761861216
347,19481600,9747660,1.9985924827086705,50.78016699999921,365.87318750842803,16.011268068331145,-0.6925753461788282,-0.05276045981531386,0.999999676652188
348,19481600,9521096,2.046150989339883,46.759790999999495,397.3307229388643,15.639119579500656,0.04626976565341678,0.4753547688288609,0.9999931661292876
349,19481600,9751500,1.9978054658257705,42.285040999999524,439.37764096055173,16.01757555847569,-1.2198624035447412,-0.1277862780260101,0.9999998768837071
350,19481600,9725384,2.00317026042365,43.123707999995986,430.8326538734037,15.97467805519054,-0.0856641879470268,0.44653908138503895,0.9999979114814777
351,19481600,9748172,1.9984875112995544,52.90087499999174,351.2059405917747,16.012109067017082,-1.5318518384280084,-0.025943673453734554,0.9999997332179451
352,19481600,9603014,2.0286964071904925,39.58591600000716,469.3361538607984,15.773676084099868,-0.17052976704964928,0.3974762400797036,0.9999909269275626
353,19481600,9723081,2.0036447294844093,52.83912499999133,351.61637446689457,15.970895203679369,-0.6659258488374371,0.22522776837059924,0.9999961420706512
354,19481600,9749452,1.9982251310124919,38.01791600000115,488.6933192892382,16.01421156373193,-0.6482353744012284,0.25137953570499433,0.9999998337860583
355,19481600,9666502,2.0153722618585297,40.56166700000574,458.04580868181205,15.877959921156373,0.0640901031599862,0.477731246362488,0.9999918281940825
356,19481600,9745612,1.9990124786416696,45.151999999987424,411.47903885775105,16.007904073587387,-0.8277810733832289,0.21702528444668517,0.9999997156109499
357,19481600,9711307,2.0060739507050904,35.02283299999931,530.4853996962601,15.951555519053876,-0.6841788256433934,0.15598579300865176,0.9999993175118697
358,19481600,9746124,1.9989074631104633,43.24654200000566,429.60895145090603,16.008745072273324,-0.7466945129438041,0.1735635128188894,0.9999992121741662
359,19481600,9653450,2.0180971569749673,42.92391699999598,432.83798080454164,15.856521024967149,-0.06785066299575071,0.3421161956634603,0.9999921174143936
360,19481600,9725898,2.0030643956989884,37.932750000010174,489.79052566700324,15.975522339027595,-0.41384323664602074,0.38573264166065757,0.999996034068154
361,19481600,9744074,1.9993280018193622,45.07616700000483,412.17128249831023,16.00537779237845,-1.0303915159854071,-0.0756547891923267,0.9999985939998347
362,19481600,9729740,2.0022734420447,53.45820800000922,347.54441380632875,15.981833114323258,-0.5512277361150715,0.20579038179126594,0.9999974630653223
363,19481600,9668806,2.014892014587944,44.34245800000269,418.99124226489363,15.881744415243102,-0.14634092996153658,0.34082331058901233,0.9999917503531377
364,19481600,9752268,1.9976481368231471,41.59962499998926,446.61704432443315,16.018837056504598,-1.462537169058172,0.19341745388950457,0.9999998909609776
365,19481600,9702856,2.007821202334653,45.17733400000168,411.248294609401,15.937674113009198,-0.2868462782338068,0.11357945754260723,0.9999982198354062
366,19481600,9603271,2.0286421157957535,42.61312500000258,435.99481527109015,15.774098226018397,0.06814756628839003,0.5822622294737085,0.9999957283567855
367,19481600,9750220,1.9980677359074974,106.80583399999932,173.95212290089057,16.01547306176084,-1.7613127733286604,0.04772800027599523,0.9999988115088932
368,19481600,9619911,2.025133080753034,39.60383300000103,469.12382350717206,15.801430683311432,-0.10475882550831273,0.28158513409510627,0.9999989949686053
369,19481600,9457095,2.059998339870753,46.461292000003596,399.8834462566939,15.533993101182654,0.2122790171354494,0.5793792174139017,0.999992707054615
370,19481600,9741770,1.9998008575443682,40.53425000000743,458.3556267229958,16.00159329829172,-0.8024522611457103,0.2336846112389937,0.9999987258789456
371,19481600,9745098,1.999117915489408,40.699875000001384,456.4903838770848,16.00705978975033,-0.41911090924510264,0.29180071002821023,0.9999997034379342
372,19481600,9721289,2.004014076734063,52.91258300002255,351.12822903565456,15.96795170827858,-0.45401081344390515,0.24163225489385146,0.9999954563354422
373,19481600,9689288,2.010632773016965,50.748374999983525,366.10239367282264,15.9153876478318,-0.6192295002595529,0.3474599556454169,0.9999985181515835
374,19481600,9711305,2.0060743638470835,73.10829100001115,254.13125253464298,15.95155223390276,-0.44466941192798437,0.27249968856448664,0.9999967191505732
375,19481600,9739211,2.0003263098006605,46.32841700001222,401.0303560014817,15.997389947437583,-1.0085681441925622,0.15851531294712243,0.9999990565568264
376,19481600,9748684,1.998382550916616,48.439333999994005,383.5540257944566,16.012950065703023,-0.7151125837938908,-0.015770962384839056,0.9999996462274393
377,19481600,9600710,2.02918325832152,50.281667000007246,369.50050925116153,15.76989159001314,-0.03820240849181178,0.45873948397586073,0.9999943052081497
378,19481600,9746124,1.9989074631104633,38.86866600001326,477.9968924710115,16.008745072273324,-1.3036095750122931,0.15882359608716548,0.9999996335791013
379,19481600,9728716,2.0024841921585543,42.66250000000582,435.4902212129497,15.98015111695138,-0.628841614744627,0.15981472979709938,0.9999990762174484
380,19481600,9744587,1.9992227479727975,56.33920799999714,329.77214664609664,16.006220433639946,-0.4824197667416621,0.2555661588078012,0.9999992841831299
381,19481600,9716167,2.0050705180345294,68.26695800000948,272.1536466074469,15.959538436268069,-0.38828892643166957,0.21960240943681594,0.9999988914685793
382,19481600,9730508,2.002115408568597,45.4464580000149,408.81297201409865,15.983094612352168,-0.6512239755281186,0.23919148890191474,0.9999997658823687
383,19481600,9746635,1.9988026636885448,41.38758399997755,448.9051973294715,16.009584428383704,-0.92947167056707,0.04348584695622597,0.9999990352230509
384,19481600,9747148,1.9986974651457021,41.957749999994576,442.8050017577778,16.010427069645203,-0.738744809986825,0.09329071061935457,0.9999997205863653
385,19481600,9668806,2.014892014587944,36.56158400002596,508.15909842655634,15.881744415243102,-0.4309578465007373,0.26971969306533106,0.9999993175330768
386,19481600,9742539,1.9996430088706856,41.59841700001721,446.6300138895265,16.00285643889619,-0.5679795074213965,0.20193961158242424,0.9999993681915195
387,19481600,9704648,2.0074504505469957,47.653457999984994,389.87939894111884,15.940617608409987,-0.2646565132034324,0.3101042804588395,0.9999990632376913
388,19481600,9743820,1.9993801199119032,210.2199589999998,88.37934157574456,16.004960578186598,-0.5882397089827238,0.2408464333691257,0.9999988319209673
389,19481600,9742539,1.9996430088706856,57.567750000004025,322.7345442977831,16.00285643889619,-0.6139146743676742,0.23970805716171084,0.9999992154027904
390,19481600,9743308,1.9994851851137212,44.36724999999342,418.7571139185493,16.004119579500657,-0.5486599340103602,0.19761512162627368,0.9999987674019818
391,19481600,9746123,1.9989076682081686,52.65095800001518,352.8730011426315,16.008743429697766,-0.5349327856864285,0.1518978499530555,0.9999985092205624
392,19481600,9750732,1.997962819611902,35.81300000001875,518.780933250224,16.01631406044678,-0.8153233158409361,0.24530165795111172,0.9999998516088869
393,19481600,9691851,2.010101063254068,45.61166699997443,407.33221968209176,15.919597568988173,-0.36684172338855237,0.33621823256079003,0.9999966032636013
394,19481600,9702345,2.0079269496188807,33.27016700001195,558.4312685443787,15.936834756898817,-0.2881223445037544,0.2461628799358653,0.9999989063692586
395,19481600,9750476,1.9980152763824044,46.29050000002621,401.3588438770262,16.015893561103812,-0.8210825136870465,0.15940398293203648,0.9999988810439987
396,19481600,9701320,2.008139098596892,45.866249999988895,405.0713010656964,15.93515111695138,-0.48769584675430555,0.23579816674849655,0.999999133078514
397,19481600,9732812,2.0016414577821906,36.73208399999339,505.8003668537658,15.986879106438897,-0.4416452632724739,0.1809095324287724,0.999999853165701
398,19481600,9746636,1.998802458612387,42.912124999986645,432.9569221404389,16.009586070959266,-0.9448740331779102,0.10053445857450033,0.9999986771314822
399,19481600,9702601,2.007873971113519,46.4432919999922,400.03842885433534,15.937255256241787,-0.529065025844339,0.30253533687915096,0.999998626562518
400,19481600,9680843,2.0123867311968597,53.725582999987864,345.8147966957231,15.901516097240473,-0.8585041754592879,0.13074232373686417,0.9999988927680624
401,19481600,9687496,2.01100470131807,39.42479200000548,471.25426971174426,15.912444152431013,-0.3465010723132502,0.23061887518567242,0.9999967575903228
402,19481600,9743051,1.9995379270825946,44.549708999994664,417.04204089194445,16.00369743758213,-0.7343304432182642,0.10461421069647038,0.9999988423832713
403,19481600,9750988,1.9979103655957735,45.14870799999926,411.5090416873126,16.01673455978975,-1.149237036856622,0.1950902250067978,0.9999998320673135
404,19481600,9749452,1.9982251310124919,47.51612500001556,391.00624393285256,16.01421156373193,-1.1116584958005724,-0.04568093414422692,0.999999816827451
405,19481600,9670856,2.0144649036238365,40.371916999987434,460.19864656181136,15.885111695137976,-0.23342939744199742,0.3330304147823467,0.9999966074507671
406,19481600,9535174,2.0431299942717356,39.25708299999542,473.2675008609827,15.662243758212878,-0.09320474607411322,0.4381529923281489,0.9999941043722727
407,19481600,9752012,1.99770057707066,47.30733299999201,392.73195896507497,16.01841655716163,-1.2435802168432453,-0.12927422617947684,0.9999998842263372
408,19481600,9354693,2.0825482995540314,47.96795800001519,387.3231702398947,15.365790078843627,0.14592423391504616,0.5031655727921855,0.9999927561637927
409,19481600,9748684,1.998382550916616,48.28279200000907,384.7975809372522,16.012950065703023,-0.7222566499274781,0.35945908806915666,0.9999998435686286
410,19481600,9713355,2.0056509825904643,36.83095799999592,504.44252800869475,15.954919513797634,-0.7723698260850278,0.024841008563346537,0.9999992740266582
411,19481600,9709515,2.0064441941744775,33.16050000000814,560.2780887651103,15.948612023653087,-0.4574591380838233,0.2377778839582666,0.9999983500781134
412,19481600,9686216,2.011270448645787,34.89629200001332,532.4090468549756,15.910341655716163,-0.4276876697499714,0.3408067300894419,0.9999993993760908
413,19481600,9691851,2.010101063254068,37.72524999999405,492.4845179953196,15.919597568988173,-0.21648227355152305,0.44068106658800804,0.9999989675835894
414,19481600,9739211,2.0003263098006605,34.40454200000431,540.0188603730772,15.997389947437583,-0.4976553693523944,0.2008259805802319,0.9999991734401911
415,19481600,9747916,1.9985399956257317,52.05566599997269,356.9083442810961,16.011688567674113,-0.8238909023084184,-0.04149350897760664,0.9999997926701184
416,19481600,9668039,2.015051863154462,33.13866600001347,560.6472379573893,15.88048455978975,-0.4916800570364608,0.2982336584537468,0.9999957157010932
417,19481600,9745612,1.9990124786416696,46.90299999998615,396.11755244878765,16.007904073587387,-0.6040129263489216,0.1706952312302436,0.999998676854727
418,19481600,9691082,2.01026056739588,43.07470900002386,431.322741205047,15.918334428383705,-0.6538118030832294,0.27478176374700825,0.9999985892482333
419,19481600,9743563,1.9994328563380768,43.00379200000748,432.0340299873269,16.004538436268067,-0.6236213180127086,0.08988780615333392,0.9999987749566284
420,19481600,9671623,2.0143051481638605,40.82387500000095,455.10382251806243,15.886371550591328,-0.8111157776986857,0.19782456287992597,0.9999990379831936
421,19481600,9742283,1.999695553906615,33.66608299998575,551.864069321871,16.00243593955322,-0.13900029907473188,0.361858071665022,0.999998740893941
422,19481600,9717963,2.0046999561533627,41.541958999999906,447.23701071728567,15.962488501971091,-1.2868065272986944,0.10798480249359348,0.999998735909536
423,19481600,9721032,2.0040670579008486,33.82683399999564,549.2415152568636,15.967529566360053,-0.6116533929578392,0.14036147814943623,0.9999988195800819
424,19481600,9571273,2.035424128013066,46.417708000006996,400.2589176203444,15.721539093298292,0.014500125602875835,0.43473003110567576,0.9999953612890593
425,19481600,9744330,1.9992754760973817,45.77362500000959,405.89098115991703,16.00579829172142,-0.9896123042060667,0.09215233850023405,0.9999989830204579
426,19481600,9737673,2.000642247896392,35.05462499998657,530.0042879507944,15.994863666228646,-0.3242278008994832,0.3371552916532699,0.9999990516587346
427,19481600,9744331,1.9992752709241917,42.17112499998166,440.56452282238337,16.005799934296977,-0.930809058932796,0.15604692005320842,0.999998687859801
428,19481600,9686471,2.011217501193159,34.19008400001644,543.4061397009457,15.910760512483574,-0.24957651116581459,0.22245990783012765,0.9999960593078747
429,19481600,9706186,2.007132358683421,43.377749999990556,428.30948037885884,15.943143889618922,-0.5375204412061592,0.2456041013414069,0.9999990052510893
430,19481600,9708234,2.0067089441807853,39.6439579999992,468.6490073090173,15.946507884362681,-0.2872286804708968,0.37796085032361815,0.9999990962133586
431,19481600,9746891,1.9987501655656148,43.69745899998634,425.17578796757516,16.010004927726676,-1.2818963132162895,0.08359190499181697,0.9999982886470711
432,19481600,9638087,2.0213139806685705,52.10099999999329,356.5977920289897,15.831286136662287,-0.4158547064441256,0.26142753968979343,0.9999985729657251
433,19481600,9746124,1.9989074631104633,35.577375000002576,522.2167617059622,16.008745072273324,-0.5165258466810703,0.10104881917200025,0.9999996156692276
434,19481600,9739209,2.0003267205786424,45.4914590000044,408.4085665948459,15.997386662286464,-0.3748615540562732,0.3296026723766747,0.9999987956294999
435,19481600,9705929,2.0071855048599674,45.9221669999863,404.5780671131121,15.942721747700395,-0.3123645462372884,0.4102106969300815,0.9999991676748811
436,19481600,9747916,1.9985399956257317,49.370333000013034,376.321171714501,16.011688567674113,-1.173818140393215,0.08745256863151281,0.9999997466622366
437,19481600,9740234,2.000116218973795,37.97287499997992,489.27297610491235,15.999070302233903,-0.32532588054944056,0.22702801812520895,0.9999990785021514
438,19481600,9518790,2.046646685135401,44.02158400000644,422.0452758468955,15.635331800262811,0.11025645550328522,0.4459928598274905,0.9999967981703837
439,19481600,9751244,1.997857914333802,48.450250000001915,383.46760981623964,16.01715505913272,-2.025893324486615,-0.19445767246847437,0.9999996432107078
440,19481600,9706954,2.0069735573074725,40.9349170000155,453.86928627442836,15.944405387647832,-0.366096778662375,0.3521120424759065,0.9999984138242234
441,19481600,9609674,2.027290415887157,50.924917000003234,364.83322226129144,15.784615637319316,-0.3023613211860947,0.36225431633948396,0.9999994910108204
442,19481600,9739979,2.0001685835256935,44.8975829999938,413.8107292435445,15.998651445466491,-0.592053089155683,0.04301964526879895,0.9999989124494358
443,19481600,9748171,1.9984877163110906,66.86112500000263,277.8759938977884,16.012107424441524,-0.6886770291513036,0.24815590637966334,0.9999988746780207
444,19481600,9736137,2.000957874771072,39.136166999981015,474.7297189964723,15.992340670170828,-0.7098146482798795,0.2714128426625853,0.9999991544603138
445,19481600,9742538,1.9996432141193599,44.53466699999353,417.1829007389389,16.00285479632063,-0.45175885997303045,0.19559726436080427,0.9999997334449691
446,19481600,9745868,1.9989599694968165,48.550874999989446,382.6728470394002,16.008324572930356,-0.5833221737643701,0.2890226897409357,0.9999991463249991
447,19481600,9746124,1.9989074631104633,38.03666700000008,488.4524073179167,16.008745072273324,-0.9832619758427787,-0.06780255966026662,0.9999989801042347
448,19481600,9504712,2.0496780965062382,46.272291999997606,401.51677730813424,15.612207621550592,-0.21289711902653896,0.40172138838894056,0.9999992313014996
449,19481600,9745356,1.9990649905452402,44.31933299997581,419.20986406790325,16.007483574244414,-0.5563993087148327,0.25596097566914633,0.9999997049151709
450,19481600,9746380,1.9988549594823923,50.25912499999663,369.66623598204797,16.009165571616293,-0.8774551295179478,-0.052023009061575774,0.9999996028790669
451,19481600,9779916,1.9920007492906893,48.5227499999894,382.89465379649874,16.064250985545335,-0.7816823128036543,0.2921326997367825,0.9999997774747283
452,19481600,9746892,1.9987499605002292,43.16258399998674,430.44460828632754,16.010006570302235,-0.7892301094819005,0.11758914125918866,0.9999990153323232
453,19481600,9690312,2.010420304320439,44.40350000001558,418.415250205355,15.917069645203679,-0.19443634543316368,0.27062148483855814,0.999999328823537
454,19481600,9746380,1.9988549594823923,37.586957999991455,494.29649407925547,16.009165571616293,-0.9651992912923395,0.030426759187069476,0.9999988473534632
455,19481600,9750476,1.9980152763824044,52.39241600000355,354.61433125165945,16.015893561103812,-1.0625670500009856,0.16906515174816175,0.9999998781460435
456,19481600,9744331,1.9992752709241917,44.99516699999617,412.91327049639756,16.005799934296977,-0.6415162307737481,0.17697869940878813,0.9999991992771184
457,19481600,9719239,2.004436767117261,43.18491700001914,430.2220046524986,15.964584428383706,-0.33313466455254814,0.33470226683437493,0.999999159385696
458,19481600,9745356,1.9990649905452402,46.903458999992154,396.11367601914196,16.007483574244414,-0.6101466882460409,0.10119142412722597,0.9999993556631691
459,19481600,9745100,1.9991175052077454,46.91124999999374,396.04788963207073,16.007063074901446,-0.9096901559554564,0.037305932534672216,0.9999993584353369
460,19481600,9745612,1.9990124786416696,42.60262500000067,436.10227216045274,16.007904073587387,-0.6872409322019717,0.19070217657005992,0.9999988656976958
461,19481600,9739721,2.000221566921681,38.08712500000411,487.80530330125987,15.998227660972404,-0.3963291435423706,0.12936867982823907,0.9999993495866552
462,19481600,9747660,1.9985924827086705,48.992999999995845,379.21951222626853,16.011268068331145,-2.2639752341214447,-0.01367470715901841,0.9999996514992199
463,19481600,9739720,2.0002217722891418,47.02091699999755,395.1241861680615,15.998226018396846,-0.7848354735573708,-0.00024178439895908795,0.9999991899138138
464,19481600,9746380,1.9988549594823923,66.67533300000628,278.65030029168736,16.009165571616293,-0.6332399441185639,0.10731009159965708,0.9999990789796471
465,19481600,9745356,1.9990649905452402,45.48679199999128,408.45046980898456,16.007483574244414,-0.784641256585211,0.13850881157504644,0.9999993319101819
466,19481600,9721546,2.0039610983685106,41.40775000001895,448.6865758823287,15.968373850197109,-0.28740348038829033,0.3905563250340971,0.9999982929094884
467,19481600,9739976,2.0001691995955637,68.2075839999925,272.3905535563618,15.998646517739816,-0.8643015512731089,0.06683866000015855,0.9999992758607216
468,19481600,9686214,2.0112708639309433,103.53312500001266,179.45079473354764,15.910338370565047,-0.3499425321203904,0.23239977655170393,0.999997260871856
469,19481600,9747660,1.9985924827086705,70.80550000000585,262.3963048421163,16.011268068331145,-0.657753474162873,0.254275693583325,0.9999997385220093
470,19481600,9725131,2.003222373045669,98.41504099998133,188.78315116998758,15.974262483574245,-0.6733999961980908,0.08174315611233605,0.9999946514627444
471,19481600,9743051,1.9995379270825946,78.48187499999426,236.73111227912634,16.00369743758213,-0.4685871801088275,0.271562662903045,0.9999991491706229
472,19481600,9737416,2.0006950509252146,90.03754100001515,206.34838930682116,15.994441524310119,-0.48510541439545807,0.2085401890592704,0.9999992917814026
473,19481600,9589960,2.031457899720124,75.72179100000653,245.36003859837913,15.752233902759526,-0.0004459689358984331,0.4788491160010108,0.999996574394536
474,19481600,9747916,1.9985399956257317,59.835582999994585,310.50255769216255,16.011688567674113,-1.0113562691717988,-0.07348944789038007,0.9999996768509961
475,19481600,9486022,2.0537165104613924,62.07920899998953,299.28057818042,15.581507884362681,0.18125443043175016,0.5742123907886676,0.9999929604902219
476,19481600,9751244,1.997857914333802,59.44358299998953,312.5501631101758,16.01715505913272,-1.1756460912437818,0.23428922011544992,0.999999852236874
477,19481600,9744587,1.9992227479727975,64.02895799999442,290.16717033723427,16.006220433639946,-0.5308670243178071,0.12711228338829536,0.9999991177672867
478,19481600,9522630,2.045821374977291,49.77654199998938,373.2501458720046,15.641639290407358,0.06220171215672865,0.4803918477568217,0.9999927446339122
479,19481600,9738952,2.0003795069531094,48.480249999983016,383.23031672704883,15.996964520367937,-0.5022718041654093,0.3899107705406561,0.9999992798678111
480,19481600,9751500,1.9978054658257705,42.618207999993274,435.94281492321153,16.01757555847569,-0.5215351823147389,0.19069167358998537,0.9999999263438601
481,19481600,9742795,1.9995904665960846,47.0081660000119,395.2313638973981,16.00327693823916,-0.6654461851808502,0.2967672212115714,0.9999989121933084
482,19481600,9750988,1.9979103655957735,48.98462500000278,379.2843481500358,16.01673455978975,-1.0085600686926801,0.19010096212795183,0.9999998350901119
483,19481600,9722825,2.003697485041642,54.79079099998785,339.0916835368214,15.9704747043364,-0.570901817574234,0.1900562568055576,0.9999995137168679
484,19481600,9744844,1.9991700226294027,46.554666000020006,399.0814059860727,16.006642575558477,-0.360961953402132,0.13007922364169283,0.9999994335089328
485,19481600,9729228,2.0023788115562713,48.08679199999233,386.3660017599628,15.980992115637319,-0.32892376578802573,0.41417970299251006,0.9999973175949687
486,19481600,9746636,1.998802458612387,48.08354099998269,386.39212454229795,16.009586070959266,-0.8363776296279701,0.1597997910082268,0.9999995270011283
487,19481600,9721030,2.0040674702166332,47.04454199998054,394.9257612606301,15.967526281208936,-0.6824959707149094,0.016891905887432286,0.9999988290809145
488,19481600,9748684,1.998382550916616,48.14745799998832,385.8791789694174,16.012950065703023,-0.6099046651466882,0.1428866749966701,0.9999998375066402
489,19481600,9735111,2.001168759144092,60.77033299999357,305.7265057688916,15.990655387647832,-0.23710997546793844,0.4438202093546011,0.9999992762518842
490,19481600,9669063,2.0148384595280846,45.407374999996364,409.1648451931319,15.882166557161629,-0.1804513831722092,0.3993588950057486,0.9999986241671748
491,19481600,9745355,1.999065195675273,50.793208000015966,365.7792506922217,16.007481931668856,-0.6019234282233141,0.1358468887998545,0.9999991297527371
492,19481600,9387974,2.075165525596897,45.39195800001039,409.303814620549,15.420456636005257,0.1847868596544725,0.5434105911731425,0.9999976385528143
493,19481600,9656775,2.017402290102027,36.44029200000887,509.85051279214446,15.86198258869908,-0.7216742683800568,0.13566054344899672,0.9999993052033224
494,19481600,9746634,1.9988028687647448,42.1680839999965,440.59629464078904,16.009582785808146,-0.7758813146897878,0.11205680095035486,0.9999997673079665
495,19481600,9585606,2.0323806340465067,34.479792000013276,538.8403028212249,15.745082128777923,-0.36001104566245345,0.3199979874358696,0.9999955690999567
496,19481600,9749196,1.9982776015581183,48.007165999990775,387.0068389894869,16.01379106438896,-1.4034097308271942,0.032035590266421464,0.9999996604025063
497,19481600,9742284,1.999695348647196,50.918916000000536,364.87621933074547,16.002437582128778,-0.2873984682866213,0.2535257185846807,0.999999311026875
498,19481600,9743562,1.999433061543612,39.51454200000626,470.1839024857496,16.00453679369251,-1.1742079470850735,0.10947012423786456,0.9999991701939015
499,19481600,9650374,2.018740413583971,48.646582999992916,381.9199708744745,15.851468462549278,-0.1796351100018776,0.3719272219943691,0.9999961926334876
500,19481600,9750988,1.9979103655957735,48.32508300000882,384.46083087941327,16.01673455978975,-0.6939870400143697,0.2250605542686369,0.9999992021085818
501,19481600,9747148,1.9986974651457021,46.43629100002045,400.0987409285513,16.010427069645203,-1.2271671531796913,-0.016221667176912466,0.9999996749146431
502,19481600,9723336,2.0035921827652565,50.09050000001025,370.9106829138499,15.971314060446781,-0.45300979892146254,0.3006351522556154,0.9999974867828971
503,19481600,9738442,2.0004842663744364,49.091875000016216,378.45573350974803,15.996126806833114,-0.5551984917939539,0.23905584301641,0.9999992853423472
504,19481600,9738952,2.0003795069531094,50.16808399997785,370.3370765068126,15.996964520367937,-0.31883778919707195,0.24185100237885485,0.9999992905729248
505,19481600,9748428,1.9984350297299216,36.718457999995735,505.98806634260507,16.01252956636005,-0.8725299715509898,0.2288003869219577,0.9999991502156271
506,19481600,9703367,2.0077154661881798,44.69179199998052,415.7161915214341,15.93851346911958,-0.291801704337594,0.17219418165053804,0.9999989911126531
507,19481600,9746379,1.9988551645693236,44.664791000002424,415.9675025121911,16.009163929040735,-1.3181469898354625,0.1036600946007165,0.9999996069367859
508,19481600,9747147,1.998697670200316,53.56462500000703,346.85394628446596,16.010425427069645,-0.5238748486581268,0.08579769858062893,0.9999986243746288
509,19481600,9555399,2.0388054962435374,46.730249999995976,397.58189957258094,15.695464848883049,-0.04037784528471722,0.4603580195960296,0.9999987420241155
510,19481600,9743818,1.9993805303013665,49.57916699999032,374.73605723354785,16.00495729303548,-1.3482593523287676,-0.019220268184711196,0.9999988931044931
511,19481600,9692875,2.009888706911004,53.98450000001276,344.1562219247304,15.921279566360052,-0.009914660383460117,0.41120663146637826,0.9999966293521555
512,19481600,9723592,2.0035394327528344,36.68012500000373,506.51685517696876,15.97173455978975,-1.000137121871441,0.18919571725099946,0.9999989928234148
513,19481600,9706441,2.007079628877361,54.78279199999747,339.1411953319367,15.943562746386334,-0.30898440227451984,0.23564729997572906,0.9999991300013374
514,19481600,9742283,1.999695553906615,49.0612080000119,378.69229723196975,16.00243593955322,-0.3690862420257317,0.39198787215204794,0.9999990076717407
515,19481600,9744586,1.9992229531352075,49.22083400001043,377.46417629770485,16.006218791064388,-0.6623273502011524,0.13203361255875729,0.9999996785591755
516,19481600,9751244,1.997857914333802,44.879667000003565,413.97592282711287,16.01715505913272,-1.0535990182379078,-0.029477118467931832,0.9999998613883786
517,19481600,9556936,2.0384776041191444,48.593541999991885,382.33684555250375,15.697989487516425,-0.01755309951394257,0.49121687234678785,0.9999930121005562
518,19481600,9741001,1.9999587311406704,42.69591600001377,435.14938436954975,16.000330157687255,-0.9225634434852532,0.07205250396021239,0.9999986258335386
519,19481600,9747148,1.9986974651457021,46.75554199999965,397.3668311341603,16.010427069645203,-0.8135517715018821,0.045818928957251134,0.999999780795927
520,19481600,9721289,2.004014076734063,56.187084000015375,330.6649898844175,15.96795170827858,-0.03535438500405341,0.48505537900089235,0.9999976955105605
521,19481600,9744844,1.9991700226294027,50.54604199997925,367.5678812300996,16.006642575558477,-0.8752935686352088,0.0893708048066128,0.9999984802507993
522,19481600,9708746,2.006603118466587,45.76516599999536,405.9660039800114,15.94734888304862,-0.24925598727045184,0.370516779353443,0.9999988636005489
523,19481600,9654216,2.01793703393419,51.98966699998664,357.36142650240043,15.857779237844941,-0.2995340615526909,0.3510831810677643,0.9999987376074538
524,19481600,9750220,1.9980677359074974,70.84337499998128,262.25601988195666,16.01547306176084,-1.289438714734072,-0.07716464417278857,0.999998908040354
525,19481600,9638600,2.0212063992696034,90.30416699999932,205.73913895357828,15.832128777923785,-0.2212071290012314,0.35939662812008605,0.99999517488951
526,19481600,9737927,2.000590063983844,133.08254099999317,139.6058522995962,15.9952808804205,-0.5824514000023371,0.25575897371105105,0.99999906723295
527,19481600,9746892,1.9987499605002292,73.59366700001146,252.4551679493985,16.010006570302235,-0.5708410105986583,0.090078466660422,0.9999996732657611
528,19481600,9555142,2.0388603330018538,57.670833000003086,322.1576765242667,15.69504270696452,0.10646618725000612,0.5442716983665775,0.9999943149285332
529,19481600,9748684,1.998382550916616,59.0308749999906,314.7353238877614,16.012950065703023,-2.0655220734347877,-0.20502785760699874,0.9999995902727112
530,19481600,9538504,2.0424167144030134,59.24112499999978,313.61831097063174,15.667713534822601,-0.002553431793715699,0.3994602938658435,0.9999946921702955
531,19481600,9748940,1.9983300748594206,53.384582999996155,348.0237274214793,16.013370565045992,-0.5656369021223613,0.3204196603558553,0.9999992494544401
532,19481600,9746891,1.9987501655656148,49.59708300000898,374.6006909821014,16.010004927726676,-1.036207667463637,-0.15016897500547646,0.9999993090244589
533,19481600,9707721,2.0068149877813752,45.94641700001034,404.36453537815186,15.945665243101182,-0.22727878677353575,0.41169951290610685,0.9999966673446097
534,19481600,9745100,1.9991175052077454,52.76512500000763,352.1094958554029,16.007063074901446,-0.8225013645968808,0.28775767198513685,0.9999996874454016
535,19481600,9713100,2.005703637355736,59.43241700001067,312.6088841801043,15.954500657030223,-0.5933601778657764,0.19005187492909661,0.9999989787613258
536,19481600,9685958,2.011324021846884,48.53683300001421,382.78355661348076,15.909917871222076,-0.15147488380506258,0.297739593306416,0.9999953913833943
537,19481600,9728716,2.0024841921585543,58.95337499998732,315.14907437452047,15.98015111695138,-0.554637763130533,0.2699998029611737,0.9999994447088334
538,19481600,9746380,1.9988549594823923,58.96720799998434,315.0751441802185,16.009165571616293,-1.2069792968623978,0.07098137454440182,0.9999989243285291
539,19481600,9718215,2.0046479729044893,45.475707999997894,408.55002328937593,15.962902431011827,-0.11095326641975878,0.33262276955895054,0.9999993650232859
540,19481600,9601478,2.029020948649781,48.5725000000059,382.50247696737335,15.77115308804205,0.11346813037069614,0.5567336877245816,0.999994330727306
541,19481600,9745355,1.999065195675273,46.22941700000638,401.88915993678734,16.007481931668856,-0.9237465492141601,0.08527318890129694,0.9999990616188723
542,19481600,9711562,2.0060212764949656,50.6407910000064,366.88016114317116,15.951974375821289,-0.16578564477972368,0.4379214451157838,0.9999961110509435
543,19481600,9746124,1.9989074631104633,41.653792000005296,446.0362591357262,16.008745072273324,-0.84798368922573,0.2077054460881818,0.999999653430432
544,19481600,9700038,2.0084045031576165,37.771749999990334,491.87823075459187,15.933045335085414,-0.23244852772292734,0.29606514459529676,0.9999952463922454
545,19481600,9741516,1.9998530002927675,36.54424999999151,508.40013305798635,16.001176084099868,-0.5164081027178169,0.21602594289044816,0.9999989119441418
546,19481600,9747404,1.9986449725485884,37.433582999995,496.32175371784433,16.010847568988172,-0.6352909669939044,0.2552827093189013,0.9999989120822248
547,19481600,9707722,2.0068147810578014,63.9190829999734,290.6659590612045,15.945666885676742,-0.2512143113492493,0.3048526514372099,0.999995054571777
548,19481600,9750732,1.997962819611902,40.424833999992416,459.59623637547867,16.01631406044678,-1.353573387943483,-0.06763800169160278,0.9999998596892077
549,19481600,9708233,2.006709150882555,56.47220900002026,328.99548098947815,15.946506241787123,-0.597787069189055,0.3055893001017241,0.9999985867808535
550,19481600,9686473,2.011217085930039,47.301500000003216,392.7803888354225,15.910763797634692,-0.15901954063062163,0.35001555013783753,0.9999968947079012
551,19481600,9745612,1.9990124786416696,38.9382909999938,477.1421930793768,16.007904073587387,-0.9830452220428438,0.11071625557924313,0.9999988043599773
552,19481600,9703368,2.0077152592790464,39.570666999992454,469.51701780774994,15.938515111695137,-0.23215599158905698,0.32117798127680397,0.9999981683714977
553,19481600,9741002,1.99995852582722,47.44658300000992,391.5793380209511,16.000331800262813,-0.639052486738324,0.2615846588372802,0.9999995788772279
554,19481600,9747147,1.998697670200316,50.65358400000264,366.7875023907298,16.010425427069645,-0.7760097118399338,0.049813148894466086,0.9999988901542249
555,19481600,9705417,2.0072913920133466,37.413334000007126,496.59037503838766,15.941880749014455,-0.3642136814412045,0.22800820292338114,0.9999967575307822
556,19481600,9677259,2.013132024264309,53.01187500000992,350.47056084125535,15.895629106438896,-0.24846283947324954,0.44011951945354333,0.9999973256079244
557,19481600,9745355,1.999065195675273,49.3720000000053,376.3084655776149,16.007481931668856,-0.733764565818334,0.16034917344829602,0.9999983586433585
558,19481600,9690057,2.010473209806712,47.2745419999967,393.0043692967199,15.916650788436268,-0.2749780415021472,0.28173278017847386,0.9999969221495033
559,19481600,9743562,1.999433061543612,43.96266699998819,422.6108839690047,16.00453679369251,-0.5951450229344879,0.25429168543392094,0.9999996361469611
560,19481600,9745356,1.9990649905452402,47.49912500000164,391.1461855876157,16.007483574244414,-0.5586318982808687,0.2485636785214168,0.999998810885321
561,19481600,9717190,2.0048594295264373,52.329624999998714,355.03983761589075,15.96121879106439,-0.4945432331162789,0.2884918058753371,0.9999970458693098
562,19481600,9727947,2.0026424897257358,40.84504200000083,454.8679754693268,15.978887976346911,-0.39533638985589414,0.2023543932380115,0.9999958701233735
563,19481600,9722825,2.003697485041642,49.762708999992356,373.35390166365045,15.9704747043364,-0.4803688766962937,0.341645772247109,0.9999987460641272
564,19481600,9745611,1.999012683760926,49.737082999996574,373.5462645145732,16.007902431011825,-0.8193545151000639,0.19175773590125966,0.9999990567306069
565,19481600,9725385,2.0031700544502864,37.21045800000411,499.2978469251292,15.974679697766097,-0.7482547414591605,0.14705129567158637,0.9999975772590918
566,19481600,9620422,2.025025513433818,48.45283299999892,383.4471673204416,15.802270039421813,0.053232680865864745,0.4298195176575798,0.9999943143731527
567,19481600,9721545,2.0039613045045823,60.42249999998717,307.48647544381555,15.96837220762155,-0.7715749800049903,0.2844522053705862,0.9999984371644474
568,19481600,9740746,2.000011087446485,40.20416700001306,462.1188038168771,15.999911300919843,-0.5112127913509346,0.12839250793928042,0.9999990016415279
569,19481600,9749452,1.9982251310124919,38.70587500000511,480.0072744124128,16.01421156373193,-1.0206941707107,0.0003626689879700722,0.9999988463087095
570,19481600,9604808,2.0283174843265996,50.13937499998633,370.5491255625956,15.776622864651774,-0.04619343612813043,0.4498222977238791,0.9999943540208447
571,19481600,9749452,1.9982251310124919,45.82258299998898,405.45731702869017,16.01421156373193,-0.951749702251955,0.15677308656217157,0.9999998816228393
572,19481600,9742538,1.9996432141193599,40.707834000016874,456.40113307164165,16.00285479632063,-0.8024410609342698,0.16742256280042148,0.9999996712988719
573,19481600,9717703,2.0047535924899127,143.82791600002065,129.17590742604747,15.962061432325887,-0.2064289320699788,0.29023687106043633,0.9999987079920409
574,19481600,9747660,1.9985924827086705,56.876041000009536,326.65954303143013,16.011268068331145,-0.3531573970294084,0.30729148556711183,0.9999991722494151
575,19481600,9708747,2.00660291178666,54.6843329999831,339.7518181762543,15.947350525624179,-1.037607711130292,0.18817123209991954,0.9999980123739772
576,19481600,9746636,1.998802458612387,43.89316699999313,423.2800418001943,16.009586070959266,-0.2921229504577303,0.229703882422968,0.9999991955459046
577,19481600,9743563,1.9994328563380768,47.77858400001378,388.8583546656519,16.004538436268067,-0.36845492115061806,0.381405064434234,0.9999996140582922
578,19481600,9739721,2.000221566921681,39.76149999999734,467.26359826719926,15.998227660972404,-0.6789162244109064,0.08242648467327231,0.9999996283182534
579,19481600,9751500,1.9978054658257705,36.8873330000099,503.67158727617993,16.01757555847569,-1.6770026915416913,-0.2366693649832491,0.9999998590170127
580,19481600,9720520,2.0041726162797877,74.66112500000577,248.84572208761338,15.966688567674113,-0.6497263987583106,0.24488782924665287,0.9999990913591792
581,19481600,9731276,2.0019574000367477,65.31954199999745,284.434045212698,15.984356110381077,-0.5561545259146881,0.17420666493491138,0.9999990404227581
582,19481600,9742538,1.9996432141193599,85.5622500000095,217.1413393464751,16.00285479632063,-0.5999065269529735,0.23509648626508162,0.9999991031474195
583,19481600,9738954,2.000379096153447,103.86404199999788,178.8790538548498,15.996967805519054,-0.4494995873970966,0.24920762861288637,0.999998644805583
584,19481600,9709515,2.0064441941744775,114.30808400001524,162.53532482004968,15.948612023653087,-0.7036335314889337,0.20951182092676812,0.9999968946238846
585,19481600,9745612,1.9990124786416696,135.04762499999856,137.5744413313466,16.007904073587387,-0.4232092411541608,0.1659747264502597,0.9999985914789763
586,19481600,9746124,1.9989074631104633,61.04837499998439,304.3340885405181,16.008745072273324,-0.5964466555050554,0.2115924689193874,0.9999992378856465
587,19481600,9738185,2.0005370610642537,61.30174999998417,303.0762019437422,15.995704664914586,-0.6291280961717276,0.1754501995140004,0.9999986118709792
588,19481600,9705416,2.0072915988351245,67.58775000000128,274.8885939019963,15.941879106438897,-0.2501223661983436,0.46903144414603276,0.9999975197728362
589,19481600,9728204,2.002589583853299,61.16995800002201,303.7291861879865,15.97931011826544,-0.6599368002927766,0.052006182067338,0.9999984376774809
590,19481600,9743051,1.9995379270825946,62.283958000023176,298.29673898523095,16.00369743758213,-0.463667335501565,0.3996621402535957,0.999999020784245
591,19481600,9747660,1.9985924827086705,60.416457999991735,307.5172258940195,16.011268068331145,-0.8971296618925095,-0.09420428115834263,0.9999984503364552
592,19481600,9624008,2.024270969018313,61.03212500002542,304.41511847231703,15.808160315374508,-0.09517723036293058,0.4417014373253905,0.9999969075536661
593,19481600,9738953,2.000379301553257,73.50224999999,252.76915417558683,15.996966162943496,-0.7541165860531471,0.12294790326454719,0.9999981478871239
594,19481600,9537990,2.0425267797512894,59.30475000002389,313.2818460998911,15.666869250985545,0.08529971258208302,0.5426462529790183,0.9999911343927305
595,19481600,9750476,1.9980152763824044,51.22937500001967,362.66500542887485,16.015893561103812,-1.8003979646595099,-0.4001797924284382,0.9999997402301863
596,19481600,8895941,2.189942581678543,42.17041600000471,440.5719299164117,14.612255256241788,0.3008901688898531,0.6504448272303575,0.9999874314402751
597,19481600,9746634,1.9988028687647448,39.04458299999192,475.8432575014016,16.009582785808146,-0.5944854060122966,0.20276310248617083,0.9999988460362036
598,19481600,9719238,2.004436973351203,41.0716670000113,452.358107658374,15.964582785808147,-0.12994574906913203,0.43502666237543247,0.9999970632565333
599,19481600,9674186,2.01377149457329,42.96912499998484,432.3825901157297,15.8905814717477,-0.45685939090570504,0.2715664624471026,0.9999990884463986
600,19481600,9677770,2.0130257280344543,52.49112499998887,353.9474827888322,15.896468462549278,0.0403376070464192,0.5201687692421947,0.9999925747637123
601,19481600,9727179,2.0028006064245347,39.68437500000732,468.17170643349107,15.977626478318003,-0.3862920602137887,0.33458773909447065,0.9999986214304211
602,19481600,9668295,2.0149985080099437,49.18083399999773,377.7711773350744,15.88090505913272,-0.08913513875160795,0.43419415253654553,0.9999982859923834
603,19481600,9749964,1.9981201981873984,45.725457999992614,406.3185449668542,16.01505256241787,-0.8095747923243326,0.09520760599324353,0.9999988054193174
604,19481600,9636295,2.021689871470311,50.05549999998493,371.1700325140213,15.828342641261498,-0.07261747716869271,0.4636910842764005,0.9999951634903266
605,19481600,9723080,2.0036449355554002,59.07283300001609,314.5117750234687,15.97089356110381,-0.4140515755274494,0.32349832894122066,0.999997292895192
606,19481600,9748172,1.9984875112995544,53.25954200000638,348.8408060756094,16.012109067017082,-0.7525892608971598,0.0863326375826939,0.9999997112247098
607,19481600,9636038,2.021743791379818,45.21862499998974,410.8727667527311,15.82792049934297,0.0845218746107893,0.5422605244512138,0.9999910600775679
608,19481600,9536198,2.0429106023176113,36.21633400001656,513.0033747339393,15.663925755584756,-0.292896991646459,0.41902333711830353,0.9999933030323981
609,19481600,9746891,1.9987501655656148,44.02595900000961,422.00333586137094,16.010004927726676,-0.9061532891745059,-0.046840680957061176,0.9999984586209242
610,19481600,9681100,2.012333309231389,49.33020799998644,376.62726989728293,15.901938239159001,-0.11307642879923141,0.4434628179035335,0.9999930661834919
611,19481600,9736136,2.0009580802897577,41.26445800000056,450.2446527348002,15.99233902759527,-0.49338422824830364,0.30093086757305715,0.9999989239172359
612,19481600,9724362,2.003380787346255,49.70362499997805,373.79771721897964,15.972999342969777,-0.5158524152487654,0.28810805125703176,0.999996453064943
613,19481600,9742028,1.9997478964338842,49.5082909999951,375.2725288477811,16.00201708278581,-0.511873482901211,0.16685668191333233,0.9999995227229713
614,19481600,9748172,1.9984875112995544,48.29987499999788,384.66148333718905,16.012109067017082,-0.7306365486636737,0.15014896336578898,0.9999993742032524
615,19481600,9716423,2.005017690152024,40.203584000011006,462.12550509165834,15.959958935611038,-0.34208713599332063,0.3041361513709669,0.9999987854663063
616,19481600,9751500,1.9978054658257705,53.99379100001056,344.097001125488,16.01757555847569,-0.8749046237487597,0.06254971582807858,0.9999997579092981
617,19481600,9696460,2.0091456057159003,48.07299999998804,386.4768490109754,15.927168199737189,-0.7188612777976686,0.19790148276799785,0.9999994050424013
618,19481600,9719496,2.004383766401056,34.50041599998599,538.518189534513,15.965006570302235,-0.32429972117624284,0.2946586551899688,0.9999988737514021
619,19481600,9741514,1.9998534108763792,48.768332999998165,380.9665087896422,16.00117279894875,-0.6609325367853514,0.16953790690112489,0.9999989958189069
620,19481600,9639368,2.02104536313999,44.6116249999875,416.46323267769793,15.833390275952693,-0.4142260796979895,0.31579043446541366,0.99999095567287
621,19481600,9748172,1.9984875112995544,45.4621669999824,408.67171075472913,16.012109067017082,-0.6870700935880814,0.13917332708502062,0.999999661060056
622,19481600,9637320,2.021474849854524,45.13470899999561,411.63667550181407,15.830026281208935,-0.262038486634117,0.3616653060837982,0.9999978639191749
623,19481600,9750988,1.9979103655957735,49.11095799999998,378.30867731189454,16.01673455978975,-1.0325726240568764,-0.016287222420642365,0.999999828264142
624,19481600,9728715,2.002484397990896,45.6127919999858,407.3221731856665,15.980149474375821,-0.5265196091084325,0.24989291339446887,0.9999995433668563
625,19481600,9728715,2.002484397990896,39.98995799997829,464.59417543049403,15.980149474375821,-0.4298970327035496,0.3162062236312117,0.9999989349938838
626,19481600,9744586,1.9992229531352075,61.632207999991806,301.45117569862936,16.006218791064388,-0.5935473657682937,0.15546220878027556,0.9999988806720567
627,19481600,9744075,1.9993277966353913,43.902375000016036,423.19126385516074,16.00537943495401,-0.5748211566530428,0.21259588291013828,0.9999991108012382
628,19481600,9738697,2.0004318852922522,60.380874999992784,307.6984485982063,15.996545663600525,-0.6014379042536591,0.19928878606482955,0.9999987190896105
629,19481600,9750220,1.9980677359074974,37.32775000000288,497.72894327942527,16.01547306176084,-0.7652844611987744,0.2664475987434443,0.9999998777647899
630,19481600,9726411,2.0029587480932074,46.810125000007474,396.90348108442424,15.976364980289093,-0.49270389467558373,0.13247519633169,0.999997023858377
631,19481600,9747659,1.998592687741744,67.23966599997766,276.3116277601107,16.011266425755586,-0.7375733449404478,0.13121890648984508,0.9999992044348737
632,19481600,9739977,2.0001689942388983,59.197374999996555,313.85009153701634,15.998648160315375,-0.852137977552881,0.12722089798704958,0.9999988279367109
633,19481600,9750476,1.9980152763824044,56.05158299999857,331.4643506589363,16.015893561103812,-1.060858887439207,-0.0024299054123626696,0.9999998829075891
634,19481600,9673929,2.0138249929268657,64.62737499998639,287.48036822637334,15.890159329829173,-0.48032040723716274,0.25511715966328535,0.9999964616487833
635,19481600,9747916,1.9985399956257317,55.89366599997447,332.4008405980829,16.011688567674113,-1.024286201352758,0.040021798990424726,0.9999984341366214
636,19481600,9744587,1.9992227479727975,61.69233399998575,301.15737820041454,16.006220433639946,-0.7902618314759609,0.12236836254369443,0.9999995738621973
637,19481600,9726154,2.0030116734733996,64.34633300000314,288.73598068904863,15.975942838370566,-0.6747485562543403,0.19646095580660394,0.9999968516881941
638,19481600,9709514,2.0064444008217097,61.418709000008676,302.4990571276478,15.948610381077529,-0.5175373705553359,0.10197588270202605,0.999999524512098
639,19481600,9720264,2.0042253996393513,76.52699999999868,242.77838622316725,15.966268068331143,-0.38449750271807215,0.35602183842809637,0.999998777534615
640,19481600,9749196,1.9982776015581183,65.30549999996538,284.4952042708478,16.01379106438896,-0.7508674073313317,0.14833213587686886,0.9999992584368352
641,19481600,9739721,2.000221566921681,80.36029200002304,231.1975367448226,15.998227660972404,-0.8401147711538324,0.07200591454013569,0.9999995657413043
642,19481600,9743819,1.9993803251066138,117.09891700002117,158.66160028189364,16.00495893561104,-0.575581474888005,0.1646252438707012,0.9999991607469272
643,19481600,9720265,2.004225193448944,134.72550000000183,137.90337807244916,15.966269710906701,-0.36034967860239964,0.316927568669049,0.9999986186637905
644,19481600,9745099,1.9991177103485558,61.852500000043165,300.37753627560784,16.007061432325887,-0.5364066820841045,0.22374964447682233,0.9999991359378226
645,19481600,9709258,2.00649730391344,62.955666999982896,295.1140452932545,15.94818988173456,-0.5934529769206476,0.19303075999660826,0.999996431929626
646,19481600,9619912,2.025132870238314,71.86641700002383,258.52271948515033,15.80143232588699,-0.11217600192467536,0.4439171874548399,0.9999984095112127
647,19481600,9729996,2.002220761447384,60.63916700003347,306.38780975486924,15.982253613666229,-0.6448322566547688,0.17757854010072813,0.9999995790849247
648,19481600,9708490,2.006656029928444,51.19750000000067,362.8907966697545,15.94692838370565,-0.4543862647615473,0.27280872764214037,0.9999965434992114
649,19481600,9721033,2.0040668517430196,47.969040999987556,387.3144256209921,15.967531208935611,-0.3972824714241747,0.3013658488423252,0.9999967501717248
650,19481600,9693898,2.009676602745356,44.53200000000379,417.20788562153996,15.922959921156373,-0.3609254155314492,0.3195445043731472,0.9999965964164782
651,19481600,9745867,1.9989601746052967,54.09908300003963,343.4272917802764,16.008322930354797,-0.6063349315301356,0.2354543684515764,0.9999996689266337
652,19481600,9742540,1.9996428036220535,58.66779200005112,316.6831566199698,16.002858081471746,-0.6991118480715297,0.15275344656237294,0.9999995419536615
653,19481600,9734348,2.0013256152338093,55.470291000006,334.93787805255954,15.989402102496715,-0.9489839055345151,0.03146902972658317,0.9999988480348253
654,19481600,9738184,2.000537266496505,39.47125000001961,470.69959939172867,15.995703022339027,-0.6802167732705724,0.1442369687230042,0.9999989259425156
655,19481600,9746123,1.9989076682081686,43.462499999975535,427.4742953698121,16.008743429697766,-0.6208708620279464,0.1792190224307281,0.999998978766803
656,19481600,9748940,1.9983300748594206,44.29949999996552,419.3975454015161,16.013370565045992,-1.1207985561368137,-0.08710638216927451,0.9999997314545573
657,19481600,9739465,2.00027414236819,52.50350000000026,353.8640578723306,15.997807161629435,-0.370724097275531,0.34540330339545494,0.9999995295000325
658,19481600,9746380,1.9988549594823923,53.672958000049675,346.15385950002616,16.009165571616293,-1.057090933772138,-0.05376416519823233,0.9999983500737708
659,19481600,9710795,2.0061797206098984,33.4919169999921,554.7338948231713,15.950714520367937,-0.5629024501541964,0.2744014854394703,0.9999988726440645
660,19481600,9745355,1.999065195675273,51.59795899999153,360.07435027620085,16.007481931668856,-0.4458499945287111,0.21261349745236385,0.999998790841033
661,19481600,9743819,1.9993803251066138,47.781750000012835,388.83258906371174,16.00495893561104,-1.0642060942685667,-0.032101950988360335,0.9999984223631732
662,19481600,9746124,1.9989074631104633,42.310874999998305,439.1093675680483,16.008745072273324,-0.6224173576747505,0.19672385722895258,0.9999991099254175
663,19481600,9716934,2.004912249069511,46.616124999957265,398.55525448580363,15.960798291721419,-0.24604301325665845,0.3709023317205249,0.9999971740380499
664,19481600,9750220,1.9980677359074974,48.84262499996339,380.38704026480815,16.01547306176084,-0.7496379032533051,0.27053674414229606,0.999999335909952
665,19481600,9741002,1.99995852582722,50.00195899998516,371.5674732365089,16.000331800262813,-0.48547249870322196,0.19777917954181937,0.999999288415547
666,19481600,9743563,1.9994328563380768,34.78733300005388,534.076629630424,16.004538436268067,-0.5322008222270536,0.17152609512441241,0.9999987229490085
667,19481600,9706185,2.0071325654724284,53.54929200001379,346.95326247254985,15.943142247043363,-0.4079353147196376,0.29603000643169547,0.9999944319658206
668,19481600,9669064,2.014838251148198,54.83179199995902,338.8381244682626,15.882168199737189,-0.26778006964115453,0.40627471826139405,0.9999988876217325
669,19481600,9729996,2.002220761447384,38.19154199999275,486.47162668905924,15.982253613666229,-0.9999122177546844,0.051240455954345024,0.9999987061407766
670,19481600,9726410,2.0029589540231183,48.844957999961025,380.36887169633405,15.976363337713535,-0.5182088307378545,0.1562031608954131,0.9999986936760028
671,19481600,9742538,1.9996432141193599,36.91333400001895,503.3168112772058,16.00285479632063,-0.7287048499216506,0.1356411856351559,0.9999982768627736
672,19481600,9726924,2.0028531116311794,50.26687499997706,369.609241921414,15.97720762155059,-0.40265934583150753,0.3315006691650792,0.9999969485600492
673,19481600,9704136,2.0075563656568702,34.96612499998264,531.3457399843198,15.939776609724047,-0.32178558479422725,0.3088280090097124,0.9999972488133273
674,19481600,9749964,1.9981201981873984,48.71120799998607,381.413278900932,16.01505256241787,-0.9526012667770214,0.060237472732114765,0.9999992002837675
675,19481600,9740233,2.0001164243196237,49.10975000001372,378.31798293607295,15.999068659658345,-0.4800260959420606,0.2912271752146424,0.9999990840464281
676,19481600,9742794,1.9995906718339729,50.81491599997889,365.622990747593,16.0032752956636,-0.7670786057679879,0.12553489235878298,0.9999990031775962
677,19481600,9737926,2.0005902694269806,44.62691700001642,416.32052607383037,15.99527923784494,-0.42927992513206314,0.2224172524909487,0.9999991943446699
678,19481600,9728203,2.0025897897073075,55.24941599998101,336.2768859404122,15.979308475689882,-0.5906294138830868,0.20469170439972756,0.9999966259948944
679,19481600,9748684,1.998382550916616,39.854250000018965,466.176168476164,16.012950065703023,-0.8458890385395179,0.11433813199955596,0.9999997455496727
680,19481600,9742793,1.9995908770719033,37.89245799998753,490.31133220510833,16.00327365308804,-0.5357102232083724,0.2013641434947426,0.9999987235262675
681,19481600,9454535,2.060556124653407,49.26516699998729,377.12450183117807,15.529788107752957,0.08928577818876215,0.5446419693785903,0.9999942704664782
682,19481600,9745100,1.9991175052077454,57.949167000003854,320.6103301277612,16.007063074901446,-0.60349396916321,0.1982553963790087,0.9999989035614346
683,19481600,9723849,2.0034864794794736,42.95862499998293,432.48827360064206,15.972156701708279,-0.52084139595145,0.23958200126708093,0.9999986477685308
684,19481600,9710539,2.006232609744938,51.31770799999913,362.04075136208957,15.950294021024968,-0.34287378061842944,0.32856526269671005,0.9999950482478724
685,19481600,9742028,1.9997478964338842,33.008082999970156,562.865209788669,16.00201708278581,-0.49805654549555034,0.2509733656629425,0.9999995433650539
686,19481600,9737675,2.000641836988809,69.84570800000256,266.0020507272876,15.994866951379764,-0.5857626535642151,0.2071181839116855,0.9999987557560276
687,19481600,9732043,2.0017996221348384,38.88558300002387,477.7889420479717,15.985615965834429,-0.7056754458279884,0.1873917342952514,0.9999984743619182
688,19481600,9727947,2.0026424897257358,51.77750000001424,358.8257749504107,15.978887976346911,-0.5112193746255627,0.22400399666135018,0.9999987443653355
689,19481600,9746891,1.9987501655656148,153.743167000016,120.84505558870181,16.010004927726676,-0.6586686146594234,0.15423651636473057,0.9999991899690707
690,19481600,9746892,1.9987499605002292,56.57600000000684,328.39192524211245,16.010006570302235,-0.9447734290092915,0.027615095261323625,0.9999990284783378
691,19481600,9671368,2.0143582583146458,45.11654200001658,411.8024285303863,15.885952693823915,-0.32682908387002696,0.3365835583344683,0.9999963997066917
692,19481600,9750220,1.9980677359074974,44.56554099999721,416.8938858500823,16.01547306176084,-1.403491633260756,-0.14239494391300583,0.9999997270132369
693,19481600,9735366,2.001116342210452,47.24025000001575,393.2896536850208,15.991074244415243,-0.5122396095028598,0.20668869184283145,0.999998889254022
694,19481600,9745100,1.9991175052077454,39.69695799997908,468.0233070380303,16.007063074901446,-0.9618922135808363,0.01905693308474622,0.9999992797954737
695,19481600,9728972,2.0024315004709643,36.55712500000163,508.22108036392825,15.98057161629435,-0.6137638513052697,0.1931156506080058,0.9999986869507642
696,19481600,9653447,2.0180977841386607,39.526249999994434,470.04463015091534,15.856516097240473,-0.2394570065664423,0.38027433798018145,0.9999967991369244
697,19481600,9741771,1.9998006522633307,37.368332999960785,497.1883964564193,16.001594940867278,-0.5943747905134384,0.20325649647242727,0.9999990702370254
698,19481600,9746124,1.9989074631104633,64.29404099998237,288.97081710115395,16.008745072273324,-0.7238777748360399,0.1375834210283995,0.9999991594122438
699,19481600,9743308,1.9994851851137212,44.9625829999718,413.21250521820895,16.004119579500657,-0.667611190675391,0.16619574996664355,0.999998630081255
700,19481600,9672648,2.0140916944356912,49.84620800001949,372.7284844314082,15.888055190538765,-0.21824021022958173,0.39087698098238627,0.9999944785941889
701,19481600,9725898,2.0030643956989884,49.45829199999707,375.65190408316363,15.975522339027595,-0.3234152623301012,0.3453739316894685,0.9999996315348221
702,19481600,9747404,1.9986449725485884,79.84383299998399,232.6930066408977,16.010847568988172,-0.8916933165343335,0.04406334604380177,0.9999989093839738
703,19481600,9552069,2.0395162555881874,61.08258400001887,304.16364773458605,15.689995072273325,-0.13667730712552317,0.4316615439296939,0.9999939629285984
704,19481600,9675211,2.013558153925532,93.90895800004273,197.84163255747706,15.892265111695139,-0.0241570895030363,0.4879209022149009,0.9999955609974946
705,19481600,9668807,2.01489180619698,94.70245799997201,196.18394236932573,15.88174605781866,-0.22386871699985855,0.38806259652423064,0.9999985509274268
706,19481600,9720007,2.004278391980582,115.78958400002648,160.45572426010057,15.965845926412616,-0.3041557083391335,0.34792764887503463,0.999999051559492
707,19481600,9749196,1.9982776015581183,74.6172919999708,248.99190341170876,16.01379106438896,-0.7956541218458835,0.10217720967184697,0.9999989770496658
708,19481600,9688520,2.0107921540132034,64.04374999999618,290.1001512638018,15.914126149802891,-0.14676216299652856,0.4266221506880324,0.9999959710058796
709,19481600,9704392,2.007503406704923,76.12587500000245,244.05764219458104,15.940197109067016,-0.2776713775692057,0.3611666187848427,0.9999965102100291
710,19481600,9673673,2.013878285941648,56.84283399995138,326.8503741828898,15.889738830486202,-0.6485760141778822,0.17571324625427642,0.9999990166168893
711,19481600,9745868,1.9989599694968165,47.39037500002041,392.04377603030144,16.008324572930356,-0.7763417573943074,0.16702224209877703,0.9999994095121523
712,19481600,9724105,2.0034337350326843,50.06508399998211,371.09897913097757,15.972577201051248,-0.4233053544867418,0.25626239201562195,0.9999986854632246
713,19481600,9719240,2.004436560883361,42.680791999998746,435.3035801795933,15.964586070959264,-0.33393412044247905,0.32215607720948297,0.9999975388494097
714,19481600,9742796,1.9995902613582384,58.85941700000785,315.6521506575154,16.00327858081472,-0.5119375643924589,0.24403614513114322,0.999998660891059
715,19481600,9723335,2.003592388825439,58.276374999991276,318.8101792965465,15.971312417871221,-0.35719646781723435,0.33189268920665016,0.9999986857658161
716,19481600,9725387,2.0031696425036865,46.24866700004304,401.7218823297698,15.974682982917214,-0.4468238122959267,0.26547639761888236,0.9999975689478288
717,19481600,9725386,2.0031698484769653,37.24995800001807,498.76838955069394,15.974681340341656,-0.528736238246114,0.23563364709723833,0.9999974149992354
718,19481600,9687496,2.01100470131807,45.185624999987795,411.17283566410816,15.912444152431013,-0.23782307187748764,0.381092951869001,0.9999979837346472
719,19481600,9722058,2.0038555622688117,56.11358300001257,331.0981150944476,15.969214848883048,-0.48396950394609184,0.25801865498645477,0.9999987143357362
720,19481600,9726667,2.0029060314288545,44.47508399999833,417.7417981380473,15.976785479632063,-0.6565618717874995,0.17172671112436524,0.9999967514903579
721,19481600,9654984,2.017776518324629,47.19329199997446,393.68098251145636,15.859040735873851,-0.33956418974587055,0.33021988419214304,0.9999962539858601
722,19481600,9728972,2.0024315004709643,37.45933300001525,495.98057612217593,15.98057161629435,-0.6903295519989403,0.15483852605255058,0.9999992807236626
723,19481600,9668295,2.0149985080099437,45.72733300000209,406.3018843128059,15.88090505913272,-0.30399884182241643,0.3480002467761292,0.9999952950395559
724,19481600,9749964,1.9981201981873984,41.35795899998129,449.2267513130521,16.01505256241787,-1.1912453482217646,0.07824322915972244,0.9999998119553547
725,19481600,9728202,2.0025899955613586,52.8737079999928,351.3863934510235,15.979306833114324,-0.4662481881511098,0.15310982764990275,0.9999965606824495
726,19481600,9729483,2.0023263312141046,46.14787499997419,402.5992868037887,15.981410972404731,-0.37116751036448026,0.31441706606434433,0.9999962952101834
727,19481600,9744844,1.9991700226294027,45.32316600000286,409.9250604536062,16.006642575558477,-0.8009838886230589,0.110277826842758,0.9999995248763949
728,19481600,9745612,1.9990124786416696,57.49016700002585,323.1700746754075,16.007904073587387,-0.5883119190262633,0.19637540271806558,0.9999995716292089
729,19481600,9746124,1.9989074631104633,51.82870800001638,358.4712465241103,16.008745072273324,-0.8802749106763677,0.059862327874844114,0.9999990785343742
730,19481600,9748172,1.9984875112995544,49.79770799997141,373.091499763617,16.012109067017082,-0.8753213961372301,0.08359814072267192,0.9999994547291794
731,19481600,9672903,2.014038598340126,35.67699999996421,520.7585156408509,15.888474047306175,-0.2788062893609402,0.3461970483356382,0.9999947539520663
732,19481600,9736906,2.0007998433999465,47.08650000003445,394.5738494576239,15.993603810775296,-0.49920842589578407,0.2504020943728668,0.9999992882878593
733,19481600,9749964,1.9981201981873984,48.30466699996805,384.62332350851915,16.01505256241787,-0.8696967902387274,0.0947440801507378,0.999999891484914
734,19481600,9740490,2.000063651828604,47.1547910000254,394.0024156291986,15.999490801576872,-0.6549280989202917,0.1464536815128652,0.9999995503817241
735,19481600,9670600,2.0145182305131017,48.23595799996383,385.1711945373601,15.884691195795007,-0.31825414071012936,0.3408739951707848,0.9999940116398577
736,19481600,9726411,2.0029587480932074,52.509666999981164,353.8224982936316,15.976364980289093,-0.37588938627200297,0.31205650592362444,0.9999988312613852
737,19481600,9742794,1.9995906718339729,52.39812499996788,354.5756945026447,16.0032752956636,-0.6083381639732046,0.22304891883601438,0.9999987848316466
738,19481600,9744332,1.9992750657510439,36.3817500000323,510.67091501875274,16.005801576872535,-0.49435233992215655,0.22777231498657097,0.9999987766563336
739,19481600,9724875,2.003275106363835,54.01162499998691,343.9833843640976,15.973841984231274,-0.23331266496822023,0.38333825846898467,0.9999986408590948
740,19481600,9743050,1.9995381323096977,49.342958000011095,376.5299510924299,16.00369579500657,-0.669255931399896,0.19435609277374427,0.9999997156584598
741,19481600,9742538,1.9996432141193599,37.65216699997609,493.440432326559,16.00285479632063,-0.8097650603004485,0.06386771332791828,0.9999987832972048
742,19481600,9724361,2.003380993362957,53.17341599999281,349.4058302085108,15.972997700394219,-0.3478373648567654,0.3260768348220562,0.9999978535704717
743,19481600,9739977,2.0001689942388983,48.35754100002987,384.2027774424784,15.998648160315375,-0.5854414433928523,0.20728054825780728,0.9999995424090197
744,19481600,9729996,2.002220761447384,61.934708000023875,299.9788351709487,15.982253613666229,-0.4489327821733644,0.2755359834372635,0.9999987504019279
745,19481600,9704905,2.0073972903392665,49.15683300004048,377.95562546685426,15.941039750328516,-0.45277587522771734,0.2736163691041715,0.9999965792480691
746,19481600,9743308,1.9994851851137212,57.259375000001,324.47265731593603,16.004119579500657,-0.9317849593776926,0.034104691116168054,0.9999995625994269
747,19481600,9737416,2.0006950509252146,45.87383400001954,405.00433346146923,15.994441524310119,-0.42834322591506213,0.28582747408591036,0.9999995735146692
748,19481600,9744844,1.9991700226294027,67.15583400000469,276.656553211724,16.006642575558477,-0.4932444118660311,0.25337871299991094,0.9999994309504254
749,19481600,9750476,1.9980152763824044,65.76575000002549,282.5042147697365,16.015893561103812,-1.0377153491761488,0.021154148520057793,0.9999998771135145
750,19481600,9719750,2.0043313871241546,61.850042000003214,300.3894736643677,15.965423784494087,-0.3429678376980623,0.3023916096949045,0.9999975517014807
751,19481600,9722568,2.0037504494697287,38.8222920000203,478.5678692667163,15.970052562417871,-0.380114640444589,0.3099430462378436,0.999998339743015
752,19481600,9747660,1.9985924827086705,42.72204200003671,434.8832755345364,16.011268068331145,-0.7144273021031877,0.16831218321367422,0.99999980152418
753,19481600,9737161,2.0007474457904104,43.18133299994997,430.25771257505005,15.994022667542707,-0.5919643853238075,0.18047044648305158,0.999998896314719
754,19481600,9746892,1.9987499605002292,39.59354199997733,469.24575635366585,16.010006570302235,-0.6920749637891017,0.1539641367843233,0.9999986895831596
755,19481600,9683912,2.0117489708704497,44.3771249999827,418.6639301781547,15.906557161629435,-0.3019712228977771,0.34901636694470023,0.9999984534796272
756,19481600,9745612,1.9990124786416696,44.26562499997999,419.71849629387134,16.007904073587387,-0.6554656155650209,0.25642366385249277,0.9999990469529572
757,19481600,9744075,1.9993277966353913,49.5872089999807,374.6752829445842,16.00537943495401,-0.646298474567744,0.09492177064742252,0.9999981380135259
758,19481600,9387718,2.075222114682184,44.88012500002014,413.97169821812355,15.420036136662286,0.009584516936138487,0.5047866828429625,0.9999944614724564
759,19481600,9738697,2.0004318852922522,48.958083999991686,379.4899645685308,15.996545663600525,-0.23422121844432575,0.3828925011654876,0.9999989758362909
760,19481600,9747148,1.9986974651457021,50.81529099999216,365.62029257104655,16.010427069645203,-0.7490230083993379,0.1254935078362577,0.9999993761885159
761,19481600,9719242,2.004436148415689,49.170166999999765,377.85313119843767,15.96458935611038,-0.026539727134643476,0.4867316441939333,0.9999973807423025
762,19481600,9722313,2.0038030044908037,46.043166999993446,403.51484863112574,15.96963370565046,-0.3272501322301209,0.3363722000732384,0.999999293727611
763,19481600,9731276,2.0019574000367477,70.58854199999587,263.2027951859537,15.984356110381077,-0.9240362728197544,0.03798535988980628,0.9999989000709077
764,19481600,9568454,2.036023792349318,43.72583299999633,424.8998884138253,15.716908672798949,0.07025152452882633,0.5351271970618253,0.9999941161617074
765,19481600,9457095,2.059998339870753,54.20666700001675,342.74569145699843,15.533993101182654,0.07881897517144554,0.5394107250881486,0.9999940285147432
766,19481600,9748940,1.9983300748594206,81.29687499996407,228.5340188353883,16.013370565045992,-0.7538979567048278,0.12305767241679644,0.9999991954747267
767,19481600,9685960,2.0113236065397753,60.88529200002313,305.14925612072193,15.909921156373192,-0.46338971598824874,0.26830205457748996,0.9999986830400762
768,19481600,9711564,2.0060208633748386,60.868416000005254,305.2338599134631,15.951977660972405,-0.43524770757138165,0.2823748374428259,0.9999955612332534
769,19481600,9724875,2.003275106363835,82.66483400001334,224.75217893133373,15.973841984231274,-0.3241219999973206,0.33794600803146785,0.9999983712991267
770,19481600,9739721,2.000221566921681,60.6660409999904,306.2520852894116,15.998227660972404,-0.46954695353742437,0.2652293419083723,0.9999987663640472
771,19481600,9686984,2.011110991821603,51.82212500000105,358.51678337195983,15.911603153745073,-0.3785927032276293,0.3107045591161726,0.9999975711486297
772,19481600,9747404,1.9986449725485884,49.41879100005053,375.9521669091622,16.010847568988172,-0.5997942126220133,0.2001095926077726,0.9999993272829261
773,19481600,9726410,2.0029589540231183,51.06345799998735,363.84338801544936,15.976363337713535,-0.5502353921946197,0.22488751366242538,0.9999995042287143
774,19481600,9655241,2.0177228098190403,48.896709000018745,379.96629921438836,15.859462877792378,-0.4021498472468923,0.2989268863038432,0.9999983802717723
775,19481600,9710539,2.006232609744938,46.675332999996044,398.04968424117243,15.950294021024968,-0.4113315432375615,0.29433254729524655,0.999998852959203
776,19481600,9776332,1.9927310160906975,52.18170800003463,356.0462521174598,16.058363994743758,-0.7226203313111512,0.13869031296526413,0.9999985595008941
777,19481600,9730764,2.002062736286688,47.41695799998524,391.8239875806833,15.983515111695137,-0.9616450966768217,0.01916949195527924,0.9999995053509213
778,19481600,9668806,2.014892014587944,46.22237500001347,401.95038793429774,15.881744415243102,-0.3822892228533128,0.30885632894130227,0.9999958871196216
779,19481600,9743818,1.9993805303013665,44.72175000000789,415.4377134726777,16.00495729303548,-0.5928833033953713,0.2035558692318787,0.9999989387461362
780,19481600,9746380,1.9988549594823923,54.41124999998692,341.45698844456734,16.009165571616293,-0.7981841837828083,0.10090692749717993,0.9999994883464989
781,19481600,9724617,2.0033282544700732,91.94212500000276,202.07387595728773,15.973418199737187,-0.6234801235704832,0.1882615410474006,0.999998111747331
782,19481600,9748172,1.9984875112995544,59.13620900003025,314.17471421765464,16.012109067017082,-0.692109258040323,0.15393397546976437,0.9999987687426505
783,19481600,9735368,2.0011159311081,66.45041699999865,279.59345330369223,15.99107752956636,-0.48574306316075,0.2571292256840566,0.9999986148664483
784,19481600,9634503,2.0220659021020597,60.972584000012375,304.7123861848504,15.82539914586071,-0.1816697772464393,0.40916954191638144,0.9999966694521986
785,19481600,9745100,1.9991175052077454,63.37033300002304,293.1829561711984,16.007063074901446,-0.8814518344284874,0.05927554460994552,0.9999987982864538
786,19481600,9690057,2.010473209806712,67.30974999999262,276.02392762567143,15.916650788436268,-0.3019848004069532,0.3490091954476635,0.9999973203352401
787,19481600,9738440,2.0004846772172957,65.29541700001573,284.5391363760725,15.996123521681998,-0.25644580976265385,0.37178346406094376,0.9999989106114685
788,19481600,9744844,1.9991700226294027,60.323041999993166,307.99344573010933,16.006642575558477,-0.9815533155695486,0.012613669982703267,0.9999987384975899
789,19481600,9745099,1.9991177103485558,72.29350000000068,256.9954638037974,16.007061432325887,-1.0481850541400646,-0.02759610630778568,0.9999983660606107
790,19481600,9636038,2.021743791379818,62.71920900002215,296.22665621458077,15.82792049934297,-0.0820277789323487,0.45898458912853746,0.9999952281454265
791,19481600,9742540,1.9996428036220535,74.0609159999508,250.8624327913031,16.002858081471746,-0.5515433945062689,0.224229718568999,0.999998853030054
792,19481600,9748428,1.9984350297299216,61.51345799997898,302.0331187121093,16.01252956636005,-0.7585305566799485,0.12073348939208006,0.9999997761656815
793,19481600,9744844,1.9991700226294027,65.49245900004053,283.68306590058717,16.006642575558477,-0.5337678642620114,0.2331159755879401,0.9999995605540112
794,19481600,9710026,2.00633860300683,63.66170799998372,291.84107913825926,15.949451379763468,-0.49645375722931373,0.2517734412274796,0.9999985674082509
795,19481600,9745100,1.9991175052077454,66.68483300001071,278.61060344107057,16.007063074901446,-0.616192117398288,0.1919108174450679,0.9999988022343684
796,19481600,9572040,2.0352610310863724,57.75616699997954,321.68169266680354,15.722798948751642,-0.17732839550728396,0.41133574246422655,0.9999968851028053
797,19481600,9728459,2.0025370924624344,63.703083000007155,291.6515290554762,15.979728975032852,-0.4869914282385266,0.2565067793743962,0.9999987690927059
798,19481600,9706184,2.007132772261478,56.64704100001927,327.9800892423256,15.943140604467805,-0.5237054793326268,0.23815139320742748,0.9999954485988769
799,19481600,9723081,2.0036447294844093,54.87675000000536,338.5605299602871,15.970895203679369,-0.5047567634818375,0.2476239853250363,0.9999962890935389
800,19481600,9744331,1.9992752709241917,67.12125000001379,276.7990995772007,16.005799934296977,-0.6690772141450372,0.16546655311002875,0.9999987510978806
801,19481600,9749964,1.9981201981873984,60.606667000001835,306.5521085741184,16.01505256241787,-0.8576557401287588,0.07116189631960616,0.9999998018389279
802,19481600,9742795,1.9995904665960846,59.66008299998293,311.4159523127937,16.00327693823916,-0.7592722686990825,0.12036409197045383,0.9999989946759399
803,19481600,9703368,2.0077152592790464,61.52724999998327,301.96541471470044,15.938515111695137,-0.32201069822366923,0.3389945788839697,0.9999968038051824
804,19481600,9728459,2.0025370924624344,49.886208000032184,372.42962147950817,15.979728975032852,-0.49824092885074855,0.25087478861874163,0.9999975167798968
805,19481600,9747404,1.9986449725485884,47.46679199996606,391.412623008382,16.010847568988172,-1.0933481724304595,-0.04667410222873451,0.9999997036245286
806,19481600,9718214,2.004648179181895,89.32633400002032,207.99131376527524,15.962900788436269,-0.42433067589423623,0.2878335298458548,0.9999976921513851
807,19481600,9727948,2.0026422838608924,58.90258299996276,315.42082904092246,15.978889618922471,-0.6346690076766122,0.182665412797748,0.9999986580548408
808,19481600,9711819,2.0059681919525065,51.0941659999844,363.62471524646617,15.952396517739816,-0.7069862507923159,0.14650774580049722,0.9999978025342597
809,19481600,9737415,2.0006952563899145,51.713957999993454,359.26667153387007,15.994439881734559,-0.6369145840971626,0.18154565432550404,0.9999990591888269
810,19481600,9745356,1.9990649905452402,37.673499999982596,493.16101669631394,16.007483574244414,-0.6597494517570941,0.17012659000403657,0.9999990734138099
811,19481600,9749964,1.9981201981873984,59.759000000042306,310.9004762878704,16.01505256241787,-1.0182618990102714,0.04126060489578961,0.9999996282577647
812,19481600,9743563,1.9994328563380768,39.96524999996609,464.8814047832996,16.004538436268067,-0.7017911688032461,0.12366112497652541,0.9999989736888751
813,19481600,9745100,1.9991175052077454,45.32204200000933,409.9352267158698,16.007063074901446,-0.8099087473065554,0.0770037763081232,0.999999435708078
814,19481600,9749708,1.9981726632223242,56.256415999996534,330.257468988091,16.014632063074902,-0.9319181440638133,0.03404184995762437,0.9999994540724922
815,19481600,9723593,2.003539226703545,42.70583300001363,435.0483354930478,15.971736202365308,-0.6250677077677322,0.1874647432771811,0.9999967889157866
816,19481600,9749452,1.9982251310124919,43.2458330000145,429.6159947362737,16.01421156373193,-0.9938166788493399,0.0030964534402772455,0.9999996952058676
817,19481600,9718214,2.004648179181895,50.04620900001555,371.2389396466419,15.962900788436269,-0.2855769203329346,0.35721097752021946,0.9999982737421261
818,19481600,9745612,1.9990124786416696,46.09616699997332,403.0508992756546,16.007904073587387,-0.48695834421380324,0.2956245452269083,0.9999990957716757
819,19481600,9745100,1.9991175052077454,47.38133299997571,392.11859156663076,16.007063074901446,-0.9144857849276484,-0.007091360087352276,0.9999992457191538
820,19481600,9600966,2.0291291522123918,53.318250000018,348.4567022078506,15.77031208935611,-0.09235797643389976,0.45381996615907827,0.9999929211361304
821,19481600,9618118,2.0255106040495656,47.38333299997066,392.1020406587165,15.798485545335085,-0.013653359628328587,0.4931718841543237,0.9999931366137687
822,19481600,9734604,2.001272984499421,45.95508400001336,404.28827336045345,15.989822601839684,-0.9130482185993087,0.043478594094045385,0.9999998169759343
823,19481600,9738696,2.000432090702903,47.48445900003162,391.2669945863262,15.996544021024967,-0.48293726957951133,0.2585317646434801,0.9999989278152966
824,19481600,9721032,2.0040670579008486,48.00458299996535,387.02766280697426,15.967529566360053,-0.2290478769885793,0.38547425828070453,0.99999875788678
825,19481600,9552838,2.0393520752681034,40.06183299998156,463.76064626170626,15.691258212877793,-0.0038599451259320183,0.49806999118943723,0.9999936768988839
826,19481600,9750476,1.9980152763824044,59.80954199998223,310.6377501186269,16.015893561103812,-1.3101289119307569,-0.15506148917584198,0.9999995807869173
827,19481600,9706185,2.0071325654724284,68.99358300000813,269.28738521230025,15.943142247043363,-0.2623455779726711,0.36882796870940876,0.9999988243621027
828,19481600,9738439,2.0004848826387884,64.485459000025,288.1130389797302,15.99612187910644,-0.44382809894590136,0.2780888363252713,0.9999986954542077
829,19481600,9752012,1.99770057707066,76.30108300003258,243.4972195937516,16.01841655716163,-1.0980523719615976,-0.049017097844580276,0.9999999082520834
830,19481600,9554630,2.0389695885659624,58.28304200002776,318.77371058448097,15.69420170827858,-0.0753759878126481,0.4623114803271114,0.9999952986885771
831,19481600,9741515,1.9998532055845524,59.82379099998525,310.56376153936117,16.00117444152431,-0.3103392730318326,0.34482789435267114,0.9999991685131088
832,19481600,9728972,2.0024315004709643,64.81391599999142,286.65297067534783,15.98057161629435,-0.8037776973477557,0.09810930576476237,0.9999986581906812
833,19481600,9723081,2.0036447294844093,55.62616600002457,333.99931899839714,15.970895203679369,-0.3510135524363658,0.32449340928117604,0.9999973746762965
834,19481600,9739211,2.0003263098006605,40.089540999986184,463.4401167752557,15.997389947437583,-0.6252965670036099,0.18735166283266108,0.9999989449354649
835,19481600,9728458,2.0025372983056515,47.03087500001857,395.04052523991237,15.979727332457292,-0.4763712864617209,0.2618153302513336,0.9999973446884646
836,19481600,9736647,2.0008530657422416,53.52504199998975,347.1104527578616,15.99317838370565,-0.4844675928894202,0.2577699100379259,0.9999986069978752
837,19481600,9729484,2.0023261254142564,39.235334000011335,473.5298433420914,15.98141261498029,-0.7355758860132178,0.1322109683846011,0.9999989147183782
838,19481600,9728202,2.0025899955613586,52.11508299998968,356.50142901055494,15.979306833114324,-0.7326957990676624,0.13364952723838674,0.9999994938155538
839,19481600,9744587,1.9992227479727975,38.895082999999886,477.67224362267217,16.006220433639946,-0.5748342142802518,0.2125842378624438,0.999998832331504
840,19481600,9725898,2.0030643956989884,47.311374999992495,392.69840630298626,15.975522339027595,-0.53488771558034,0.23255245829758053,0.9999978658344345
841,19481600,9746124,1.9989074631104633,37.52029200001061,495.1747593674043,16.008745072273324,-0.7597001444336586,0.12014874219002035,0.999999398766355
842,19481600,9692619,2.009941791790227,46.6006249999964,398.6878193694062,15.920859067017084,-0.3914136948832112,0.3042944369802101,0.9999987639634896
843,19481600,9744588,1.9992225428104298,45.38783399999602,409.3410045190002,16.006222076215504,-0.6897734436195915,0.15511454963988214,0.9999987583720334
844,19481600,9741002,1.99995852582722,44.66516700000511,415.9640008174127,16.000331800262813,-0.5101722160186446,0.2449137738317801,0.9999987306359045
845,19481600,9731276,2.0019574000367477,48.28800000001365,384.7560794088541,15.984356110381077,-0.8270648018284223,0.08645644983423179,0.999999365347505
846,19481600,9745612,1.9990124786416696,58.51179199999024,317.52747484649075,16.007904073587387,-0.842224691370115,0.07888893090688656,0.9999984136826711
847,19481600,9702855,2.0078214092656235,47.01858399999992,395.14379170797724,15.93767247043364,-0.3381595142700049,0.3309211082179379,0.9999994326824662
848,19481600,9721032,2.0040670579008486,37.517167000032714,495.2160050486701,15.967529566360053,-0.423780782099471,0.2881096913822605,0.9999994080833473
849,19481600,9744331,1.9992752709241917,56.254874999979165,330.266515790976,16.005799934296977,-0.5398181489487952,0.23009250180339474,0.9999991650636723
850,19481600,9743308,1.9994851851137212,52.83162500001026,351.6662900771345,16.004119579500657,-0.7936718156212537,0.16054540850488336,0.9999989770665294
851,19481600,9737159,2.000747856741376,42.241833000048246,439.827068169101,15.99401938239159,-0.3921740130339484,0.26015632195667454,0.9999989312722297
852,19481600,9737161,2.0007474457904104,45.972957999993014,404.1310885956658,15.994022667542707,-0.3661354641141945,0.31692839069471357,0.9999987300275759
853,19481600,9721544,2.0039615106406967,47.92637499997454,387.65922860867045,15.968370565045992,-0.48228715863806615,0.2588541312840859,0.9999987168009727
854,19481600,9746380,1.9988549594823923,50.45120800002678,368.258804873218,16.009165571616293,-0.644624130454303,0.2384946713909796,0.9999991445090557
855,19481600,9740491,2.000063446493611,33.11750000000302,561.0055578621063,15.99949244415243,-0.6398836939223773,0.1203930331972321,0.9999987474265603
856,19481600,9750732,1.997962819611902,51.891749999981585,358.0357486981378,16.01631406044678,-1.1181698285322854,-0.059072072003448835,0.9999997920845951
857,19481600,9720520,2.0041726162797877,55.23837499998763,336.344100681893,15.966688567674113,-0.4581881267449317,0.2709076487907047,0.9999986003860752
858,19481600,9710027,2.00633839638139,39.84808300003806,466.2483151945416,15.949453022339027,-0.4447865877076209,0.27760194617224354,0.9999981374915967
859,19481600,9747148,1.9986974651457021,42.07766599995466,441.54306378400406,16.010427069645203,-0.8005539980155445,0.09972120105696418,0.9999987906202806
860,19481600,9623752,2.0243248163502137,44.39700000000357,418.4765088293917,15.807739816031537,-0.16243830300031914,0.41877475326251257,0.9999971516172445
861,19481600,9744587,1.9992227479727975,56.56687500004409,328.4448992893017,16.006220433639946,-0.5827037635041097,0.2086500089927047,0.999998826116637
862,19481600,9750220,1.9980677359074974,55.62291700005062,334.01882829127953,16.01547306176084,-0.8893212723449808,0.05534192710466663,0.9999998286527356
863,19481600,9744588,1.9992225428104298,50.284375000046566,369.4806102786958,16.006222076215504,-0.755933870828368,0.12203199084773886,0.9999984793097916
864,19481600,9724873,2.003275518353813,54.088583000009294,343.49395994524036,15.973838699080158,-0.6369341465916822,0.1815358833042178,0.9999992462284443
865,19481600,9657545,2.01724144179499,65.31458299997439,284.45564082537715,15.863247371879106,-0.4444907759512251,0.2777551355498943,0.9999981606415974
866,19481600,9748428,1.9984350297299216,54.32129199999736,342.0224534147845,16.01252956636005,-0.8354059545525856,0.08229987038229893,0.9999990034720426
867,19481600,9693642,2.0097296764208954,49.26679099997955,377.1120705326172,15.922539421813404,-0.5264920494047032,0.2367595248942673,0.9999969820767238
868,19481600,9740745,2.0000112927707274,48.69708399996853,381.5239032076748,15.999909658344285,-0.6492468673184371,0.1753716999879654,0.9999989333994295
869,19481600,9742026,1.9997483069743398,48.61929100002271,382.1343582013839,16.002013797634692,-0.5339295377709052,0.2330307626323315,0.9999985678247058
870,19481600,9745612,1.9990124786416696,51.333791999979894,361.927316074902,16.007904073587387,-0.6977656639899086,0.15110466319909283,0.9999991156955436
871,19481600,9723337,2.003591976705117,46.8004159999964,396.9858208632468,15.97131570302234,-0.5005394535287675,0.24973217490301128,0.9999979093481606
872,19481600,9727947,2.0026424897257358,41.283332999967115,450.038798042658,15.978887976346911,-0.6780612089587812,0.1609711797022928,0.9999994162549035
873,19481600,9693130,2.0098358321821745,47.204083999986324,393.5909774778255,15.921698423127465,-0.5406823866408685,0.22965898863044687,0.9999944165035693
874,19481600,9743052,1.9995377218555335,50.50437500000271,367.8711312138602,16.003699080157688,-0.5040480199915907,0.24798102808594594,0.9999987286318759
875,19481600,9744075,1.9993277966353913,37.645499999996446,493.5278203902659,16.00537943495401,-0.7979550041261005,0.10103071190967171,0.9999986623626251
876,19481600,9749196,1.9982776015581183,48.5155829999826,382.951217189468,16.01379106438896,-0.8274628743025341,0.08627259727973614,0.9999986208008748
877,19481600,9742538,1.9996432141193599,49.318916000004265,376.71350202624876,16.00285479632063,-0.49293550399602504,0.25353225148156855,0.9999988562006495
878,19481600,9740234,2.000116218973795,42.45941700003186,437.5731669251619,15.999070302233903,-0.5006369781948681,0.24967881380909435,0.9999992133173441
879,19481600,9723337,2.003591976705117,49.2572079999718,377.18543776396416,15.97131570302234,-0.3052334743279139,0.3473837453125107,0.9999968019248067
880,19481600,9745100,1.9991175052077454,37.142499999959,500.2113902543046,16.007063074901446,-0.6635094062247435,0.16824596733455688,0.9999994155368251
881,19481600,9706952,2.0069739708200887,38.89125000000604,477.71932150540584,15.944402102496715,-0.38445592518400895,0.3077721391122892,0.9999987202347888
882,19481600,9747148,1.9986974651457021,35.95108399997571,516.7883550468897,16.010427069645203,-0.879469918358396,0.060267400966233675,0.9999996207522333
883,19481600,9723337,2.003591976705117,36.86141700001144,504.0257015213016,15.97131570302234,-0.513018670791747,0.24349070781024396,0.9999979712578458
884,19481600,9710282,2.0062857082832406,34.70650000002706,535.3205181301921,15.949871879106439,-0.4063812595149654,0.3125620700622418,0.999996044197536
885,19481600,9737417,2.000694845460557,45.35020800000211,409.6806251142031,15.994443166885677,-0.5959772286854561,0.184275874635566,0.9999988565993402
886,19481600,9744075,1.9993277966353913,41.84020799999644,444.04897706296254,16.00537943495401,-0.8859098029023225,0.05704657498628631,0.9999991212993272
887,19481600,9745099,1.9991177103485558,56.81412499995986,327.0155364095307,16.007061432325887,-0.6510945054457187,0.17445166221076386,0.9999985892611244
888,19481600,9744075,1.9993277966353913,70.67766700004086,262.8708947408983,16.00537943495401,-0.5373999431509962,0.23129981573023511,0.9999988168068993
889,19481600,9702599,2.007874384997257,61.99320799998986,299.6957596145539,15.93725197109067,-0.33375504759683094,0.3331254593087933,0.9999985934720634
890,19481600,9713868,2.0055450619670765,62.34837499999912,297.9885452106853,15.955762155059134,-0.4720415650122296,0.2639856869390444,0.9999993655891253
891,19481600,9743306,1.9994855955463167,60.620792000008805,306.48068013524636,16.00411629434954,-0.8223388454602643,0.0888319129363672,0.9999990185246264
892,19481600,9741256,1.9999063775759511,62.54949999998871,297.03037694151595,16.000749014454666,-0.5137570662398574,0.24312101372707123,0.9999989599880827
893,19481600,9620423,2.025025302941461,68.97962499999721,269.34187540887257,15.802271681997372,-0.015967146522893216,0.4920175688207592,0.9999950873438532
894,19481600,9687753,2.010951352702737,70.61437499999101,263.10650717367906,15.91286629434954,-0.27321876752143415,0.36339363077480324,0.9999989014985323
895,19481600,9745100,1.9991175052077454,48.45841700000619,383.40298162231807,16.007063074901446,-0.6325930843562062,0.18370719347796116,0.9999986990408865
896,19481600,9736903,2.0008004598587457,40.29437499997357,461.08424718120546,15.99359888304862,-0.21200772173753402,0.39400118477865115,0.9999987261511907
897,19481600,9740746,2.000011087446485,48.32491600001276,384.4621594892186,15.999911300919843,-0.34573174559130293,0.3271392362937617,0.9999991090251666
898,19481600,9745868,1.9989599694968165,45.83491600004663,405.34821886618266,16.008324572930356,-0.720424095739628,0.13978581060264517,0.9999986732764595
899,19481600,9740231,2.000116835011408,46.02825000000621,403.64562116738074,15.999065374507227,-0.5978082084111709,0.201098871119278,0.9999991352233486
900,19481600,9701830,2.0080335359411574,39.01504099997055,476.20356371057056,15.935988830486203,-0.27683506226514454,0.36158136254281975,0.9999981998194297
901,19481600,9737416,2.0006950509252146,46.54500000003736,399.16428322021886,15.994441524310119,-0.2648996053727515,0.36754395220652686,0.9999989227470479
902,19481600,9726667,2.0029060314288545,50.49787499996228,367.9184829562408,15.976785479632063,-0.5770192564347518,0.21149660513396376,0.9999987396385551
903,19481600,9746124,1.9989074631104633,34.814832999984446,533.6547661310999,16.008745072273324,-0.5873642562260386,0.2063288308913757,0.9999986553703752
904,19481600,9486022,2.0537165104613924,45.52912499997319,408.0706923867072,15.581507884362681,0.07539416155023992,0.537698880805038,0.9999919707093597
905,19481600,9387462,2.0752787068538865,34.57820900001707,537.3066477355964,15.419615637319316,0.21175981000739275,0.6058828769797378,0.9999898809085547
906,19481600,9746636,1.998802458612387,70.81287500000144,262.36897686331224,16.009586070959266,-0.9685940455251065,0.015709678398557605,0.9999995311271075
907,19481600,9741259,1.9999057616679734,36.08708299998398,514.8407689950515,16.00075394218134,-0.6524422811393222,0.17377799716578224,0.9999988597106002
908,19481600,9738696,2.000432090702903,49.71866599998975,373.6846351127729,15.996544021024967,-0.5756268630996457,0.21219085788576397,0.9999983000001753
909,19481600,9655495,2.017669731070235,49.78308300002254,373.2011045296569,15.85988009198423,-0.08765087911478497,0.45618138317305,0.999992452485617
910,19481600,9723596,2.0035386085559295,57.25708400001395,324.48564028331367,15.971741130091985,-0.4647465627761549,0.26762757689770345,0.999998401927745
911,19481600,9635783,2.021797294521888,50.687708999987535,366.540566323575,15.827501642575559,-0.15081786721413515,0.42459161293874836,0.9999934749959423
912,19481600,9748172,1.9984875112995544,36.98841700003186,502.2951255925334,16.012109067017082,-0.8496301107525885,0.07518801488297436,0.9999991983978394
913,19481600,9728971,2.0024317062924744,47.23104199996442,393.3663280711443,15.980569973718792,-0.5883863946674988,0.2058104527851782,0.9999991032863951
914,19481600,9739720,2.0002217722891418,35.86270899995725,518.061855352928,15.998226018396846,-0.39249009569575266,0.3037523379412349,0.999999021846785
915,19481600,9718215,2.0046479729044893,50.91004199999816,364.9398199769836,15.962902431011827,-0.16492811372736704,0.4175393363086401,0.9999978844386792
916,19481600,9704903,2.007397704026511,46.622666999951434,398.49933000442365,15.941036465177397,-0.3504266413245236,0.3247876246265084,0.9999977676042671
917,19481600,9746892,1.9987499605002292,45.344166999996105,409.7352050265163,16.010006570302235,-0.9240502749807911,0.03797543766600795,0.9999982108780271
918,19481600,9738696,2.000432090702903,48.46824999998489,383.32519871267874,15.996544021024967,-0.5255754455269024,0.2372100544720697,0.9999994613968163
919,19481600,9685190,2.0114835124556154,45.33608299999514,409.80826602293786,15.908656373193168,-0.21833296263940682,0.3908324792089048,0.99999554895463
920,19481600,9745612,1.9990124786416696,49.42649999998139,375.89353003969524,16.007904073587387,-0.629728240404575,0.18514059147675357,0.9999990960309793
921,19481600,9740490,2.000063651828604,36.71350000001894,506.0563978506657,15.999490801576872,-0.5356780179497327,0.23216243299085443,0.9999988132467901
922,19481600,9738442,2.0004842663744364,43.79170800001475,424.26071991742685,15.996126806833114,-0.3232214065765353,0.33838710729065136,0.9999992711527802
923,19481600,9743307,1.9994853903299978,58.62558300003684,316.91116082356615,16.0041179369251,-0.6560604492040569,0.17197343841741397,0.9999989478394247
924,19481600,9723592,2.0035394327528344,75.9876669999926,244.5015394735281,15.97173455978975,-0.37761536732129386,0.31119447071144796,0.9999973458356751
925,19481600,9744074,1.9993280018193622,54.86216599996396,338.65052944705474,16.00537779237845,-0.9036726251632701,0.04816978727255894,0.999998377332372
926,19481600,9706698,2.007026488307352,55.24291700004369,336.31644691183317,15.943984888304861,-0.3796762891604406,0.31016306165395213,0.9999960868868508
927,19481600,9742540,1.9996428036220535,44.086832999994385,421.4206441751524,16.002858081471746,-0.7353835446873049,0.1323071624880396,0.9999993887125712
928,19481600,9742539,1.9996430088706856,45.229333000008864,410.77549303007316,16.00285643889619,-0.6811593695503375,0.15941899169281068,0.9999986858972073
929,19481600,9744076,1.9993275914514623,45.640291999973215,407.07674618976813,16.005381077529567,-0.7015633877124512,0.1492274183822088,0.999998487535811
930,19481600,9736648,2.0008528602451277,45.552374999999756,407.862412497704,15.993180026281209,-0.41570824561875885,0.2921362303768265,0.9999989770920955
931,19481600,9746123,1.9989076682081686,47.06479200001468,394.7558413196473,16.008743429697766,-0.8916561874998814,0.05417650302019647,0.9999995530235085
932,19481600,9722824,2.0036976911234845,58.07591699999648,319.9106018851347,15.97047306176084,-0.5541104655682896,0.22294671737665014,0.9999976671935286
933,19481600,9748172,1.9984875112995544,36.09208400001762,514.7694315044521,16.012109067017082,-1.166078009850255,-0.08303898566493774,0.999999522193154
934,19481600,9743052,1.9995377218555335,49.73612499998126,373.55345963335503,16.003699080157688,-0.6162227521556713,0.19188724467991977,0.9999994231629775
935,19481600,9744330,1.9992754760973817,48.99066699999821,379.2375711582102,16.00579829172142,-0.7678907836756557,0.11605459230747979,0.9999994435793188
936,19481600,9745100,1.9991175052077454,46.494875000007596,399.59461257820277,16.007063074901446,-0.5620384243794474,0.218979982170457,0.9999991421513936
937,19481600,9726409,2.0029591599530723,48.943874999963555,379.60013510401114,15.976361695137976,-0.6083428160226039,0.195826816827154,0.9999975256711368
938,19481600,9747148,1.9986974651457021,45.835707999970055,405.3412148125243,16.010427069645203,-0.6025942646275741,0.1987037685373003,0.999999301887577
939,19481600,9745356,1.9990649905452402,48.92870800000537,379.7178041671969,16.007483574244414,-0.7351165838718003,0.1324381940134807,0.9999986859095167
940,19481600,9705160,2.0073445466123174,43.58124999998836,426.30951527331047,15.941458607095926,-0.24881779329660292,0.375592328581948,0.999996015802541
941,19481600,9742284,1.999695348647196,45.15033399997037,411.49422200314604,16.002437582128778,-0.49240224861116366,0.2538039638692826,0.9999990948247407
942,19481600,9745868,1.9989599694968165,46.43762500001003,400.0872474097456,16.008324572930356,-0.8785509672273861,0.060728290177131536,0.9999988287899281
943,19481600,9745611,1.999012683760926,37.64499999999771,493.5343754150918,16.007902431011825,-0.6732315995005056,0.16338300967877087,0.9999991976458554
944,19481600,9740490,2.000063651828604,38.30416700003525,485.04126359105794,15.999490801576872,-0.5848043085448622,0.2075969586175258,0.999999166197453
945,19481600,9738953,2.000379301553257,45.47358299998905,408.56911500693656,15.996966162943496,-0.4223522356962446,0.2888271219809781,0.9999989614925017
946,19481600,9740233,2.0001164243196237,48.70233299999427,381.4827836379458,15.999068659658345,-0.4779551911276245,0.26102173200682877,0.999998700270853
947,19481600,9747404,1.9986449725485884,51.20662500002027,362.82612967545987,16.010847568988172,-0.8474820840997177,0.07625240223625254,0.9999986794857921
948,19481600,9741258,1.9999059669705905,66.13349999997808,280.93328740360266,16.000752299605782,-0.8746050984351728,0.06269738777837491,0.9999994653169808
949,19481600,9687240,2.011057845165393,65.80641699997614,282.32963302813977,15.912023653088042,-0.18768091479967053,0.4061604587375635,0.9999987359019801
950,19481600,9719751,2.004331180911939,91.72929199996815,202.54273370502466,15.965425427069645,-0.2374085878920671,0.3812928942107679,0.9999973854853517
951,19481600,9745100,1.9991175052077454,97.71250000000009,190.1404790840474,16.007063074901446,-0.6095852771992218,0.19520874722773546,0.9999988278858607
952,19481600,9701319,2.008139305593394,121.41750000000684,153.018317478938,15.935149474375821,-0.31705223606793265,0.3414706704098743,0.999998748839706
953,19481600,9744331,1.9992752709241917,59.77408299997933,310.822025701447,16.005799934296977,-0.7147885007913888,0.14260270794896243,0.9999981636524927
954,19481600,9744332,1.9992750657510439,64.76645800000824,286.8630173121037,16.005801576872535,-0.5263011306401979,0.23683874850877953,0.9999996025254849
955,19481600,9706953,2.0069737640637593,88.16708300003029,210.7260547850224,15.944403745072274,-0.4650476270897095,0.26747548360595996,0.9999988281014375
956,19481600,9748684,1.998382550916616,50.889124999969226,365.0898214994114,16.012950065703023,-0.963188152055811,0.018409868269969848,0.9999987836597471
957,19481600,9741258,1.9999059669705905,47.97783399999389,387.243441679805,16.000752299605782,-0.566148971227364,0.216933172707228,0.9999995152923071
958,19481600,9742283,1.999695553906615,48.769291999974484,380.95901745938244,16.00243593955322,-0.7731087845614504,0.11344454254529385,0.9999987186646284
959,19481600,9688008,2.0108984220491974,53.89624999997977,344.71974511226614,15.913285151116952,-0.24782327111678937,0.37609199287477835,0.9999974980871296
960,19481600,9617863,2.025564306748807,43.377958000007766,428.307426608156,15.798066688567674,-0.052490361910529915,0.47375775378118856,0.9999959150155203
961,19481600,9743820,1.9993801199119032,54.58358399999952,340.3789234964887,16.004960578186598,-0.5556090384165031,0.22220470915372859,0.999999412909345
962,19481600,9737674,2.0006420424425793,39.74750000003269,467.4281794448637,15.994865308804204,-0.6334203606898283,0.18329040387010678,0.9999989667216446
963,19481600,9724104,2.0034339410602766,47.65229199995247,389.8889388682192,15.97257555847569,-0.575310253079931,0.21234317426051363,0.9999984195021626
964,19481600,9731019,2.0020102725110287,44.890583000039896,413.87525669879335,15.98393396846255,-0.5793363846290984,0.21033396260710457,0.999997170948312
965,19481600,9741514,1.9998534108763792,50.73712500001193,366.1835699696353,16.00117279894875,-0.23784041218701013,0.3810721394339243,0.9999991107014908
966,19481600,9741001,1.9999587311406704,34.781583999972554,534.1649064204396,16.000330157687255,-0.5153516972946173,0.24232640412119316,0.9999988767700096
967,19481600,9746380,1.9988549594823923,46.29562499997064,401.31441280924025,16.009165571616293,-0.6212961780301653,0.18934977909808218,0.9999989791189619
968,19481600,9737672,2.0006424533502463,46.172458000000915,402.38493611277164,15.994862023653088,-0.46180621530011523,0.2690972837639106,0.9999988551300254
969,19481600,9729740,2.0022734420447,34.98658300003399,531.0350417038998,15.981833114323258,-0.6557000716910559,0.17214948014798184,0.9999976648611343
970,19481600,9686216,2.011270448645787,46.647375000020475,398.2882544300048,15.910341655716163,-0.14421895372987747,0.4278947233563217,0.999994564624737
971,19481600,9744588,1.9992225428104298,40.35324999995282,460.41152974101766,16.006222076215504,-0.5268312184331365,0.23658388098519756,0.9999986443318153
972,19481600,9744331,1.9992752709241917,37.80566699998644,491.43694680764827,16.005799934296977,-0.592808505831987,0.20358815789463514,0.9999995509272596
973,19481600,9742795,1.9995904665960846,35.74245800001563,519.8048092409279,16.00327693823916,-0.6315010867370652,0.18425139652015574,0.9999990191922673
974,19481600,9683398,2.011855755593233,53.950958000029914,344.3701882455859,15.905712877792379,-0.19166496742659755,0.4041681443672899,0.9999960372614843
975,19481600,9726410,2.0029589540231183,54.642583000031664,340.01140763219837,15.976363337713535,-0.41051015065103424,0.294745308516802,0.9999978903285809
976,19481600,9746123,1.9989076682081686,44.03583299995262,421.908711537715,16.008743429697766,-0.860859066137803,0.06957000785400085,0.9999989326467507
977,19481600,9722056,2.0038559744975752,46.002625000028274,403.87046527211396,15.969211563731932,-0.4421843688363236,0.278912812120099,0.9999985904990639
978,19481600,9705928,2.007185711659926,49.69233300005271,373.8826583666396,15.942720105124836,-0.14303905698811592,0.4284746370261735,0.9999975141176289
979,19481600,9725898,2.0030643956989884,60.49079199999596,307.1393339088905,15.975522339027595,-0.39338664334509765,0.3033045977182082,0.9999989966592158
980,19481600,9746892,1.9987499605002292,47.940250000010565,387.5470312002108,16.010006570302235,-1.0374378768255408,-0.01871951737000445,0.9999994587188266
981,19481600,9746380,1.9988549594823923,56.207833000030405,330.5429256183911,16.009165571616293,-0.788006769764594,0.1059961339950908,0.9999987881253783
982,19481600,9735878,2.0010111055212483,98.58183300002565,188.4637462816822,15.991915243101182,-0.5507993663960393,0.22460498312774999,0.9999989920226833
983,19481600,9710026,2.00633860300683,58.183332999988124,319.31999431011957,15.949451379763468,-0.5559870633138968,0.2220086743228415,0.9999961090281909
984,19481600,9745611,1.999012683760926,70.75358299999834,262.58884391056824,16.007902431011825,-0.6546270774135587,0.17269528165673104,0.9999988832804918
985,19481600,9741516,1.9998530002927675,38.740958999994746,479.5725775013086,16.001176084099868,-0.49576276352246684,0.2521151819449219,0.999999006688011
986,19481600,9738953,2.000379301553257,35.83529200000157,518.4582160653019,15.996966162943496,-0.6035704071069885,0.1982078785857897,0.9999991115501304
987,19481600,9744844,1.9991700226294027,39.68320799998537,468.18547438268723,16.006642575558477,-0.8092098087267225,0.0953975836754708,0.9999987907263169
988,19481600,9743306,1.9994855955463167,36.85404199995901,504.1265639877619,16.00411629434954,-0.6339276466296317,0.1830435202826351,0.99999890710123
989,19481600,9746892,1.9987499605002292,42.78874999999971,434.2052890654699,16.010006570302235,-0.6648686512047526,0.16756722407545546,0.9999991796631122
990,19481600,9666502,2.0153722618585297,49.975833000019065,371.7617185589065,15.877959921156373,-0.2725158342655398,0.3637449696393393,0.9999969511031391
991,19481600,9721802,2.003908328929143,40.641375000006974,457.14746517549696,15.96879434954008,-0.2905968219438235,0.35470458568303576,0.9999969462427715
992,19481600,9724105,2.0034337350326843,47.17479200002117,393.8353678907935,15.972577201051248,-0.5941617066907916,0.2029225343744555,0.9999987196745362
993,19481600,9744587,1.9992227479727975,46.25695800001495,401.6498785435479,16.006220433639946,-0.8976039239966622,0.05119873503457359,0.9999987698122379
994,19481600,9721287,2.0040144890280476,45.22033400002101,410.8572387477582,15.967948423127464,-0.4083642744110625,0.2958179768918334,0.9999991762008822
995,19481600,9666502,2.0153722618585297,41.35666700000229,449.24078534904595,15.877959921156373,-0.19281559702911877,0.40359309913085023,0.999997928906997
996,19481600,9729227,2.00237901736695,42.41829100004679,437.99740924214757,15.98099047306176,-0.6097907430845986,0.19510317225502985,0.9999979032654945
997,19481600,9739721,2.000221566921681,39.9847910000517,464.6542122097369,15.998227660972404,-0.7041342383991334,0.14793708933039387,0.9999991028553487
998,19481600,9742795,1.9995904665960846,39.97941600005106,464.7166822666012,16.00327693823916,-0.7451282644510184,0.12743767130512532,0.999998788351402
999,19481600,9744332,1.9992750657510439,41.03429200000619,452.77012608130775,16.005801576872535,-0.8412133110248403,0.07939155246298986,0.9999994854743217
