step,source_tensor_bytes,encoded_bytes,compression_ratio,compression_latency_ms,compression_throughput_mib_per_second,encoded_bits_per_gradient_element,prediction_energy_r2,prediction_cosine_similarity,reconstruction_energy_r2
0,19481600,5431406,3.5868428911408943,104.16774999998779,178.35752008181205,8.921494743758213,0.9012769912770838,0.9493560939573894,0.9999828511410116
1,19481600,5111221,3.811535443292317,68.04233299999396,273.05209482604965,8.395566688567675,0.9680621129137941,0.9840314063778272,0.9999829531645859
2,19481600,5148437,3.7839833720408738,67.36254199995528,275.8076077727639,8.456696780551905,0.9479043660618232,0.9739547858684091,0.9999705270449442
3,19481600,5166661,3.770636393601206,82.61391700000331,224.89069925711493,8.486631077529566,0.9533276217224331,0.9766550958118696,0.9999748591494698
4,19481600,5199429,3.7468729739361764,81.01750000002994,229.3220793346269,8.540454993429698,0.9370067644891261,0.9685033009684907,0.9999695157301263
5,19481600,5249655,3.7110248197262488,81.54054199997063,227.851092313155,8.622954993429698,0.9452929540014798,0.9729967798186702,0.9999829342741285
6,19481600,5167735,3.7698527498023795,82.7894589999687,224.41385397272646,8.488395203679369,0.9504492775368786,0.9757175328608838,0.9999850879551268
7,19481600,5243703,3.715237113925026,81.78474999999708,227.17073247152635,8.61317838370565,0.9362067317563709,0.9683368358266414,0.99998346653425
8,19481600,5351933,3.640105360063364,83.35508400000435,222.89104240479236,8.790954336399475,0.9253184928930318,0.9629879346622521,0.9999824237887313
9,19481600,5092055,3.8258816921655403,81.7563750000545,227.24957610324105,8.36408508541393,0.9391757333480273,0.9699409605806659,0.9999837436499087
10,19481600,5327549,3.656765991265402,79.53887500002566,233.58516904462135,8.750901773981603,0.941106217397267,0.9706369748263157,0.99998655659242
11,19481600,5377261,3.6229597187118125,70.66991599992889,262.89972613691367,8.832557490144547,0.957393371688913,0.9787704267245815,0.9999895784688512
12,19481600,5426107,3.590345711944125,78.79529200010893,235.78948806325022,8.91279073587385,0.9264571463828758,0.9625334497515843,0.9999550653864321
13,19481600,5443821,3.578662854638314,72.09049999994477,257.7191386176297,8.941887319316688,0.9581214634668243,0.9791186997718113,0.9999892609683013
14,19481600,5414429,3.598089475362961,72.13158299998668,257.57235304961256,8.893608738501971,0.9300158367132901,0.9646616315190156,0.9999681196035091
15,19481600,5332811,3.6531577811401905,71.57349999999951,259.58073256862,8.759545006570303,0.9570942103079018,0.9783119187194462,0.9999663800761228
16,19481600,5279675,3.689924095706649,71.317874999977,260.5111490282905,8.672265111695138,0.9541226308164503,0.9768234260648346,0.9999725002128884
17,19481600,5425293,3.5908844001605074,70.22187500001564,264.5771216233668,8.91145367936925,0.9610558616312739,0.9804248543555687,0.9999801924488603
18,19481600,5450877,3.574030380799273,72.11070799996833,257.64691649551077,8.953477332457293,0.9632932746221372,0.9814784072930741,0.9999757658426546
19,19481600,5618397,3.4674658981912456,76.02504199996929,244.38133901336752,9.22864159001314,0.9658264903438616,0.9828363079081033,0.9999812158151501
20,19481600,5584603,3.488448507440905,75.46454199996333,246.19643968036044,9.173132391590013,0.969359871002827,0.984565985894096,0.9999822970845894
21,19481600,5832205,3.340348976073372,72.79400000004443,255.22847435899467,9.579837385019712,0.9713149443910112,0.985585334653464,0.9999682417002851
22,19481600,5865485,3.3213962698736763,73.61095800001749,252.3958669644754,9.634502299605781,0.968415397925558,0.9841430345539044,0.9999737038692208
23,19481600,5979405,3.2581168193156342,75.93554200002472,244.66937448729806,9.821624507227332,0.9766022006309285,0.988253245518599,0.9999810864862738
24,19481600,6062093,3.2136755407744486,77.38058400002501,240.10030167895857,9.95744579500657,0.9776187169079728,0.9887641751166582,0.9999798828730665
25,19481600,6044685,3.222930558002609,74.9220840000362,247.97897456364169,9.928851839684626,0.9739010662726385,0.9869515113840499,0.9999811016582886
26,19481600,6033423,3.2289464869279016,75.2378749999707,246.93814867189212,9.910353153745072,0.9759944159378245,0.987969127984229,0.9999842450741061
27,19481600,6043357,3.223638782219882,75.37012499994944,246.50485271866623,9.92667049934297,0.9849028139988382,0.9924410148147207,0.9999939799173616
28,19481600,6044173,3.2232035714397984,71.80558299990025,258.74174104993773,9.928010840998686,0.9849320086133216,0.9924650954858161,0.9999919861795209
29,19481600,6060813,3.2143542458742744,73.25058300000364,253.6375930618747,9.955343298291721,0.9781691822639694,0.9890871778079552,0.999987885007264
30,19481600,6231567,3.126276264060067,74.03116600005433,250.96324381121278,10.23581964520368,0.9727670396838669,0.9863405173287954,0.9999836568988407
31,19481600,6489312,3.0021056161269484,73.67562499996438,252.1743325897674,10.659185282522996,0.980835230207028,0.9904007461873516,0.9999864156587993
32,19481600,6386143,3.050605036561192,75.15629099998478,247.20620609795344,10.489722404730617,0.9818178284873855,0.9909088954548292,0.9999905620495518
33,19481600,6291215,3.0966355465518185,74.75408300001618,248.536278112006,10.333795992115638,0.9712078709690978,0.9856107359589202,0.9999883239320531
34,19481600,6440417,3.024897300904584,72.85529099999621,255.01375819775348,10.578871550591327,0.98400104393298,0.9919839742609938,0.9999931176193512
35,19481600,6303709,3.090497990944696,74.83312500005468,248.2737632898055,10.354318331143233,0.9893407767587472,0.9946693461384727,0.9999914171325178
36,19481600,6393614,3.047040374974154,74.51987500007817,249.3174010622067,10.50199408672799,0.9722363610191124,0.9861275150819175,0.9999711646352556
37,19481600,6448402,3.0211515969382803,73.42633300004309,253.03049741690216,10.591987516425755,0.9648646375176592,0.9824190595868884,0.9999733549910874
38,19481600,6608098,2.9481402969508017,79.81200000006083,232.78581619914095,10.854300262812089,0.9601144674531569,0.9800421692710073,0.9999683304156669
39,19481600,6575841,2.9626020458828,78.65158300000985,236.22031310542945,10.80131570302234,0.9633095918792562,0.9816490846544504,0.9999839682900892
40,19481600,6658016,2.926036825384619,81.2340420000055,228.71078559034083,10.936294349540079,0.9613596747569703,0.9806676682851396,0.9999825297220694
41,19481600,6634110,2.936580792299193,77.6680410000381,239.21166702905364,10.89702693823916,0.975278849948667,0.9876369282903856,0.9999845812373829
42,19481600,6589409,2.956501865341793,73.92074999995657,251.33810956342995,10.823602168199738,0.9575377433547738,0.9787830926154759,0.99996273600601
43,19481600,6970594,2.794826380649913,77.91774999998324,238.44504702078788,11.449727332457293,0.9545830187972371,0.9772690865621128,0.9999676704871839
44,19481600,6767536,2.878684354246509,77.437375000045,239.92421698810432,11.116189224704337,0.9567764547140606,0.9783919814240903,0.9999730062580756
45,19481600,6691042,2.911594337623348,78.67383400002836,236.15350387643878,10.990542049934296,0.935255937286126,0.967668938030822,0.9999544059171541
46,19481600,6406875,3.040733586967125,74.84529199996359,248.23340341178758,10.523776281208935,0.9586661725396006,0.9793570187724701,0.9999833989245718
47,19481600,7800196,2.4975782659820345,84.69945800004552,219.3532520891694,12.812411300919843,0.9785938300152803,0.9892423774502654,0.9999776849141905
48,19481600,7314765,2.6633254793557963,76.67870900002072,242.29804863426926,12.01505420499343,0.9497877626998378,0.9749406916259261,0.9999831973556791
49,19481600,6882736,2.830502288624756,73.45845800000461,252.9198416130493,11.305413929040736,0.8782717136522236,0.9393608150337089,0.9999490183299715
50,19481600,6885661,2.8292999030884616,71.27874999991946,260.6541439422127,11.310218462549278,0.9542533031973714,0.9771025673379107,0.9999841559991499
51,19481600,6108482,3.189270263872432,70.4550409999456,263.7015222589161,10.0336432325887,0.7835601507740615,0.8940861362233762,0.9999610021295146
52,19481600,7365350,2.6450338408901137,75.81949999996596,245.04384178883194,12.098143889618923,0.8361577654791414,0.9169099641900144,0.9999630974470357
53,19481600,6323061,3.0810393889921355,77.3402919999171,240.22538682062276,10.386105453350854,0.8367392515541846,0.9147983896119111,0.9999694966675959
54,19481600,8551253,2.2782158357377567,86.14570899999308,215.67065589420702,14.04607917214192,0.7695256055966422,0.8822534355734242,0.99995176401826
55,19481600,6235153,3.124478260597615,79.05362499991497,235.01897050919527,10.241709921156373,0.5996548422090213,0.8076824014330939,0.9999936030661194
56,19481600,7433539,2.6207705374250407,74.72450000000208,248.63467219585922,12.210149474375822,0.7908405979926207,0.8902168504860044,0.9999552817222503
57,19481600,6191173,3.1466734978977327,71.65570799998022,259.2829249904994,10.169469448094612,0.6394459437663138,0.8222802129763014,0.9999385662524474
58,19481600,5795501,3.361504035630397,74.4684580000694,249.48954310941534,9.519548291721419,0.8313952005230075,0.9151744835390466,0.9999612277455355
59,19481600,5755765,3.3847108073383816,72.7937499999598,255.2293509059536,9.45427890932983,0.7688541379954879,0.8787206346710743,0.9999740929458083
60,19481600,6922367,2.8142974794604214,82.71854200006601,224.6062504641967,11.370510840998685,0.7800439189250855,0.8867374012248956,0.999992750274713
61,19481600,8849958,2.2013211814112563,128.4414579999975,144.65034772884906,14.5367247043364,0.6523532766082873,0.8168105456265786,0.999997764055212
62,19481600,6004033,3.2447523189829237,74.38904100001764,249.75589566338937,9.862077858081472,0.6913008184206667,0.8505568113815931,0.9999431504720117
63,19481600,6277953,3.1031771024727326,76.60075000001143,242.54464300280648,10.312012155059133,0.6999043379112564,0.8467583018988835,0.9999344761394695
64,19481600,6063170,3.2131046960583327,78.96558400000231,235.28099991636174,9.959214848883049,0.5031450133659742,0.7534384452662294,0.9999948201575818
65,19481600,6012739,3.240054158346138,80.63062500002616,230.42239301126554,9.87637812089356,0.4569083774990307,0.7185808298148881,0.9999936278810788
66,19481600,6859124,2.8402460722389624,89.24183399994945,208.18825353264842,11.266629434954007,0.6881051847448627,0.8302420111422465,0.99999151637413
67,19481600,6744178,2.8886544809463808,81.03299999993396,229.27821458560265,11.077821944809461,0.6967701331377922,0.8355692413494629,0.9999918762862163
68,19481600,5737027,3.3957657860072823,73.28350000000228,253.5236657978866,9.42350032851511,0.17310341552811903,0.5809586907567046,0.9999946844212522
69,19481600,6622272,2.9418302359069517,74.90841699996054,248.02421819312758,10.877582128777924,0.6838649071104558,0.8341067010674242,0.9999351409074528
70,19481600,6422085,3.033531944843458,73.078541999962,254.23470493581632,10.548759855453351,0.4018116098857575,0.6998020941772647,0.9999924071439981
71,19481600,5789298,3.3651057520272754,71.17179199997281,261.04585876532514,9.509359395532195,0.715406022760166,0.8465662697842776,0.9999379187654446
72,19481600,7076677,2.752930506790122,77.18266599999879,240.71598618400006,11.62397667542707,0.3426060134275407,0.6816383385753512,0.9999903643488118
73,19481600,8122389,2.3985061537929298,76.8310419999807,241.81764399999506,13.341637647831801,0.2662755617263288,0.6671979765497249,0.9999927158845776
74,19481600,6085747,3.2011846696880433,78.59099999996033,236.40240692330391,9.996299277266754,0.6118921450105573,0.7834004540515195,0.9999893712642182
75,19481600,7222549,2.6973302638722148,80.00545799995962,232.22292612223254,11.863582457293035,0.1892687317925068,0.6241007486747038,0.999992824564658
76,19481600,6733894,2.893066032818455,79.86983299997519,232.61725816436567,11.060929697766097,0.22007836933697456,0.5960753607192828,0.9999908915270818
77,19481600,7078775,2.752114596098901,73.90245900000991,251.40031622625045,11.627422798948752,0.5411965750510974,0.7396480593634892,0.9999908158763253
78,19481600,7615351,2.558201191251723,74.21104200000173,250.3549480210717,12.508789421813404,0.5082417108694945,0.7163348848496841,0.9999864189978389
79,19481600,7949431,2.450691124937118,82.18999999996868,226.05063344089405,13.057541064388962,0.4855862944169691,0.7053172514880823,0.9999909848864869
80,19481600,5863492,3.3225252119385513,72.73320799993144,255.44179987932768,9.631228646517739,0.006009291044638765,0.49094284304052127,0.9999885614230851
81,19481600,6507128,2.993886089224002,77.72462500008714,239.03751947956223,10.688449408672799,0.5652336218354543,0.7590009936967611,0.9999915721941073
82,19481600,7129670,2.732468683683817,75.40925000000698,246.37695723665573,11.711021681997371,-0.6636913099393611,0.29328216525068185,0.9999878985499908
83,19481600,7652471,2.5457920716066744,76.14516600006027,243.99581140167578,12.56976182654402,0.4978178805337653,0.7109222412166852,0.9999898529686186
84,19481600,7076934,2.752830533674611,75.25462500007052,246.88318575081053,11.624398817345599,0.01567910583961951,0.48814652110822904,0.9999861834335498
85,19481600,5852996,3.328483395512315,79.59900000003017,233.40873079426822,9.61398817345598,-0.4180592969031107,0.2818505239310762,0.9999952335600678
86,19481600,7715599,2.524962741065211,73.86850000000322,251.51589056904078,12.673454336399475,0.4308947742099132,0.7343737986265443,0.999990937151333
87,19481600,6326392,3.079417146455673,75.36020800000642,246.53729143765653,10.391576872536136,0.5271693140192879,0.7338690491386717,0.9999812581855552
88,19481600,6302382,3.0911487117093186,77.56150000000162,239.54025595817015,10.352138633377136,0.6760275447507914,0.8375944864040414,0.9999833108331171
89,19481600,6262340,3.1109138117700414,75.24458399996092,246.91613103355917,10.286366622864652,-0.16346578786566468,0.44712840804214377,0.9999926225200177
90,19481600,5801840,3.357831308688278,73.05529200004912,254.3156156639208,9.529960578186596,0.7690501488961643,0.8780234895825233,0.999971725208096
91,19481600,8807255,2.2119945431351766,82.36687500004791,225.56521128778036,14.466581800262812,-0.8566259935431657,0.08478804384337324,0.9999950660010075
92,19481600,6474561,3.0089453169102893,72.50983300002645,256.22871814493385,10.63495565045992,0.5664844699191134,0.7859339903508517,0.9999899997093453
93,19481600,7861528,2.4780933172278976,77.36979200001315,240.13379230096473,12.913153745072274,0.44317091114536533,0.6806650627056354,0.99998919389423
94,19481600,7852098,2.481069390626556,88.72170799998003,209.40874540539934,12.897664257555848,0.27970096634417774,0.6292474025757073,0.99998636286303
95,19481600,6046020,3.2222189142609516,106.69941599996946,174.12561623116397,9.93104467805519,-0.04437306342512737,0.44644934551079,0.9999884691060241
96,19481600,8034788,2.424656381724073,79.27066599995669,234.37549474493062,13.19774638633377,0.20158639512324894,0.591607994472666,0.9999872499832609
97,19481600,8621655,2.25961256858457,81.56070899997303,227.79475301650632,14.161719776609724,-0.07661256674550909,0.4266652000621818,0.9999881042131474
98,19481600,7438662,2.6189656150528147,75.78720799995153,245.14825196505302,12.218564388961893,-0.19047322430004687,0.4016122631193877,0.9999900614133568
99,19481600,8028694,2.4264967627362557,79.62112500001695,233.3438715227403,13.18773653088042,-0.46567965751856444,0.3068618612611811,0.99998471256765
100,19481600,8207633,2.373595408079284,74.91495800002212,248.00256261899676,13.481657358738502,0.34934498904963096,0.6469986026910524,0.9999875446140905
101,19481600,7959879,2.4474743900001497,79.24658399997497,234.44671839111535,13.074702693823916,0.035269927519995914,0.5054404573413611,0.9999869894678594
102,19481600,8666453,2.2479323432550777,86.30970800004434,215.2608552735511,14.235303876478318,0.16284308852349516,0.5252562885107657,0.9999851267845586
103,19481600,8215222,2.3714027448071398,90.24737499998992,205.86860905928927,13.494122864651773,0.21158778456252303,0.6259955925043384,0.999987119037238
104,19481600,8205910,2.3740937933757498,75.3338749999557,246.62346869201838,13.478827201051248,-0.0805990293000558,0.3867649654296913,0.9999922902898222
105,19481600,6382917,3.0521468475933498,73.56204199993499,252.5637007536634,10.484423455978975,0.17559791030430327,0.5520118650154073,0.99998795046905
106,19481600,6622278,2.941827570512745,87.1172500000057,213.26547339934152,10.877591984231275,-0.5972686380324883,0.21774357393695165,0.9999894962244001
107,19481600,6910096,2.81929512990847,74.37670900003468,249.79730633808143,11.35035479632063,0.5640381237473533,0.7699134981500975,0.9999848924552717
108,19481600,8830406,2.206195275732509,101.28729199993813,183.4297392659224,14.504609067017082,-1.2875958912193535,0.09549923290950166,0.9999911994088463
109,19481600,7564868,2.575272959158045,99.69545800004198,186.3585556976144,12.425867279894875,0.3623557342240292,0.6304621276424884,0.9999846290333378
110,19481600,8419521,2.3138608479033427,100.06666599997516,185.6672387036919,13.829699408672798,0.3067941977741844,0.6767721123876098,0.9999773458700466
111,19481600,8076567,2.412113958814432,90.63049999997475,204.9983345838893,13.266371550591327,-0.20410280713736295,0.4283140422661567,0.9999899998232656
112,19481600,8653554,2.251283114429054,101.79649999997764,182.51218423525447,14.214116294349541,0.17510308252051132,0.531662302749186,0.9999819109374337
113,19481600,8153061,2.3894829193599803,77.2494169999618,240.50798418982487,13.392018725361366,0.29981041729955793,0.6275953789538539,0.9999873168896544
114,19481600,7213126,2.700853970941309,76.64525000006961,242.403822317536,11.84810446780552,-0.6038431174046313,0.14938529991285546,0.9999909432559532
115,19481600,7109312,2.7402932942034335,77.57612499995048,239.4950967518919,11.677582128777924,0.5512000663856924,0.7683628404579188,0.9999857427855472
116,19481600,8993431,2.1662033099492284,83.72875000009117,221.8963207079978,14.772389947437581,-1.382036848672886,-0.03640511528788996,0.9999857458570967
117,19481600,7114817,2.7381730267974564,75.72350000009465,245.35450107927895,11.686624507227332,0.4157004929261656,0.6723455309729705,0.999991962691306
118,19481600,9099561,2.140938447470158,81.07691600002909,229.1540240935328,14.946716491458607,-0.6734742312423379,0.3630379762967723,0.9999930013790449
119,19481600,7931316,2.456288464612934,77.28470799997922,240.39815952342082,13.027785808147176,0.09922479293409281,0.470593409718327,0.9999890598349842
120,19481600,8166790,2.385466015411196,80.99370799993721,229.38944297394562,13.41456964520368,-0.4276827860273502,0.33422958802861924,0.9999887967143672
121,19481600,8313317,2.3434208030320507,76.27441700003601,243.58234770239187,13.655251314060447,0.160021091166745,0.5631936638487246,0.9999889108032646
122,19481600,8490326,2.294564425441379,82.89591700008714,224.12565340800163,13.94600197109067,-0.36015746420278916,0.24644507183896683,0.9999873084017199
123,19481600,7291968,2.671651877792113,77.53091699999004,239.6347454848546,11.977608409986859,0.32577478381698155,0.6317287312225424,0.999986810644922
124,19481600,7315590,2.6630251285268858,74.28504200004227,250.10555371954194,12.016409329829171,-0.4489660808672786,0.2984536745546076,0.9999879936324255
125,19481600,7364934,2.645183242646845,73.91454199989766,251.3592191713198,12.097460578186597,0.6251496012191524,0.792951989432972,0.9999863580931083
126,19481600,8961735,2.1738647706052454,78.68650000000343,236.11549074490782,14.720326872536136,-0.5659598704004749,0.1904583615076694,0.9999870216972649
127,19481600,8042209,2.4224190144772413,75.05058399999598,247.5543902829723,13.209935939553219,0.20207441336098875,0.5746931255029957,0.9999849732159581
128,19481600,9046263,2.153552245827918,102.03887499994835,182.0786593590865,14.85917049934297,-0.39030925514708925,0.35033538172721745,0.9999913171450537
129,19481600,8556119,2.276920178412666,91.58895799998845,202.8530727743659,14.054071944809461,-0.03397051567519305,0.4920991155711207,0.999979379223942
130,19481600,7732146,2.5195592530197954,74.49525000004087,249.39981492094876,12.70063403416557,0.2587642681896174,0.595005406311768,0.9999785855332726
131,19481600,8946379,2.1775960978178994,77.19008399999439,240.69285327505733,14.695103482260183,-0.045784695272433895,0.41641644723903254,0.9999926597613014
132,19481600,8381313,2.324409075284505,77.16204100006507,240.78032827675375,13.76693988173456,0.3133206057119353,0.6151238814929215,0.9999789142683243
133,19481600,8252551,2.3606761109383028,78.055708000079,238.02361209101065,13.555438567674113,-0.8258813939637606,0.2699073297142798,0.999990197724613
134,19481600,8780436,2.2187508684079016,77.92245799998909,238.43064040026306,14.422529566360053,-0.009982446863437966,0.4359603852510038,0.9999824047445182
135,19481600,8729989,2.2315721130920094,78.25191599999926,237.4267942845026,14.33966655716163,-0.1726894617555661,0.39007257299570636,0.9999784571224023
136,19481600,8763430,2.223056497284739,143.80204099995808,129.1991506748184,14.394595926412615,-0.32072912171982915,0.2603557287722741,0.9999938280749534
137,19481600,8735335,2.230206397350531,76.4789169999176,242.93102323245526,14.348447766097241,-0.30442495549659143,0.3155925599210276,0.9999895355957866
138,19481600,8113543,2.4011211871311953,74.4764580000492,249.46274381748557,13.327107424441524,-0.15711546038527335,0.40637313251848645,0.9999852752715257
139,19481600,8308310,2.3448330647267617,75.73000000002139,245.33344199781794,13.64702693823916,-0.08043578753909442,0.37580196721647935,0.9999810783594537
140,19481600,8081124,2.410753751582082,76.44445899995844,243.04052648878186,13.273856767411301,0.12741066915987953,0.5548358144874609,0.9999859042946895
141,19481600,7979591,2.441428388998885,78.66341700002977,236.1847764951905,13.10708114323259,0.041971122392393534,0.5322045941647787,0.9999819350185101
142,19481600,8675431,2.2456060108137565,75.50591699998677,246.0615313433417,14.250050919842312,-0.28745013059854907,0.26962392482860903,0.9999872976849343
143,19481600,8837109,2.204521863428413,80.94033299994408,229.54071071727412,14.515619250985546,-0.1663538299162366,0.4503210033965218,0.999988498125746
144,19481600,8542389,2.2805798237471975,78.73404199995093,235.97291705805702,14.03151938239159,0.020039671536952963,0.47478493037497604,0.9999829751727762
145,19481600,7839254,2.4851344273319884,74.30441700000756,250.040338281614,12.876567017082786,0.1679561823597182,0.5020281497075443,0.9999876982391809
146,19481600,8415158,2.3150605134211384,75.67654199999652,245.5067458354645,13.82253285151117,-0.2718638545719352,0.4702950524598747,0.9999871793104966
147,19481600,7820866,2.490977341895386,74.92658400008168,247.96408124624696,12.846363337713536,0.08018634424810533,0.4819646092753232,0.9999836185178494
148,19481600,8699943,2.239279038954623,77.08045899994431,241.03517030838415,14.290313731931668,0.2727412858612892,0.6177315174044251,0.999988143039637
149,19481600,9056153,2.151200404851817,78.74645899994448,235.93570807435415,14.875415571616294,-0.4928271266529105,0.4297254164376397,0.9999955700257034
150,19481600,8413779,2.3154399467825337,80.304999999953,231.3567220286517,13.820267739816032,-0.2669143971673613,0.2346911986586865,0.9999935118483528
151,19481600,8864612,2.1976821997398193,76.47908299998107,242.93049594363725,14.560795006570302,-0.09669562629558937,0.5374892963342311,0.9999953863234152
152,19481600,8359715,2.3304143741742394,97.4397920000456,190.67263159276146,13.731463534822602,0.14376795745761484,0.482614976711008,0.999988070933118
153,19481600,8278358,2.3533169258927917,77.52991699999257,239.637836352924,13.597828515111695,-0.06552545973829371,0.4239069129627916,0.9999789858703615
154,19481600,8218503,2.370456030739418,74.9158340000804,247.9996626945388,13.499512155059133,-0.571665189971903,0.3275657402240177,0.999984460832653
155,19481600,8289718,2.3500920055422876,74.55545899995286,249.19840628319042,13.616488173455979,0.26878560492303194,0.5647366884240859,0.9999802378002267
156,19481600,7972535,2.443589146990261,76.71275000006972,242.19052976829946,13.095491130091984,0.06222572274888638,0.526906726469773,0.9999864014347293
157,19481600,7188758,2.710009155962685,75.46716700005618,246.1878761460089,11.808078186596584,-0.3091963165130187,0.29390911067161213,0.999986729506018
158,19481600,8416947,2.3145684533833943,75.94174999996994,244.64937353310074,13.825471419185282,0.4503715759651248,0.6873865076356069,0.9999608379936669
159,19481600,8695892,2.2403222119133956,76.8300409999938,241.82079458348198,14.283659658344284,-0.36553725240758195,0.38947639833409914,0.9999808694552517
160,19481600,6520389,2.9877972004431026,87.83283400009623,211.5279755459063,10.710231603153746,0.19936688585487594,0.5475337623632243,0.9999914292554057
161,19481600,7630050,2.553272914332147,74.68787499999507,248.75659620120703,12.532933639947437,0.6259066120021282,0.7922869765222966,0.9999678189563967
162,19481600,6952568,2.8020725579383043,76.137458000062,244.0205130368927,11.42011826544021,0.5492263072300962,0.7486388089823874,0.9999778132989394
163,19481600,7525714,2.588671320754416,77.62783399994078,239.3355656749894,12.361553876478318,0.6116676942868593,0.7883452251953005,0.9999677332684906
164,19481600,8973351,2.171050703354856,79.5965410000008,233.41594156082505,14.73940703022339,-0.22454156383734447,0.4961311039879543,0.9999943754752317
165,19481600,7485510,2.602574841259981,73.81487500003914,251.6986117295484,12.29551576872536,-0.167610297470991,0.3384477773548307,0.9999801785756027
166,19481600,7779602,2.504189803025913,74.58962500004418,249.084260210304,12.778584099868594,0.6402668563459437,0.8014038193236539,0.9999588622517304
167,19481600,8903062,2.188190984180499,78.56866600002377,236.46960688494292,14.623952036793693,-0.6431008523823363,0.35264718700480496,0.999982625554485
168,19481600,7417878,2.6263036410143172,74.0130419999332,251.02469862699022,12.184425098554534,0.17062515360247543,0.5144454527773317,0.9999895915111423
169,19481600,7835986,2.486170853291468,79.57533300009345,233.47815035192102,12.871199080157687,0.5700380337580033,0.7596572388028984,0.999961720419326
170,19481600,8587559,2.2685841226825922,77.77829200006181,238.87258365721422,14.105714520367936,-0.4404353526532325,0.3420082009498868,0.9999791622511007
171,19481600,8566823,2.274075231856664,81.7807079999966,227.18196035305508,14.071654073587386,0.009664884298660859,0.46194906843107547,0.9999855379510063
172,19481600,7805249,2.495961371635934,75.03941599998143,247.59123341930857,12.82071123521682,0.08481248372596273,0.5614766934004057,0.999987557922214
173,19481600,8678182,2.2448941494889136,76.00237500003004,244.4542234698936,14.254569645203679,0.19218545942019527,0.5289159676486339,0.9999810357098933
174,19481600,8564066,2.2748073169917187,74.18679100010195,250.43678681929333,14.067125492772668,0.26378496367303317,0.6097964272832872,0.999984020747747
175,19481600,8516279,2.287571837418666,77.67745799992554,239.1826669008377,13.98863173455979,-0.33694261138446935,0.38306112423147237,0.9999843641583431
176,19481600,8264530,2.357254435521439,74.60012500007451,249.04920149237608,13.575114980289094,0.2206606993868131,0.5648077178078975,0.9999837692833042
177,19481600,7231861,2.6938570860252984,106.22866699998212,174.8972484282715,11.87887812089356,0.5298725051831543,0.7346576443365028,0.9999677097014562
178,19481600,7926599,2.457750164982485,81.58254199997828,227.7337909194463,13.020037779237844,-0.15103165970694432,0.405651701685799,0.9999885904755774
179,19481600,8072625,2.413291835059847,80.53729099992779,230.68942761579424,13.259896517739817,0.29054000922259016,0.5814538191589106,0.9999885579336218
180,19481600,8451012,2.305238709872853,74.83979200003432,248.25164616293267,13.881425755584758,0.5412280060253258,0.7415031059935049,0.9999671093911611
181,19481600,8339175,2.3361543557965865,73.5271250000551,252.6836397110057,13.697725032851512,-0.6558132877554927,0.19324184673070152,0.9999843768967933
182,19481600,8569506,2.273363248710019,76.29533299996183,243.51557076904422,14.076061103810776,0.4461526130791158,0.6897589630039617,0.9999870228701934
183,19481600,8704807,2.2380277931492336,79.11075000004075,234.84926590242702,14.298303219448094,-0.953409003815177,0.23679735428388846,0.999988356623707
184,19481600,8804487,2.212689961379919,80.52429199995004,230.72666770558538,14.462035151116952,-0.17416141888426595,0.3622044817308881,0.999987335537417
185,19481600,8151984,2.3897986060816607,83.12641600002735,223.50418142042702,13.390249671484888,0.27644719992679,0.6015029414173452,0.9999853531213282
186,19481600,9215956,2.113898981288539,76.36462499999652,243.29460876028458,15.137904073587386,-0.7136008302724546,0.3003434993225334,0.9999949721244532
187,19481600,8654631,2.251002960149312,76.42516700002489,243.10187719307112,14.215885348226019,-0.2005761449256651,0.3181775261775188,0.9999802994527659
188,19481600,8413056,2.31563893072862,74.97716700004275,247.7967934223149,13.819080157687253,0.18534861796201252,0.5459617753554477,0.9999804079889032
189,19481600,9234697,2.109609010452644,76.94891699998152,241.44721312327843,15.168687582128777,-0.9133856597421952,0.2641232164470413,0.9999955368745976
190,19481600,8147381,2.391148763019675,75.24933299998793,246.9005481085524,13.382688896189224,0.23685387033227956,0.5380010247523533,0.999981555146452
191,19481600,7863056,2.477611758074723,77.03741600005287,241.16984352755614,12.915663600525624,0.26057858472107165,0.6220497213333337,0.9999780699989319
192,19481600,9071928,2.147459724107158,80.87195799998881,229.73478102882797,14.901327201051249,-0.7795289875522013,0.13099761280565902,0.99999031559007
193,19481600,8052098,2.4194439759675057,90.64925000006951,204.95593248135813,13.226179369250985,0.2229263183970216,0.5568913132676954,0.9999820270793719
194,19481600,8454020,2.3044184896652715,74.99625000002652,247.73374085362175,13.886366622864651,-0.19159155005927642,0.38849844698006325,0.9999901748765536
195,19481600,9106071,2.139407874153408,83.93516600006024,221.3506262975243,14.957409658344284,-0.505336555849756,0.3238111436462382,0.9999800148906608
196,19481600,8861843,2.198368894596756,86.73099999998612,214.2152351812267,14.556246714848884,0.11104769405639237,0.5491580633005282,0.9999864298116818
197,19481600,9035158,2.156199150031466,348.06829199999356,53.37774795786438,14.840929697766096,-0.1554502307139416,0.37463313977055274,0.9999893790081228
198,19481600,9199722,2.1176292066216784,88.71950000002471,209.41395704997015,15.11123850197109,-0.25131140381548356,0.3378113019695857,0.9999941524211997
199,19481600,8955079,2.1754805289824914,77.0190000000639,241.22750960781866,14.709393889618923,0.1287169477439104,0.4665869555156687,0.9999839218488873
200,19481600,8620535,2.2599061427162,77.41962500006139,239.97922442126617,14.159880091984231,-0.7248485494001913,0.24684582069436242,0.9999893899282246
201,19481600,9430796,2.065742912899399,76.60400000008849,242.5343528076672,15.490795006570302,-0.40978883237362496,0.2751006080748378,0.9999905291368246
202,19481600,9124453,2.135097851893149,76.2838749999446,243.55214732489,14.987603482260184,0.0807475174259582,0.44432946906204696,0.9999940255771319
203,19481600,6908226,2.8200582899285576,73.27750000001743,253.5444244480991,11.347283180026281,0.5555209459636024,0.7504335409250144,0.9999876031136006
204,19481600,9228794,2.1109583765766144,77.28166699996564,240.40761908653266,15.158991458607096,-0.8948589882106683,0.1270811291672815,0.9999923193968222
205,19481600,8892359,2.1908247294109473,76.88358300003983,241.65238972395932,14.606371550591327,-0.01768336776168189,0.40860510429951624,0.9999884705803714
206,19481600,7581671,2.5695654691426206,74.2405000000872,250.25560930325332,12.453467477003942,-0.27903976070260295,0.37047975368885333,0.9999830823347212
207,19481600,8784882,2.217627965862262,75.93733400005931,244.6636006800751,14.429832457293035,0.02310019896184745,0.5074677609142582,0.9999891149008732
208,19481600,8952376,2.176137374033441,75.5941670000766,245.7742746537729,14.704954007884362,-0.17677076726646557,0.3288473850981258,0.9999853015451625
209,19481600,9007399,2.162844124036251,76.77404200001092,241.99717871435448,14.79533344283837,-0.36432023687641135,0.20432411740725456,0.9999909772838954
210,19481600,8230793,2.3669165291849765,73.51662499991107,252.71972921121548,13.5196994086728,0.47114422900455444,0.6971298225304136,0.9999612171261242
211,19481600,8465800,2.301211935079969,74.34454200006257,249.90538730448245,13.905716162943495,-1.1942395722035068,0.011888624724671375,0.9999898914523261
212,19481600,8994661,2.1659070864371652,77.86970799998016,238.59215656112045,14.774410315374507,-0.09188464534216623,0.4023875276247436,0.9999935333915512
213,19481600,7842327,2.484160632424534,72.96154099992691,254.64239526572788,12.881614651773981,0.022128658739404283,0.4369305248673469,0.9999904499711603
214,19481600,9064760,2.1491578376040845,75.78716699993038,245.1483845875525,14.889553219448095,-0.4308724511282571,0.3198393527147876,0.9999841860766392
215,19481600,8363238,2.329432691022305,75.83808300000783,244.98379742138368,13.737250328515112,0.14462605632707315,0.4813128443311551,0.9999826950935959
216,19481600,8021585,2.4286472062566187,73.56083399997715,252.5678482996233,13.176059461235218,0.19258686573995942,0.6279464823162115,0.9999893379470047
217,19481600,7897369,2.4668468701411825,78.83158399999957,235.6809367486527,12.9720252956636,0.41010744827399925,0.6586907856567497,0.9999696991864417
218,19481600,8360019,2.330329632025956,77.63366699998642,239.3175832142935,13.731962877792379,0.5050875232465744,0.715982736291401,0.9999705716026028
219,19481600,8325920,2.3398735515114244,85.20200000009481,218.05945356305398,13.675952693823916,0.19895344832612727,0.589709449101036,0.9999852311957509
220,19481600,7815193,2.49278552685775,88.30920799994146,210.38691188932773,12.837045006570301,0.43322752195349834,0.6740037935312008,0.999970129419844
221,19481600,8928451,2.1819686303928867,92.47137499994551,200.9173277948008,14.665655387647831,0.28349114311127566,0.5982053827757301,0.999989522225253
222,19481600,9396442,2.073295402664115,94.66883300001427,196.25362406756614,15.434365965834429,-1.498044693079445,0.048469408613057305,0.9999959704364826
223,19481600,8786979,2.2170987321125954,92.28191700003663,201.32981808876625,14.433276938239159,-0.009855236249144417,0.42878187897320896,0.9999939766216718
224,19481600,9338730,2.0861080682276927,91.0983330001045,203.94557123760637,15.33956964520368,-0.7357660739442289,0.12952572142071864,0.9999959779995158
225,19481600,9198232,2.1179722364036917,91.5081249999048,203.03226147972467,15.108791064388962,-0.3114635435514135,0.31195607417939497,0.999993774974942
226,19481600,8877815,2.194413828177316,83.63529199993991,222.14427806999643,14.582481931668857,-0.6838994360971256,0.18443210546774855,0.9999950996118537
227,19481600,8878693,2.194196826041851,79.74720900006105,232.97494414488884,14.583924113009198,-0.0082751262485099,0.37431572894104687,0.9999933716655809
228,19481600,9203816,2.1166872523309896,75.83412500002851,244.99658382678004,15.11796320630749,-0.594643840423074,0.32745211542036035,0.9999897681611422
229,19481600,8661029,2.249340118824218,80.3765000000567,231.1509155348503,14.226394546649146,0.05087287027968812,0.43434933253771957,0.9999902573613844
230,19481600,9051336,2.1523452449450557,80.008375000034,232.21445957991406,14.867503285151116,-0.14843539521860172,0.3539412301696709,0.9999918411427176
231,19481600,9186619,2.1206496100469607,79.0538749999996,235.01822728487494,15.089715834428384,-0.44176179490159373,0.297589641470776,0.9999933496001586
232,19481600,8698870,2.2395552525787834,74.46662500001366,249.49568430819298,14.288551248357425,-0.569256036204866,0.15369715274129497,0.9999911075144423
233,19481600,8532659,2.2831804247655976,86.54445800004851,214.67696478600152,14.015537122207622,0.10217037397091111,0.5259800004679899,0.9999911736974995
234,19481600,9029058,2.1576558706345668,80.5710839999847,230.5926722110817,14.830909986859396,-0.014469406537188423,0.4775777683683501,0.9999830654659778
235,19481600,8863433,2.1979745319900315,75.63599999991766,245.6383410349599,14.55885840998686,-0.09796065465933079,0.34915128650156,0.9999925484775043
236,19481600,8366258,2.3285918268358445,74.11487499996383,250.6797935300986,13.742210906701708,0.2411453114194959,0.5788111054073262,0.9999806197929265
237,19481600,9156201,2.127694662884749,79.66399999997975,233.21828633391146,15.03975197109067,-0.3186285057436862,0.5004925471079226,0.9999934091494156
238,19481600,8860919,2.198598136378405,75.63466700003119,245.64267021222344,14.554728975032852,-0.18202081957656602,0.35215203515804033,0.9999929435591777
239,19481600,9126407,2.1346407189598273,80.7713330000297,230.02098482753985,14.990813074901446,-0.29974294121743017,0.35857498968475376,0.9999954039420138
240,19481600,9026618,2.1582391101517757,78.34875000003194,237.13335008525885,14.826902102496716,0.36356364010251696,0.618813538290327,0.9999954891646388
241,19481600,9327627,2.0885912354771476,76.20895800005201,243.791570572154,15.321332128777923,-0.5205088996819212,0.3509774717011161,0.9999912807687436
242,19481600,8183272,2.380661427360596,78.21195800011083,237.54809414787536,13.441642575558475,-0.10271083684350257,0.3573749516522305,0.9999889511022235
243,19481600,9154811,2.1280177165863936,79.5720829999027,233.4876864103547,15.03746879106439,-0.16167173972355298,0.3892232376529362,0.9999932135933205
244,19481600,9439404,2.0638591165289673,79.45679199997358,233.82647467703174,15.50493429697766,-0.9498435119419804,0.12950762781622852,0.9999945341852016
245,19481600,8991851,2.1665839436173933,80.82962499997848,229.85510031136414,14.76979467805519,-0.4265334614719962,0.26162850305497215,0.9999945919123348
246,19481600,8789539,2.2164529903104135,83.46137500006989,222.60718281342048,14.437481931668858,0.12745245540006445,0.4958368735510683,0.999987434614129
247,19481600,8922757,2.183361039642792,77.29945900007351,240.3522845157601,14.65630256241787,-0.06651057582102893,0.38264601639985274,0.9999887309984049
248,19481600,9223688,2.112126949653978,79.45108299998083,233.8432764032239,15.150604467805518,-0.17689884167311098,0.4517679598616774,0.9999932914301104
249,19481600,9340891,2.0856254505057388,75.77454099998704,245.1892326540543,15.343119250985545,-0.2919571871775133,0.28947671030951105,0.9999947240917609
250,19481600,9407772,2.0707984844870815,79.46116599998732,233.8136035217878,15.452976346911958,-0.9397691203172154,0.005976884558071279,0.9999954864136662
251,19481600,8664407,2.24846316660794,75.03874999997606,247.59343089411706,14.231943166885676,0.12363193316705723,0.46711376096404017,0.9999907255045587
252,19481600,9026762,2.1582046807038893,80.14950000006138,231.80558284812471,14.827138633377135,-0.2129884663690993,0.3799393606434744,0.9999912643774908
253,19481600,8689914,2.241863383227958,77.10683400000562,240.95272232936767,14.273840341655717,-1.0293068680885464,0.1022186951906268,0.9999948143620038
254,19481600,9438076,2.0641495152189915,80.78949999992346,229.96926039296693,15.502752956636005,-0.48419126263819723,0.20260535653385775,0.9999941171103542
255,19481600,9120228,2.1360869487034755,75.94379200008916,244.64279532523457,14.980663600525624,0.17779106175679027,0.4906627171904684,0.9999946288767182
256,19481600,8140472,2.3931781842625344,77.15970799995375,240.7876085082014,13.371340341655715,-0.5834738519619271,0.25049944274810415,0.9999876927854133
257,19481600,8839367,2.2039587223836277,86.06099999997241,215.88293841003423,14.519328186596583,-0.03224962740338477,0.3823615954912216,0.9999908595258556
258,19481600,9064091,2.1493164620699416,76.0365419999971,244.34437802945732,14.888454336399475,-0.9857907353242801,0.27579081821232604,0.9999934969001176
259,19481600,8348648,2.3335035804599737,75.68474999993668,245.48012066520062,13.713285151116951,-0.03697013527281179,0.3823442331417164,0.9999914303688208
260,19481600,8636309,2.2557784812933397,80.99441600006685,229.38743780169568,14.185790078843628,-0.002049579920787581,0.4220089311885513,0.9999908894206406
261,19481600,9056294,2.151166912204926,78.8612500000454,235.59227836851818,14.87564717477004,-0.25703777652651394,0.3759659410483,0.9999843006986584
262,19481600,9124202,2.135156586844526,80.15087500007212,231.80160618936827,14.987191195795006,-0.32854424950246086,0.35042316192973005,0.999994851207376
263,19481600,8795748,2.2148883756105793,78.4020830000145,236.97204017521528,14.447680683311432,-0.06990529227547482,0.40710111167423696,0.9999929445219267
264,19481600,8759959,2.223937349478462,75.23004099994068,246.9638633124585,14.388894546649146,-0.03826434947214641,0.4059062185242606,0.9999832042228914
265,19481600,8847507,2.201931007231755,93.38133300002482,198.9594811469982,14.532698751642576,0.20977868258351673,0.5766372277862855,0.9999844096279132
266,19481600,9212936,2.1145919172780534,77.32933300007971,240.2594312106746,15.132943495400788,-0.5791537096647594,0.2851296724457472,0.9999880597768934
267,19481600,8619411,2.2602008420296933,80.35612499998024,231.20952587627352,14.158033837056504,0.19531170044246382,0.48668370428603336,0.9999815406035163
268,19481600,9008538,2.16257066351943,78.93620799995915,235.36855941331277,14.797204336399474,-0.4109518714662357,0.3699142162556545,0.9999917243521963
269,19481600,8946776,2.1774994702002153,77.47949999998127,239.7937720623454,14.695755584756899,0.3828353496685233,0.6377098347373009,0.999969803447445
270,19481600,8979450,2.169576087622293,78.04224999995313,238.0646580859875,14.749425098554534,-0.23364149123794986,0.3367282498537539,0.9999931397084098
271,19481600,8918726,2.1843478541666155,75.37304100003439,246.49531604398877,14.649681340341656,0.010625177506684902,0.44108676633086913,0.9999865587076404
272,19481600,9269818,2.1016162345366434,81.3527499999509,228.3770562459316,15.226376478318002,-0.680797206406994,0.29811414519697255,0.9999959813610425
273,19481600,9221994,2.1125149289839054,98.32979199995862,188.94682053744017,15.147821944809461,-0.5193077506631241,0.25968616721523846,0.999994875437041
274,19481600,9265109,2.102684382882058,80.28150000006917,231.42444476602944,15.21864159001314,-0.09617837109722172,0.38033387966304555,0.9999945168786544
275,19481600,9037781,2.1555733647451736,75.19058299999415,247.09346331975436,14.845238173455979,-0.08395611326482344,0.3698173674439915,0.9999947645360394
276,19481600,8981961,2.168969560210738,76.49279200006731,242.8869580611419,14.753549605781865,-0.8318426561043868,0.11789406478841431,0.999994812421678
277,19481600,8859444,2.1989641787904524,74.71137499999259,248.67835135549097,14.5523061760841,-0.15688603034157267,0.404106071011063,0.9999924310621474
278,19481600,9070953,2.1476905458555455,77.0796669999072,241.03764696495597,14.899725689881734,-0.5084749432205364,0.19593399131986766,0.9999947336292894
279,19481600,7820098,2.4912219770135873,75.88608399998975,244.82883531719082,12.845101839684625,0.52168127510396,0.7274135710417653,0.9999626040802142
280,19481600,8745066,2.227724753592483,92.14674999998351,201.62514209674595,14.364431668856767,-0.5556194691223784,0.15051009046865504,0.9999930602300019
281,19481600,9142426,2.1309004852760087,82.61287499999526,224.89353581389182,15.017125492772667,-0.5639948356471334,0.30642021298560795,0.9999847783837834
282,19481600,9111204,2.138202591007731,76.3862500000414,243.22573188878798,14.96584099868594,0.15337822641158738,0.4877377452355658,0.9999888706699614
283,19481600,9015800,2.1608287672752278,75.52691700004743,245.99311477904402,14.809132720105126,-0.5645852903471889,0.2302863976934435,0.9999882806789551
284,19481600,9113704,2.137616055996552,75.16275000000405,247.18496279738298,14.969947437582128,-0.21006006016804357,0.4611353018035451,0.9999920595410021
285,19481600,9089845,2.1432268647045136,75.4517919999671,246.23804246436057,14.930757227332457,0.027368129596341495,0.4772608278257589,0.9999895015108833
286,19481600,9048523,2.1530143648858493,75.7307920000585,245.3308762766623,14.862882720105125,-0.5813414713026861,0.1329404756127784,0.9999933164885724
287,19481600,9272537,2.100999974440652,104.23612500005675,178.2405242183541,15.230842641261498,-0.21273259913419285,0.29024715619334984,0.9999953112676985
288,19481600,8856937,2.1995866065209677,79.87087499998324,232.61422342629774,14.548188239159002,-0.44431877162244726,0.33075048314120503,0.9999952148188809
289,19481600,9082470,2.144967173026721,79.16391699995984,234.69153961279386,14.9186432325887,-0.4644753177157739,0.24994136777480694,0.999993971997272
290,19481600,9200282,2.1175003114034983,75.12495799994667,247.30931047592983,15.112158344283838,0.046090280213766266,0.4572366021414892,0.9999948447323281
291,19481600,8561541,2.2754782112238905,74.73604200004047,248.59627383652375,14.062977989487516,0.3352781188090779,0.5867170976262258,0.9999853352707911
292,19481600,9360346,2.0812905847711187,74.73187499999767,248.610135400732,15.37507555847569,-0.7205000269191819,0.33361576857960623,0.9999963448707337
293,19481600,8677832,2.244984692029069,73.62875000001168,252.33487683136076,14.253994743758213,-0.1714714610113539,0.2466524083621502,0.9999937341666504
294,19481600,9245544,2.107133988005465,77.3799590000408,240.1022409754728,15.186504599211563,-0.5404626111809336,0.3665807735235064,0.9999949697657853
295,19481600,9160501,2.1266959088809663,184.0289169999778,100.95751181594053,15.046815045992116,-0.2898705202634657,0.2642403607420852,0.9999943680850386
296,19481600,7594887,2.565094121874361,75.57787500002178,245.82725516554476,12.475175755584758,-0.07628495492313725,0.3638292081198485,0.9999864835109643
297,19481600,9048570,2.153003181718216,75.12108299999909,247.3220675279698,14.862959921156373,-0.4127079275825758,0.31105440999741246,0.9999918255509548
298,19481600,8981702,2.1690321054962634,76.24950000001718,243.66194614385424,14.753124178712222,-0.07091058560763086,0.4201972701332748,0.9999933324997667
299,19481600,9314522,2.091529763953534,75.89420799990876,244.80262792283617,15.2998061760841,-0.7303540600212546,0.21407101831099,0.9999948740336284
300,19481600,8328072,2.3392689208258526,76.23024999998051,243.72347673665965,13.679487516425755,-0.004920023948704166,0.387400259198076,0.9999864590864033
301,19481600,9226505,2.1114820834107824,79.10508300005858,234.86609024209278,15.155231603153744,-0.4632792479273675,0.351737352188494,0.9999928870392609
302,19481600,9136855,2.1321997558240775,77.56729199991241,239.52236933217907,15.0079747043364,-0.16005114604370352,0.3487120363631984,0.9999922309425858
303,19481600,9088314,2.14358790860439,99.60212500004673,186.533184532873,14.928242444152431,-0.4762474003754329,0.2243536601155327,0.9999955455760959
304,19481600,9295115,2.0958966080570276,76.36295799989057,243.29991987118447,15.267928712220762,-0.6575143277005913,0.1567383397343066,0.9999945003294591
305,19481600,8685960,2.242883918415466,75.0778750000336,247.46440362745597,14.267345597897503,0.2795805708717213,0.577253273910784,0.9999940505578062
306,19481600,9033016,2.156710449754545,75.91649999994843,244.73074446941865,14.837411300919843,-0.42761003270702913,0.31964954945010426,0.9999934780862826
307,19481600,9224617,2.1119142399082804,77.65058300003602,239.2654484318731,15.152130420499343,-0.033803297755862216,0.4034772641433266,0.9999894497425121
308,19481600,8908946,2.186745772171029,94.25512500001787,197.11502756477674,14.633616951379764,0.239284709038873,0.5755924449699928,0.9999858889460024
309,19481600,9221846,2.1125488324138137,77.47279099999105,239.81453775819367,15.147578843626807,-0.39333196747804355,0.43797323108370956,0.9999952851974362
310,19481600,9084938,2.1443844746106135,91.5658330000042,202.90430342613874,14.922697109067018,-0.4229689057259991,0.13693578401527728,0.9999916202080845
311,19481600,8631396,2.257062472860705,73.93933399998787,251.27493794443765,14.177720105124836,0.17492026294582885,0.5208827245625618,0.9999919576670284
312,19481600,9297883,2.0952726550764296,75.98629199992502,244.50596381934696,15.272475361366622,-1.01699860458127,0.18610282180214527,0.9999941358892992
313,19481600,8730312,2.2314895504307293,74.94970799996281,247.88757766086584,14.340197109067017,-0.07936930247950791,0.4088641755911112,0.9999894308120139
314,19481600,8824010,2.207794415464171,77.21958299998732,240.60090511629738,14.494103153745073,-0.03868042083560774,0.44049084618625967,0.9999940552514472
315,19481600,8748934,2.2267398519636794,80.38037500000428,231.13977214586285,14.370785151116952,-0.048087486305271154,0.39205168160976184,0.9999935004367049
316,19481600,9348053,2.0840275509777277,77.6912919999404,239.14007714679596,15.354883377135348,-0.38992747810320294,0.36072529233472267,0.9999934197291509
317,19481600,9192346,2.119328406480783,97.22662500007573,191.09067667920726,15.099122864651774,-0.5033337774899356,0.27129519266283,0.9999959073340445
318,19481600,9167782,2.12500689916056,74.65704100002313,248.85933481470616,15.058774638633377,-0.048280319716916376,0.3505603713927084,0.9999931995413034
319,19481600,9131786,2.133383327204558,77.53191599999809,239.6316577872325,14.999648488830486,-0.25310284885858136,0.4330671818373846,0.9999934723336754
320,19481600,9031108,2.157166097448951,81.46666700008609,228.05771055394186,14.83427726675427,0.08738353646877017,0.5065051601058531,0.9999930324517544
321,19481600,9206697,2.1160248892735365,76.46129200009,242.98702096844156,15.122695466491459,-0.20721496406684592,0.28409802701785175,0.9999892305886594
322,19481600,8366004,2.3286625251434256,75.54412499996488,245.9370806466901,13.741793692509855,0.45804365496504984,0.7344101644785905,0.9999911671384456
323,19481600,9079193,2.14574136710168,77.21670899991295,240.60986026380564,14.913260512483575,-1.6467735194535429,-0.0317464851165864,0.9999959929480324
324,19481600,8152450,2.3896620034468166,74.34008399991399,249.9203735433161,13.391015111695138,0.30873178436239546,0.5877900833696051,0.9999931862900518
325,19481600,9024867,2.1586578505810667,111.51987499999905,166.59901710345497,14.824025952693823,0.36043914243682007,0.6716398171038497,0.9999887362544057
326,19481600,9116116,2.137050471933442,76.91754200004652,241.54570049168709,14.973909329829173,-0.22257184788955242,0.34577891860659943,0.9999904740312839
327,19481600,9265467,2.102603139161793,74.65720799996234,248.85877814382468,15.219229632063074,-0.04320091352267186,0.513514789674721,0.9999934447955672
328,19481600,9159128,2.1270147114441462,75.9139999998979,244.73880394294846,15.044559789750329,-0.10584099343206788,0.4288571771453379,0.9999939749040746
329,19481600,9183492,2.1213716960824924,81.00258299998586,229.36431005543668,15.08457950065703,-0.14091798546774248,0.3598715990715182,0.999991291745284
330,19481600,8358995,2.330615103849207,73.17091699997036,253.91374502669586,13.7302808804205,0.37191608935684806,0.6574173055620791,0.9999854957973947
331,19481600,9056267,2.1511733256097685,76.5875419999702,242.5864713416084,14.87560282522996,-0.286106382102036,0.4506303637972531,0.9999918453936285
332,19481600,9143767,2.1305879732062287,117.31041699999878,158.37554786375188,15.019328186596583,-0.7298470578122831,0.27639906962700095,0.999994578340912
333,19481600,8672663,2.246322726940964,75.2365829999917,246.94238921645405,14.245504270696452,-0.10217312824020364,0.35316732159885994,0.9999938707106469
334,19481600,9101786,2.14041507897461,74.08012500002314,250.7973840823594,14.950371222076216,0.28433618586590215,0.563218835243986,0.9999935136865098
335,19481600,9281237,2.0990305494838672,75.99283300010029,244.48491823532203,15.245133048620236,0.06867566700480154,0.5146079799001249,0.9999956240773538
336,19481600,7904340,2.4646713071553097,79.91266699991684,232.4925729549151,12.983475689881734,0.5296092882698755,0.7344331268397569,0.9999710574018534
337,19481600,9147338,2.1297562197876583,78.75529099999312,235.90924910050327,15.0251938239159,-0.9499591825352511,0.3222967780701007,0.9999953007505769
338,19481600,9188312,2.1202588680053527,76.47004199998264,242.9592174475884,15.092496714848883,-0.37010844319458047,0.17962084727544383,0.9999943619575765
339,19481600,8986633,2.167841949259528,76.0790829999678,244.20774843603024,14.761223718791065,0.4160655817833977,0.6595272548263414,0.9999772163133439
340,19481600,9186762,2.1206166002776605,91.64475000000039,202.72957875382846,15.089950722733246,-0.17388388747395767,0.5204167846718181,0.9999932734582868
341,19481600,9261786,2.1034387967936206,77.47566700004427,239.80563552282015,15.213183311432326,-0.556564390360863,0.20130186439673006,0.9999952001027311
342,19481600,8606088,2.2636998366737595,74.45616600000449,249.53073144404024,14.136149802890934,-0.26598551171811846,0.3120124232666926,0.9999912466753946
343,19481600,9210632,2.115120873355922,83.35279100003845,222.89717404293552,15.129159001314061,-0.38471132152024756,0.2789276957623266,0.9999950713192813
344,19481600,9226296,2.1115299140630217,76.60699999996723,242.52485494155817,15.154888304862023,-0.42379897811834955,0.22926500182093462,0.9999950688343433
345,19481600,8736917,2.2298025722345765,75.39374999998927,246.42760921830583,14.351046320630749,-0.36689753267217085,0.24378785479319218,0.9999941036811736
346,19481600,8909093,2.186709690874256,74.34379200003605,249.90790841676454,14.633858409986859,-0.2331757704866504,0.3893269607762643,0.9999909519435497
347,19481600,8651209,2.251893348085799,113.04374999997435,164.35319566543234,14.210264454664914,-0.4451951302119064,0.08101337672442063,0.9999943172198797
348,19481600,8560468,2.275763427887354,76.57158299991806,242.63703105785186,14.061215505913273,0.22250307644908962,0.5542953152151837,0.9999904819838256
349,19481600,8342553,2.335208418813761,73.404541000059,253.10561593846174,13.703273653088042,-0.5930149330525967,0.10255053926089303,0.999988844180573
350,19481600,9163112,2.126089913557752,80.88312500001393,229.7030630616312,15.051103810775295,0.24426553358154235,0.5399868798107798,0.9999738499950408
351,19481600,9062394,2.149718937402192,76.75579200008542,242.05471767497784,14.885666885676741,-0.8156802862542298,0.13493870165008995,0.9999929895577704
352,19481600,8560467,2.275763693733064,75.22383400009858,246.98424122433926,14.061213863337713,0.024877708202070803,0.4684547182186941,0.9999916657126602
353,19481600,9144679,2.130375489396621,75.18679200006773,247.1059220412445,15.020826215505913,-0.43430181229363507,0.27720741484697115,0.9999934422050399
354,19481600,9041514,2.1546833859904435,79.07733300010023,234.94850999181335,14.85136990801577,-0.3958859083900401,0.3092534712333144,0.9999943360448632
355,19481600,9392549,2.0741547369090116,112.96149999998306,164.47286520188547,15.427971419185283,0.08358824502892648,0.48157871743381,0.9999908746339157
356,19481600,9219435,2.113101290914248,78.66358399996898,236.1842750834659,15.143618593955322,-0.539478152803311,0.2630615017751038,0.9999951870557836
357,19481600,9308377,2.092910504162004,80.55291700009093,230.64467749167952,15.289712549277267,-0.44820251553945156,0.2301954368653299,0.9999945537088397
358,19481600,9343195,2.085111142387588,76.2000419999822,243.82009609003023,15.346903745072273,-0.4811411130444345,0.24659090767779585,0.9999939763731159
359,19481600,8836039,2.2047888199678614,73.81216600003881,251.70784938746047,14.513861695137976,-0.011034902826884796,0.37161081421490866,0.9999895940700216
360,19481600,9328185,2.088466298642233,75.02179200002956,247.6493971577309,15.322248685939552,-0.23404256846069105,0.4145386366967256,0.9999947902871225
361,19481600,8633895,2.256409187278743,73.50070800009689,252.77445711782133,14.181824901445466,-0.5364297381432235,0.12552145459352104,0.999991496093823
362,19481600,9408731,2.070587415029721,85.057875000075,218.428941029665,15.454551576872536,-0.2766598294729554,0.3051731573782429,0.9999935547629107
363,19481600,8946114,2.177660602134066,78.70770800002447,236.0518688016455,14.694668199737189,0.06056254779201975,0.4595319358250546,0.9999881008208221
364,19481600,9253130,2.105406494883353,78.64345899997716,236.24471505640918,15.19896517739816,-1.1080768330668183,0.20513085861485064,0.9999954205043036
365,19481600,9222710,2.112350925053482,77.72554200005288,239.03469933329458,15.14899802890933,-0.061983702273609165,0.3077648617461015,0.9999933614876303
366,19481600,9061780,2.1498645961389484,80.2659579999272,231.46925577736022,14.884658344283837,0.16186702900412064,0.5874929907006933,0.9999948241245681
367,19481600,9122153,2.1356361815023273,81.89433300003657,226.86675477888932,14.98382555847569,-1.2487184530500177,0.13084794496683258,0.9999942368108538
368,19481600,8588486,2.2683392625894716,74.4681670000773,249.49051804216847,14.107237187910643,0.34954684827223925,0.6041440343829491,0.9999660758676072
369,19481600,8890372,2.1913143791958314,76.17099999993115,243.91305828355664,14.603107752956635,0.2359308892368569,0.5867570620132762,0.999991476523713
370,19481600,9372633,2.0785621286995872,158.9360000000397,116.89674814073186,15.39525788436268,-0.4870022158823646,0.32039774001885796,0.9999960671626464
371,19481600,8571943,2.2727169324387715,74.9886249999463,247.75893093803634,14.08006406044678,-0.139629043786214,0.3914893385047433,0.9999943449579408
372,19481600,8911237,2.186183579226992,74.53012499991019,249.28311286909005,14.637380091984232,-0.1504589459642227,0.3542797750463158,0.9999899413090209
373,19481600,9098135,2.1412740083544595,75.5213749999939,246.0111665406185,14.94437417871222,-0.2690029150665776,0.40832420902525823,0.9999920342906997
374,19481600,9246472,2.1069225105532143,75.69512500003839,245.44647442606876,15.188028909329828,-0.27256886397543334,0.3248649725826245,0.9999951945755599
375,19481600,8937113,2.1798538297546424,74.27658300002804,250.13403702877645,14.679883377135349,-0.6871957905379376,0.21526848342403895,0.9999944990107223
376,19481600,9072442,2.1473380595874847,75.58837500005211,245.79310724019655,14.902171484888305,-0.4459168652255352,0.1450664959033291,0.999995468821841
377,19481600,8445524,2.3067366808737977,137.0206670000016,135.59342520570115,13.872411300919842,0.07258825005193992,0.4926614115719958,0.999993308085514
378,19481600,9115355,2.1372288846676843,76.36712500004705,243.2866441219118,14.972659329829172,-0.9171708673562615,0.208338988528749,0.9999943421478781
379,19481600,9424091,2.0672126362107495,76.16045800000393,243.94682031060057,15.479781537450723,-0.44534042339043256,0.2203055753952018,0.9999940468011163
380,19481600,9424043,2.0672231652593265,77.07841600006304,241.04155905960502,15.479702693823915,-0.29937496746878267,0.29739845630094813,0.999994424845958
381,19481600,9174630,2.123420781001523,78.05291600004693,238.03212633963383,15.07002299605782,-0.1745594353225277,0.32055027067137826,0.9999930705873383
382,19481600,9377804,2.077415992059548,77.32416700002887,240.2754828576823,15.403751642575559,-0.3885597230755313,0.29310285599927666,0.9999948470817543
383,19481600,9310426,2.0924499050849015,75.52441600000748,246.00126087036756,15.293078186596583,-0.6680130797794115,0.12489261458138198,0.9999942719644185
384,19481600,9137003,2.1321652187265343,164.17954200005624,113.16331703796345,15.008217805519054,-0.4900990876292257,0.17929749060039268,0.9999943155442569
385,19481600,8640035,2.254805680764025,76.62204200005363,242.4772438521933,14.191910315374507,-0.24841936922218344,0.32147193320174794,0.9999907712210091
386,19481600,9436842,2.064419431839592,74.67033300008552,248.8150355841954,15.500726018396847,-0.3442901594556713,0.27334013806764706,0.9999941935617315
387,19481600,9202902,2.1168974742966946,75.52079200002026,246.01306567991256,15.116461892247044,-0.11641249266925291,0.3745545851777871,0.9999945058401386
388,19481600,9309194,2.0927268246853594,75.22662499991384,246.97507780684404,15.291054533508541,-0.37880109360651204,0.29286743364814805,0.999994060738332
389,19481600,9289946,2.0970627816351137,75.23400000002312,246.950867460115,15.259438239159001,-0.46728301982173237,0.2688819439975681,0.9999966341865407
390,19481600,9263163,2.103126113617994,76.01258299996516,244.42139484338423,15.215445137976348,-0.3341157082147248,0.27177098025226487,0.9999955961877307
391,19481600,9171353,2.124179496743828,78.95700000005945,235.30657905551135,15.064640275952694,-0.26850988085536986,0.2541924195018008,0.999993701382731
392,19481600,9225114,2.1118004612192327,91.83474999997543,202.31014471651494,15.152946780551906,-0.5857269616932896,0.2700065490163373,0.9999936829387932
393,19481600,9288409,2.09740979321647,75.71537500007253,245.38083001612557,15.256913600525625,-0.2547647505375634,0.36227636406755576,0.999993717590989
394,19481600,9274425,2.100572272674586,76.81908399990789,241.85528640932867,15.2339438239159,-0.11244963788381401,0.3262278966891434,0.9999933802796058
395,19481600,9331723,2.0876744841226,81.06120800005101,229.19842944467726,15.32806011826544,-0.5341392221861343,0.24408723960147688,0.9999951303531015
396,19481600,9226390,2.1115084014441186,76.38258300005418,243.23740874914927,15.15504270696452,-0.2444320457540765,0.3024009186045096,0.9999944435344101
397,19481600,9331420,2.087742272880226,76.58591699998851,242.59161854134078,15.327562417871222,-0.2575473512597808,0.27384155467650617,0.9999946573885363
398,19481600,9244890,2.1072830504202864,80.8999999999287,229.6551491040343,15.18543035479632,-0.6233943357024732,0.18590583483156256,0.9999942664184934
399,19481600,8847765,2.2018667991294976,101.36783400002969,183.2839948271417,14.533122536136663,-0.32571554364002075,0.3527697778552437,0.9999931769955608
400,19481600,8860824,2.1986217083196777,75.17995899991092,247.12838114905082,14.554572930354796,-0.581763685554604,0.1834051930394071,0.9999944069068609
401,19481600,9122869,2.135468568056825,82.72666699997444,224.58419076046832,14.985001642575558,-0.097736960235552,0.34438273311013506,0.9999894125690916
402,19481600,9293066,2.0963587259576117,434.8675420000063,42.723587686155085,15.264563074901446,-0.45276570127264004,0.22346992930383971,0.9999918892005438
403,19481600,9147594,2.1296966174930807,79.83945800003767,232.70575762790418,15.02561432325887,-0.6881286493238934,0.22952386604355451,0.9999976358364139
404,19481600,9159276,2.126980342114377,78.20812500006014,237.55973644024473,15.044802890932983,-0.7319525633977719,0.07775661013608388,0.9999942364949517
405,19481600,9191224,2.119587119191089,77.25229200002559,240.4990335107966,15.097279894875165,-0.0857214049980688,0.39442581208494826,0.9999925447688128
406,19481600,9085144,2.1443358520239193,74.26937499997166,250.1583130665512,14.923035479632063,0.23186870424172623,0.5287574114315602,0.99997977346953
407,19481600,9270842,2.10138410297576,75.57083399990461,245.85015910401958,15.228058475689881,-0.6525776400802594,0.08331383138999174,0.9999937249936793
408,19481600,8281333,2.352471516360953,73.37841699995806,253.19572596545137,13.60271517739816,0.23711123155251423,0.5531208599810357,0.9999916768327528
409,19481600,9295531,2.0958028110497398,77.03845800006093,241.16658153367123,15.268612023653088,-0.4951137419764393,0.36777744832300796,0.9999950865639574
410,19481600,9244377,2.107399990285987,77.03879199993935,241.16553596160526,15.184587713534823,-0.5329455625735269,0.1268537911582756,0.9999945814420057
411,19481600,9244217,2.1074364654139988,76.66725000001406,242.33426348925508,15.184324901445466,-0.27662623265856534,0.30394369722346964,0.9999910946022071
412,19481600,8852422,2.200708461480937,76.3967909999792,243.19217233227843,14.540772010512484,-0.25299716278406503,0.3631267634048937,0.9999925857551222
413,19481600,9148777,2.129421233023824,76.5171250000094,242.80971824931632,15.027557490144547,-0.09918705454224552,0.44466541293786876,0.9999945515418801
414,19481600,9365930,2.0800497120947945,73.92558300000474,251.32167794332864,15.384247700394218,-0.3379246319629088,0.2641740402475815,0.9999955132793562
415,19481600,9201211,2.1172865180463747,77.53954199995405,239.60809005695455,15.113684296977661,-0.4853297685164326,0.12905090071398004,0.9999949223716972
416,19481600,8588485,2.268339526703487,75.9024579999732,244.7760198030288,14.107235545335085,-0.1486121286330404,0.4022691234746624,0.9999908654998358
417,19481600,9393371,2.0739732306964136,76.59458299997368,242.56417144416577,15.429321616294349,-0.33751473890469197,0.2473394790028075,0.999995303697016
418,19481600,9216888,2.113685226510293,75.64800000000105,245.5993755618092,15.139434954007884,-0.4027410717993374,0.34835170069072063,0.9999952635455447
419,19481600,9255593,2.104846226492457,75.31262499992408,246.69305528148473,15.203010840998687,-0.3828200587507775,0.20205277199051433,0.9999952983119504
420,19481600,9311045,2.092310798626792,77.41516700002649,239.9930437725936,15.29409494086728,-0.5938726263473204,0.24494012819925481,0.999995958155178
421,19481600,9044441,2.1539860782993663,75.9309590000612,244.68414210974245,14.856177726675426,-0.010657773477430244,0.4222259637249993,0.9999942595867441
422,19481600,9069227,2.148099281228709,81.31704200002332,228.47734134862742,14.896890604467805,-0.9163190560685295,0.17628820201926473,0.999991859672739
423,19481600,8977205,2.1701186505153887,75.5130409999083,246.03831757381565,14.745737516425756,-0.29563819673437086,0.2673792213063191,0.999991344360251
424,19481600,9369832,2.0791834901628974,73.62895800008573,252.3341639912705,15.390657030223391,0.08648309395295095,0.4644114457984312,0.9999959308639844
425,19481600,9121945,2.1356848786086737,77.68754199992145,239.1516205071694,14.983483902759527,-0.546884364738565,0.2311793719435354,0.9999930557250873
426,19481600,9110071,2.1384685146800724,77.48237499993138,239.78487446359838,14.963979960578186,-0.1779985420414194,0.3687050331717253,0.9999937373411778
427,19481600,9358858,2.0816214969817897,76.04779199994027,244.3082313621228,15.372631406044679,-0.6368075221130163,0.21255533545238028,0.9999935611627615
428,19481600,8952005,2.1762275601946155,75.44454200001383,246.26170522045976,14.704344612352168,-0.028083408336010418,0.36490933649887697,0.9999924650437403
429,19481600,8923640,2.1831449946434414,74.20079199994234,250.38953172513897,14.657752956636005,-0.2944640734367794,0.30001915971646487,0.9999924414030561
430,19481600,9221336,2.1126656701371687,74.8857499999076,248.09929208858728,15.146741130091984,-0.158412378172603,0.40101877768035826,0.9999924800606492
431,19481600,9026201,2.1583388182913277,76.21991600001365,243.75652109740807,14.82621714848883,-0.7507629026605256,0.19503676924000415,0.9999920544912959
432,19481600,8674295,2.2459000990858624,83.99424999993244,221.1949218251838,14.248184954007884,0.2359150188499496,0.5431272024119602,0.9999826916684743
433,19481600,9121130,2.1358757083826236,90.77166700001271,204.67952365023106,14.98214520367937,-0.3083942891353577,0.20640121143930312,0.9999918526928683
434,19481600,9238583,2.1087216513614697,91.89691699998548,202.17328468704707,15.175070630749014,-0.17014739458499584,0.36711884355468716,0.9999908074960476
435,19481600,8902857,2.188241370157917,89.26304199997048,208.13879009978334,14.623615308804204,0.24407289255864062,0.555561316253775,0.9999760411126004
436,19481600,9325018,2.0891755919398762,93.34437499990145,199.0382555190885,15.31704664914586,-0.8295752441075628,0.15547544562159574,0.999991458159102
437,19481600,9092615,2.1425739459990334,91.25620899999376,203.59273923488615,14.935307161629435,-0.16593236530571942,0.29917035857240853,0.9999947929241096
438,19481600,8664982,2.248313960721442,79.47379100005492,233.77646049987928,14.2328876478318,0.36096164857925317,0.6111678774800652,0.9999752862375383
439,19481600,8897946,2.189449115559928,83.2242919999544,223.24132913633173,14.615548620236531,-1.3905146229003926,-0.06350331683422139,0.9999939713559498
440,19481600,9130553,2.133671421654307,78.42170799995074,236.91273802034087,14.997623193166886,-0.17830084553359948,0.38849578511005645,0.9999920797356904
441,19481600,9288105,2.09747844151202,77.24374999997963,240.52562909626863,15.256414257555848,-0.18717321288776723,0.38026505243921827,0.9999962886577215
442,19481600,8431560,2.3105570025001305,74.83433400000195,248.26975225702571,13.849474375821288,-0.22571406860957888,0.28250066688049347,0.9999848394564991
443,19481600,8886059,2.1923779709317706,75.68204200003947,245.48890425671007,14.596023324572931,0.09416190105710354,0.49766818836019877,0.999983725554099
444,19481600,9299369,2.094937839330819,75.12450000001536,247.3108182083901,15.274916228646518,-0.5053667295326616,0.30213685706719146,0.9999959919926166
445,19481600,9131320,2.1334922004704686,79.68995899989295,233.14231548952054,14.998883048620236,-0.2532463115216672,0.28546903901177817,0.9999927891234041
446,19481600,9071164,2.147640589454672,79.25216699993598,234.43020255225335,14.900072273324573,-0.3553213660476455,0.32631546621019036,0.9999936400686387
447,19481600,9181450,2.1218434996650855,78.37270800007445,237.0608600443199,15.081225361366624,-0.6404233358830393,0.0799665507841215,0.9999925490712033
448,19481600,9204231,2.1165918152206307,78.66404200001398,236.18289996459498,15.118644875164257,-0.06572812692377061,0.43702099597176947,0.9999941266677111
449,19481600,9249339,2.106269431793991,76.91870799999379,241.54203893416283,15.192738173455979,-0.30869675712861566,0.311144074530741,0.9999940957118073
450,19481600,8881913,2.1934013539650747,75.46845800004576,246.1836647369784,14.58921320630749,-0.517993190583603,0.11924919767763872,0.9999921165078933
451,19481600,9358556,2.081688670773568,74.76137499998003,248.51203662994376,15.372135348226019,-0.04556588733992162,0.3857600747844548,0.9999939229375445
452,19481600,9262043,2.103380431293614,74.23954199998661,250.25883864562837,15.213605453350855,-0.5554672144606079,0.17811834409327926,0.9999938012869851
453,19481600,9380472,2.076825132040264,138.79120900003272,133.86367693140866,15.408134034165572,-0.06165504272644151,0.343188021452123,0.9999940548115018
454,19481600,9393627,2.0739167097011624,75.80954200000178,245.0760296441253,15.42974211563732,-0.6249120673995581,0.15274371288537988,0.9999932190385014
455,19481600,9316875,2.091001542899309,77.14962500006095,240.81907802514039,15.303671156373193,-0.6732746256257542,0.2352121655261703,0.999991841442375
456,19481600,9309707,2.0926115075372405,76.07333300006758,244.22620686914684,15.291897174770039,-0.4223125598576134,0.2446277243040384,0.9999930677077778
457,19481600,9380774,2.0767582717588122,75.70649999991019,245.40959577476227,15.40863009198423,-0.19924122202923944,0.35521791940248554,0.9999944692443424
458,19481600,9360907,2.081165852838833,75.51633299999594,246.02759197140836,15.375997043363995,-0.3458402011589845,0.21070816945495605,0.9999952550496559
459,19481600,9055176,2.1514325066680096,74.37254199999188,249.8113021671631,14.873810775295663,-0.6040944592179045,0.14419532889529424,0.9999870144541375
460,19481600,9325787,2.089003319505367,146.5518750000001,126.77491545229282,15.318309789750328,-0.43564032845262246,0.2529306509395996,0.9999933793858815
461,19481600,9018568,2.1601655606522012,76.14000000000942,244.0123662003901,14.813679369250986,-0.20258482394120425,0.2541904717363482,0.9999888079998749
462,19481600,9071515,2.1475574917750784,77.3517920000586,240.1896721731531,14.900648817345598,-0.0908527713506393,0.39880486300656387,0.9999800471452694
463,19481600,9254055,2.10519604648989,75.32162500001505,246.66357852072747,15.20048455978975,-0.6059849390809386,0.07724899500615423,0.9999931543373611
464,19481600,9391019,2.0744926615524895,77.7664580000419,238.90893375251824,15.425458278580814,-0.3950631625897161,0.20524976345202306,0.9999911655224383
465,19481600,9373146,2.078448367282447,75.98216700000648,244.51923781666315,15.39610052562418,-0.5249826161782356,0.20589841630248676,0.99999358839342
466,19481600,9449177,2.0617245290251205,75.57424999993145,245.8390465339299,15.520987187910643,-0.14753415312346974,0.4128437349510584,0.9999947476641272
467,19481600,9251541,2.1057681093344343,81.51283299991974,227.92854669298876,15.196355124835742,-0.5358788966446224,0.1840233860934493,0.9999909505851116
468,19481600,9379541,2.077031274771335,93.27104099997996,199.1947485876564,15.40660479632063,-0.18510635119114838,0.29673018095036213,0.9999951729525643
469,19481600,9184569,2.1211229400094878,75.60779200002798,245.72998458271502,15.086348554533508,-0.38541688895850146,0.3042347994648,0.9999940658309208
470,19481600,8890358,2.191317829945656,75.3784999999425,246.47746456236422,14.603084756898816,-0.35030502740633107,0.2516733836811265,0.9999916937703512
471,19481600,9341146,2.0855685158973,75.98841700007597,244.49912626132777,15.343538107752957,-0.27813317079349575,0.3124275847901099,0.9999949185851529
472,19481600,8869876,2.196377942600325,75.6742909999275,245.5140486551476,14.569441524310118,-0.23053692316413765,0.30288858778344924,0.9999899117447547
473,19481600,8780376,2.218766030065227,75.13008399996579,247.29243697515977,14.422431011826545,0.34897418193627905,0.6133719048878787,0.9999745145177029
474,19481600,9322874,2.0896560438336933,83.71820800005025,221.92426243152323,15.313524967148489,-0.6656615926188576,0.0730757928843244,0.999991532995326
475,19481600,8289222,2.350232627380471,101.31733299999723,183.37535160445358,13.615673455978975,0.4392491257674527,0.673434082763561,0.9999756017331926
476,19481600,9287483,2.0976189135420222,75.77308400004767,245.1939472661336,15.255392575558476,-0.7469665236756593,0.28148081252012275,0.9999964117439105
477,19481600,9006488,2.1630628942158143,75.4970839999487,246.0903200249777,14.7938370565046,-0.24753950772748756,0.2638077242184373,0.9999913496638447
478,19481600,9052114,2.15216025781381,75.53670799995871,245.96122937354056,14.86878120893561,0.13196812585013828,0.4967966135091571,0.9999850445609927
479,19481600,9349286,2.0837527058215994,74.88375000002634,248.10591834000655,15.356908672798948,-0.27864046025005806,0.4053199713874209,0.9999910223108239
480,19481600,9501419,2.0503884735532663,140.4594169999882,132.27380519813462,15.60679862023653,-0.2834235199752,0.2787587982463813,0.9999939966724316
481,19481600,9198185,2.117983058614281,76.3400419999698,243.37295442550777,15.108713863337714,-0.3052784592332203,0.36343610604140514,0.9999880794667806
482,19481600,9349690,2.08366266689056,105.60612500000843,175.92825759394654,15.357572273324573,-0.6774368671403936,0.22398191696199948,0.9999929454332289
483,19481600,9231512,2.1103368548944097,75.19095800000741,247.09223099003697,15.163455978975033,-0.3923306274481131,0.22549073259694455,0.9999959527362302
484,19481600,9386316,2.0755320830877633,74.62629200006177,248.96187475701757,15.417733245729304,-0.2273747352326363,0.21386908535470464,0.9999901015986145
485,19481600,9312058,2.0920831893443963,73.36737499997525,253.23383264708963,15.295758869908015,-0.08892008324584944,0.44321197283552116,0.9999853161424234
486,19481600,9471100,2.0569522019617574,76.28737499999261,243.5409733589837,15.556997371879106,-0.5727405196996247,0.22538032771665112,0.9999926738476616
487,19481600,8706037,2.2377116017310748,79.52008300003399,233.64036934533956,14.30032358738502,0.17824973958060275,0.49229992546912726,0.999975026972829
488,19481600,9323690,2.089473159232021,76.91379200002757,241.55747726614936,15.314865308804205,-0.34020716153703123,0.23000998146492527,0.9999888640501438
489,19481600,8877670,2.194449669789483,75.61237499999152,245.71509045314454,14.582243758212877,0.20494179617442143,0.5498698892418817,0.9999800620256808
490,19481600,8624420,2.2588881339266873,103.68258400001196,179.19211545207878,14.16626149802891,0.06974755676286082,0.4845058740635433,0.9999914979222067
491,19481600,9049609,2.1527559919992125,75.41991699997652,246.34211096394847,14.86466655716163,-0.395860032524475,0.21216351055306504,0.999993077494226
492,19481600,8836102,2.204773100174715,73.67229200008296,252.18574118040306,14.51396517739816,0.4142847292497819,0.6579754499070481,0.9999816189717305
493,19481600,9064549,2.14920786461632,74.32349999999133,249.97613893993378,14.889206636005257,-0.3733965689207881,0.26492852683100004,0.9999933713964555
494,19481600,8821512,2.2084195997239475,77.76216600007047,238.92212007678856,14.49,-0.47675778283424064,0.2098391080092333,0.999994071634657
495,19481600,8865175,2.197542631702138,76.01175000002058,244.42407341621484,14.561719776609724,0.3290593545139041,0.6030609841810032,0.9999839628559685
496,19481600,9405515,2.0712954048768197,76.2405000000399,243.69070982601474,15.449269053876478,-1.0016788159845151,0.10775728304823155,0.999994425017692
497,19481600,9414475,2.0693240993257724,87.8101669999296,211.58257861546824,15.46398653088042,-0.12138749007708904,0.3352043968641636,0.9999937608996209
498,19481600,9195577,2.118583749556988,73.92929200000253,251.30906924550777,15.104430026281209,-0.7833044224944241,0.19676130253670887,0.9999907107251603
499,19481600,8945043,2.17792133587284,75.30774999997902,246.70902480163298,14.69290900131406,-0.03172054706960292,0.41256831014425516,0.9999899798438342
500,19481600,9361834,2.0809597777529487,78.00720800003091,238.1716002768954,15.377519710906702,-0.41642395963544687,0.28401924337563245,0.9999908774899555
501,19481600,9188763,2.120154802120808,81.22062500001448,228.7485667894908,15.093237516425756,-0.7393334341445543,0.10279997702576549,0.9999950720479828
502,19481600,9271256,2.101290267467536,76.69187500005137,242.25645236196866,15.22873850197109,-0.3039935492057384,0.3406019873768037,0.9999929952401017
503,19481600,8938442,2.179529721175122,75.48366699995768,246.1340618561949,14.682066360052563,-0.2920578832746783,0.3044224973209847,0.9999926451618163
504,19481600,9291575,2.0966951243465184,118.23162500002127,157.14155635175155,15.262113994743759,-0.167755804794687,0.30138866694089733,0.9999931979297373
505,19481600,9278380,2.0996768832490154,75.29270800000631,246.75831240521248,15.240440210249671,-0.6309052985164645,0.26118947268500464,0.9999909037354567
506,19481600,8925142,2.1827775961435685,73.98233300000356,251.1288953607222,14.660220105124836,-0.11818920030113,0.2900710803322066,0.9999885688737601
507,19481600,9136747,2.1322249592770817,77.1548330000087,240.80282258530593,15.007797306176084,-0.0944171921782131,0.3847966215056063,0.999980173860681
508,19481600,8749001,2.226722799551629,79.73370800004886,233.01439289000098,14.37089520367937,-0.27595833582949214,0.2159799976857089,0.9999907210232194
509,19481600,8919926,2.1840539932730385,77.40150000006452,240.03542001749983,14.651652431011826,0.05316370789965097,0.47976472568209044,0.9999886739488939
510,19481600,9290665,2.0969004909766955,77.9739580000296,238.27316246397223,15.260619250985545,-0.9163576138576071,0.0882931791214107,0.9999932216170974
511,19481600,9177354,2.1227905123851603,78.14345799999955,237.7563271195409,15.074497371879106,0.08425016964151366,0.45886703294557396,0.9999907473019003
512,19481600,9322199,2.089807351248348,105.30616699998063,176.42937818165404,15.312416228646518,-0.5947944478397493,0.25594321584395474,0.9999918199419463
513,19481600,9027082,2.158128174752373,75.037707999968,247.59686906359028,14.827664257555847,0.19184666285204233,0.5143221749519649,0.9999762451046562
514,19481600,9401818,2.0721098834289284,75.51441599991904,246.0338375989019,15.443196452036794,-0.14298689949359789,0.43483955576413924,0.9999906389555128
515,19481600,8975819,2.1704537491230607,78.04287499993734,238.06275156463568,14.743460906701708,0.1865832240154277,0.5206509154048179,0.9999850451783001
516,19481600,9396491,2.073284591024458,79.35900000006768,234.11461286664593,15.434446452036793,-0.4612473048528185,0.1974124127491863,0.9999905848827116
517,19481600,9332136,2.0875820926741744,75.49329200003285,246.10268105001853,15.32873850197109,0.02474323133881029,0.4900407025496473,0.9999903438440275
518,19481600,8956359,2.1751696197081873,75.02004100001614,247.65517740114277,14.71149638633377,-0.4545743100660937,0.21398836196783316,0.999991507840739
519,19481600,8865831,2.1973800312683607,89.97354100006305,206.4951690907328,14.562797306176083,-0.3139151758934222,0.24426008998444884,0.9999848990634854
520,19481600,8950263,2.176651121872061,73.40149999993173,253.1161020213113,14.701483245729303,0.28170387177110545,0.5744774137149914,0.9999759726593618
521,19481600,8761079,2.2236530454753347,75.26933300005112,246.8349435551313,14.390734231274639,-0.30579462262386947,0.28706348794277564,0.9999868578660634
522,19481600,8791495,2.2159598566569167,81.29162499994891,228.54877808767725,14.440694809461235,-0.03152881029824317,0.43613603563785436,0.9999929942321648
523,19481600,8755491,2.225072243235702,75.74912500001574,245.27150066084778,14.381555519053876,-0.03267713389813642,0.425171854116173,0.9999882930597619
524,19481600,9203469,2.1167670581603524,78.95650000000387,235.3080691583225,15.117393232588698,-0.11035753386423752,0.3410996918584313,0.9999760364686117
525,19481600,9280118,2.099283651350123,77.66270800004804,239.22809339185685,15.243295006570301,0.0058926351279130484,0.45336314343957884,0.9999836238923174
526,19481600,9173766,2.1236207681774313,76.42520799993235,243.10174677596487,15.068603810775295,-0.3110789332597208,0.31701660897320966,0.9999923712948855
527,19481600,9394139,2.0738036769521933,109.29012500002955,169.99798986866358,15.430583114323259,-0.3606743234345029,0.18440789210608274,0.9999939697293716
528,19481600,8965527,2.1729453271402783,74.64633400002185,248.89503029706137,14.726555519053877,0.34767881271156964,0.6223885241178605,0.9999835645385142
529,19481600,9236842,2.109119112354634,78.22620800004643,237.50482143387256,15.172210906701709,-1.387182147665234,-0.06843204305044441,0.999994787474293
530,19481600,8488600,2.2950309827297786,76.07200000006742,244.2304864139701,13.94316688567674,0.3002413145990763,0.5767664603738005,0.9999743396348693
531,19481600,9298954,2.0950313336317183,76.11358400004065,244.09705319473693,15.27423455978975,-0.2720768345250886,0.3636063793878446,0.9999894938031321
532,19481600,8831483,2.205926230056719,78.3924999999499,237.00100854688742,14.506378120893562,0.28353673504857446,0.5716580478459271,0.9999729487204364
533,19481600,9083845,2.1446424944503124,74.7300840000662,248.6160936535752,14.920901773981603,0.027846071865592514,0.46025879207892406,0.9999845550885605
534,19481600,9440475,2.063624976497475,106.6560419999405,174.19642820151122,15.50669349540079,-0.5465083347400299,0.3220340161686303,0.9999919994354907
535,19481600,9344522,2.0848150392283307,77.4575420000474,239.8617498408177,15.34908344283837,-0.29573537891576285,0.288599415757615,0.9999906828494076
536,19481600,8639730,2.2548852799798142,76.27954199995202,243.56598211499076,14.191409329829172,0.04001627875861469,0.42312232936489613,0.9999901566107448
537,19481600,9200490,2.117452440033085,75.61333399996784,245.71197406145197,15.1125,-0.2261358835941556,0.3397364256008541,0.9999896977690469
538,19481600,9036346,2.1559156765356264,76.10691600007158,244.11843941334484,14.842881077529567,-0.7174210707154163,0.18934644033068584,0.9999875958319268
539,19481600,8867058,2.1970759636398003,76.83383300002333,241.80885993927126,14.564812746386334,0.07288219237046556,0.4333702323220038,0.9999855080290855
540,19481600,8913139,2.18571706331518,74.8930830000063,248.07499996359394,14.640504270696452,0.24125452456752305,0.5843420842638484,0.9999858086002714
541,19481600,8915800,2.1850647165705825,115.54570900000272,160.79438798111977,14.644875164257556,-0.43567991633628633,0.23606988295435882,0.9999897477165667
542,19481600,8970391,2.171767094656186,77.75870799991935,238.9327451597996,14.734545006570302,0.018078308471994098,0.4841893884670501,0.9999909089872444
543,19481600,9528252,2.044614269227976,77.82404200008841,238.73215891920512,15.65087385019711,-0.65498648640159,0.2312511931160362,0.9999944456644061
544,19481600,8966180,2.1727870732017425,74.87883400006012,248.12220717118916,14.727628120893561,0.01780029166951913,0.40465424965052915,0.9999882803338863
545,19481600,9191692,2.119479199259505,79.28720799998246,234.3265960696221,15.098048620236531,-0.2478526954385749,0.3083818230205835,0.9999885581452235
546,19481600,9406331,2.071115719827423,75.40125000002718,246.4030975944471,15.450609395532194,-0.4338238369097758,0.293233065069772,0.9999924807761409
547,19481600,9129320,2.1339595939237532,75.02191700007188,247.64898452917697,14.995597897503286,-0.06958845381836354,0.3933636387796665,0.9999915744053467
548,19481600,9470540,2.057073831059264,74.68858300001102,248.7542381477134,15.55607752956636,-0.2535312547714197,0.28982184667778693,0.9999811343606629
549,19481600,9222359,2.1124313204463196,156.01283399996646,119.08700769132874,15.148421484888305,-0.30328957830319103,0.36907679734606186,0.9999918442892238
550,19481600,9391432,2.0744014331360754,76.66445800009569,242.34308892494627,15.426136662286465,-0.039482175355972204,0.3966778201024675,0.9999916392351506
551,19481600,9054619,2.1515648532533507,77.81679200002145,238.75440101019427,14.872895860709592,-0.5806472234542939,0.1996427301905889,0.9999905054968647
552,19481600,8773366,2.2205388444982233,74.02454200007469,250.98570096497528,14.41091655716163,-0.03969162305750484,0.3959768155551007,0.9999912019206688
553,19481600,8730104,2.231542717016888,78.71499999998832,236.03000142924165,14.339855453350854,-0.34071180255644506,0.3124864423111341,0.9999935898381277
554,19481600,9365818,2.0800745861173042,85.55550000005496,217.15847096315332,15.384063731931668,-0.436234201997854,0.19144028843819907,0.9999911801853024
555,19481600,9028710,2.157739034701524,74.6190419999948,248.98606393929975,14.830338370565046,-0.17101808890300463,0.31023621270605084,0.9999913194704022
556,19481600,8792778,2.2156365144212673,155.52454099997703,119.46089950204542,14.442802233902759,0.1595499852731187,0.5231798523412022,0.9999733253717679
557,19481600,9373658,2.078334840037902,78.9734170000429,235.25766350580864,15.396941524310119,-0.411389020292696,0.2562117767387451,0.9999920611595194
558,19481600,9079958,2.145560585192134,78.35883300003843,237.10283641527545,14.914517082785808,0.03286183658638109,0.4268378134898009,0.999988698742782
559,19481600,9280313,2.0992395407353177,75.21987500001615,246.99724058961826,15.243615308804205,-0.3051969881811343,0.3284135311989485,0.9999939754007404
560,19481600,9295370,2.0958391112994965,75.30570899996292,246.71571132155663,15.268347568988174,-0.31115106279138494,0.300639983624257,0.9999914135841903
561,19481600,9061571,2.1499141815475484,77.30574999993678,240.3327250885632,14.884315045992116,-0.20807368078005894,0.36640052448314675,0.9999899569037662
562,19481600,9419643,2.0681887837999806,75.30229200006033,246.72690656593977,15.472475361366623,-0.13199605732679176,0.3410447867106405,0.9999886117467517
563,19481600,9211448,2.114933504482683,143.2320000000118,129.71334312512894,15.130499342969777,-0.21810501413406524,0.3847342232098402,0.9999917779988566
564,19481600,9458347,2.0597256581937624,76.91508299990346,241.5534227860525,15.536049605781866,-0.5114978073485383,0.24861632981955087,0.9999943786657175
565,19481600,9148007,2.129600469260682,76.84199999994235,241.7831597630715,15.02629270696452,-0.4296592809419473,0.2448850422161973,0.9999930509529005
566,19481600,9127013,2.1344989866892927,75.03545800000211,247.60429345949322,14.991808475689881,0.15330625847039347,0.4854452647914902,0.9999921366607439
567,19481600,9458249,2.0597469996824995,74.81158300004154,248.34525373550355,15.535888633377136,-0.5231281040920395,0.323117179251813,0.9999952761442114
568,19481600,8893736,2.19048552824145,74.14541700006794,250.5765334421543,14.608633377135348,-0.18005555242264148,0.28486241265572093,0.9999910161693333
569,19481600,8884520,2.192757740429421,73.71495799998229,252.03977681849136,14.593495400788436,-0.4643288253409119,0.200381756513865,0.9999901820800781
570,19481600,9110839,2.138288252047918,77.39987499996914,240.0404595292616,14.965241458607096,0.09561992657615725,0.5044890228181427,0.9999899358176554
571,19481600,9312683,2.0919427838357647,101.25591600001371,183.48657832987737,15.296785479632064,-0.43642720698213755,0.2629549399305347,0.9999926714176856
572,19481600,9358089,2.081792554013966,76.12300000005234,244.0668597202846,15.37136826544021,-0.5047969342788656,0.23141024206124644,0.9999929377115975
573,19481600,8822610,2.2081447553501743,75.17250000000786,247.15290249091169,14.491803547963206,0.033502483944974126,0.41281280677851,0.9999854205723742
574,19481600,9091483,2.142840722465191,75.19020899997031,247.09469237553705,14.93344776609724,-0.06438161256993236,0.4086947398071392,0.9999902062778689
575,19481600,9086874,2.143927603706181,75.01975000002403,247.6561380502341,14.925877135348227,-0.6479173554868514,0.24729712592971875,0.9999912485003593
576,19481600,9374891,2.07806149426164,75.19687499996053,247.07278809803935,15.398966819973719,-0.10955545439854264,0.32710709735691146,0.9999906375779669
577,19481600,8929321,2.1817560372171636,79.95862500001749,232.3589426718623,14.667084428383706,-0.09436665866596061,0.4343371904546697,0.999991243819201
578,19481600,8952006,2.176227317095185,100.06316699991658,185.6737310994313,14.704346254927726,-0.1818449970898104,0.32151249646710045,0.999983637609191
579,19481600,9256090,2.1047332080824623,75.84254099992904,244.9693973533585,15.203827201051249,-0.9413876780491335,-0.007996378785145907,0.9999917485385962
580,19481600,9288502,2.0973887931552366,76.00079199994525,244.45931514126042,15.257066360052562,-0.3436293304497544,0.3131089957456127,0.9999924981723544
581,19481600,9375451,2.0779373706928874,76.71641699994325,242.17895320259476,15.399886662286464,-0.22656451611771766,0.3031204656329579,0.9999882456292718
582,19481600,9225993,2.1115992609142453,76.20416700001442,243.8068978891467,15.154390604467805,-0.19490633584853811,0.35118475226722606,0.9999848182500031
583,19481600,9290554,2.0969255439449572,77.02020800002174,241.22372614852918,15.260436925098555,-0.12132252433117574,0.35224412229324087,0.9999907773115126
584,19481600,9133114,2.1330731227049173,81.02620800002569,229.2974337697515,15.001829829172141,-0.435027636731524,0.2678995447625395,0.9999922089505471
585,19481600,9426700,2.0666404998567898,87.90995799995471,211.3424006243931,15.484067017082786,-0.14537865243177528,0.3059050442615438,0.9999917135553719
586,19481600,9501820,2.05030194215424,79.41395900002135,233.9525921695329,15.60745729303548,-0.38773294561976845,0.26858982537354814,0.9999925285921197
587,19481600,9163929,2.125900364352452,75.99545799996577,244.47647335066222,15.05244579500657,-0.30486623272601543,0.28752382407824506,0.9999907342102992
588,19481600,8907556,2.187087007928999,73.76295799997479,251.87576618749955,14.631333771353482,-0.04361275324739422,0.488354012128695,0.9999892178194848
589,19481600,8809882,2.2113349531809847,74.96291600000404,247.84390140985175,14.470896846254927,-0.23347260805815262,0.2733678194336517,0.9999886392446926
590,19481600,8510181,2.2892110050303276,74.88762500008761,248.09308029835722,13.978615308804205,-0.007692471956937341,0.4745072223834856,0.9999830404434934
591,19481600,8812442,2.2106925639907757,79.66654100005144,233.21084773202347,14.475101839684626,-0.4739562452444772,0.11782924756373024,0.9999913164283639
592,19481600,9122309,2.135599660129908,75.94066700005442,244.65286251023693,14.984081800262812,0.03661092514012931,0.47751869670480457,0.9999924038878151
593,19481600,8598100,2.2658029099452204,106.8958329999532,173.80566707879188,14.123028909329829,-0.2816795822955853,0.3202986634877129,0.999987000353732
594,19481600,8656677,2.250470937058181,74.7567920000165,248.52727177613372,14.21924605781866,0.34823081141068224,0.6268902794252806,0.9999817320907086
595,19481600,8331098,2.338419257581654,73.07337500003541,254.25268180771718,13.684457950065703,-0.11633803812034915,0.3759159807901168,0.9999839570136162
596,19481600,8146854,2.391303440567365,71.91245799992885,258.35720373399533,13.381823258869908,0.4558118777710789,0.693573990801412,0.9999752195014396
597,19481600,9122713,2.1355050849456734,76.60808299999644,242.52142639440362,14.984745400788436,-0.299957715453516,0.292674891508135,0.9999907145364424
598,19481600,9108375,2.1388667023481136,78.68879099999049,236.1086163148986,14.961194152431013,0.27132416038908536,0.5745302015381827,0.9999806346402145
599,19481600,8604521,2.264112087122572,76.30749999998443,243.47674294799057,14.133575886990801,0.18357582548407803,0.5346723918064917,0.9999836779925694
600,19481600,9466284,2.057998682481954,97.03224999998383,191.47346951661015,15.549086727989488,0.3304304694080493,0.61447019962895,0.9999843453806613
601,19481600,8923498,2.18317973512181,74.8276670000223,248.29187261036031,14.657519710906701,-0.14322284230948568,0.3851289540916879,0.9999905757169832
602,19481600,8397954,2.319803133001205,72.69591599992964,255.5728379915865,13.794273981603153,0.2831283081294662,0.6031712647840881,0.9999814312377018
603,19481600,9455948,2.060248216254996,76.32158299998082,243.4318161679727,15.532109067017084,-0.4654886525406381,0.21582522016071365,0.9999925652555294
604,19481600,9136136,2.1323675567001192,77.34029200003079,240.22538682026962,15.006793692509856,0.19420356324624433,0.5404234946070232,0.9999834932325535
605,19481600,9162087,2.1263277678982964,76.87099999998281,241.6919457598334,15.049420170827858,-0.1683517552382876,0.39119421909352325,0.9999914744987352
606,19481600,9411851,2.069901021595008,75.12374999998883,247.31328724275295,15.45967641261498,-0.18034931841787993,0.3437598996366571,0.9999881107494101
607,19481600,9250007,2.106117325100403,74.61487499995201,248.99996900768045,15.19383541392904,0.31200865331763017,0.6005546198990553,0.9999820451805002
608,19481600,9056611,2.1510916169414807,101.72629199996663,182.63814788910318,14.876167871222076,-0.03314597697973509,0.48174065195183097,0.9999903852461028
609,19481600,9069116,2.1481255725475337,407.44324999991477,45.59923759322037,14.896708278580816,-0.05860216991156486,0.37262610125831774,0.9999867011552387
610,19481600,9035576,2.156099400857234,78.94275000001016,235.34905437798415,14.84161629434954,0.12824687409183833,0.5238709003214178,0.9999812631403127
611,19481600,9065205,2.149052338033172,81.65833399993971,227.5224175221811,14.890284165571616,-0.14853891896311366,0.3933178949109842,0.9999887572881745
612,19481600,9113144,2.1377474118701514,74.91445899995597,248.00421454703317,14.969027595269383,-0.1875878545547196,0.3652257626288614,0.9999858005941448
613,19481600,9243356,2.107632768877451,75.16774999999143,247.168520575674,15.182910643889619,-0.26346333769575847,0.2626221003909129,0.999993338673566
614,19481600,9200395,2.1174743040923785,75.25999999995747,246.86555358105898,15.112343955321945,-0.41570935019841837,0.2517234509233164,0.9999914499018231
615,19481600,8571430,2.2728529545245078,74.10733299991534,250.70530554002292,14.079221419185282,0.17277916447814556,0.5121100508411608,0.999973691526889
616,19481600,8932506,2.1809781040169467,76.8625420000717,241.7185416855283,14.67231603153745,-0.3836225620038547,0.25661076862178,0.9999897551911706
617,19481600,9182058,2.121702999480073,76.94820900007926,241.44943467730175,15.082224047306177,-0.16415328550826258,0.34515687222762753,0.9999872382228242
618,19481600,9209798,2.1153124096750004,78.0174999999872,238.1401808889422,15.127789093298292,-0.051710069753267085,0.3981519352492213,0.9999902067645017
619,19481600,8761289,2.223599746566972,74.52516600005765,249.29970048621732,14.391079172141918,-0.2975806712324658,0.28972056155815273,0.9999911705120426
620,19481600,9079957,2.1455608214884716,74.1409999999405,250.59146170829783,14.91451544021025,-0.14188217338369657,0.39257368081773275,0.9999887213723097
621,19481600,9121082,2.135886948500189,74.254083000028,250.20983105390977,14.982066360052562,-0.35543413407615376,0.25118311722156994,0.9999907965253986
622,19481600,8893831,2.190462130436254,74.20820799995909,250.3645090380062,14.608789421813404,0.061696151643492736,0.4736879610609969,0.9999868428262441
623,19481600,9297835,2.095283471905019,75.25504199998068,246.88181773262144,15.272396517739816,-0.6383714656606732,0.11635845252661059,0.9999935123452371
624,19481600,9132856,2.1331333812774447,74.3995839999343,249.72050330975517,15.001406044678054,-0.2901683811606832,0.323542662046731,0.9999926322984275
625,19481600,9312009,2.092094197933013,76.31624999999076,243.44882724848574,15.295678383705651,-0.17426633536405434,0.37302532483368056,0.9999907512803966
626,19481600,9336953,2.086505094327882,74.90045899999132,248.05057019079354,15.336650788436268,-0.3598132756262957,0.25424690110979037,0.9999905126596454
627,19481600,9511403,2.0482362065827724,76.87116700003571,241.69142069212205,15.623198094612352,-0.32399499589244996,0.2828913379747196,0.9999941195039511
628,19481600,9047702,2.1532097321507715,75.69712500003334,245.43998946448517,14.861534165571616,-0.18837989450933845,0.35166799357355394,0.9999883667312539
629,19481600,9308571,2.0928668857980455,81.30762499990851,228.503803456575,15.290031208935611,-0.40170306004235323,0.31285538499455234,0.9999941019845099
630,19481600,8647881,2.2527599535655036,73.21045800006232,253.77660610297212,14.204797963206307,-0.2445176926914039,0.2655663222400009,0.9999894617143833
631,19481600,9084215,2.1445551431796805,76.55079199992088,242.70293065706235,14.92150952693824,-0.38120935194839056,0.24655852805899597,0.9999889238598954
632,19481600,8964537,2.173185296686265,79.46945799994865,233.7892069493164,14.724929369250985,0.14039083445357714,0.4819183493953323,0.999977731964702
633,19481600,9159323,2.126969427762292,78.217625000093,237.53088338437675,15.044880091984231,-0.5182701863203476,0.18017038393934975,0.9999904983111892
634,19481600,8468613,2.300447546723413,76.37937500010139,243.24762493114585,13.910336727989488,0.014151811690002125,0.4194865616318535,0.9999821913291628
635,19481600,9379292,2.077086415477842,76.60983400000987,242.51588330680374,15.406195795006571,-0.6321657396425313,0.16117204050129097,0.9999925698727041
636,19481600,9348971,2.0838229148427136,76.56683300001532,242.65208360513333,15.356391261498029,-0.4385996460653747,0.2182365703710298,0.999993119662816
637,19481600,9389786,2.0747650691932704,75.89829199991982,244.78945537430047,15.423432982917214,-0.38291729481078973,0.27359388112922006,0.9999938314235401
638,19481600,9228857,2.1109439663004856,73.98608300002252,251.11616684038194,15.15909494086728,-0.11695459937579367,0.3083750340928037,0.9999917779680431
639,19481600,9070935,2.1476948076466207,79.75191699995321,232.9611909204753,14.899696123521682,-0.026196722156619723,0.4351130079508813,0.9999889434166829
640,19481600,8878443,2.1942586104342845,78.21937500000331,237.52556911250204,14.583513469119579,-0.43761197789437833,0.2421104477596094,0.9999917136099756
641,19481600,9334697,2.0870093587397642,78.14458300003935,237.7529042862849,15.332945137976347,-0.52683242324959,0.1717110314700867,0.9999921926989607
642,19481600,9329675,2.088132759179714,74.29329199999302,250.07778040716983,15.324696123521681,-0.28384158443869856,0.2742063956412845,0.9999920549967772
643,19481600,9064647,2.149184629031886,74.88058299998102,248.11641173392988,14.889367608409987,-0.03969012318810217,0.41155653587799934,0.9999866973163392
644,19481600,8938348,2.1795526421660916,77.98483299995951,238.23993522573352,14.681911957950065,0.13605035351309713,0.4692354510312756,0.9999784341015618
645,19481600,8810023,2.2112995618740157,74.14525000001504,250.5770978248267,14.471128449408672,-0.062388599059536975,0.39999151408196576,0.9999833703877019
646,19481600,8772901,2.220656542231583,81.59229099999266,227.70658030060306,14.410152759526937,0.12250082168290755,0.5039331096539071,0.9999867396025214
647,19481600,8944842,2.1779702760540656,88.00799999994524,211.10696257739704,14.692578843626807,-0.14151256402384682,0.35485676883605777,0.9999857761077137
648,19481600,8629495,2.2575596833881937,89.41249999998035,207.7908744583149,14.174597568988174,-0.07587379602317168,0.4284163970794779,0.9999844624208972
649,19481600,8984472,2.1683633718264135,88.03308300002755,211.04681250904488,14.757674113009198,-0.06963403777580868,0.4138082143316053,0.9999896631211593
650,19481600,9347098,2.084240477632737,93.88041700003669,197.90177926556015,15.353314717477003,-0.19752010652176577,0.37638564177226863,0.9999936698240924
651,19481600,9249338,2.1062696595150916,89.60083299996313,207.35411647911403,15.19273653088042,-0.20219684217266853,0.34122649686295253,0.9999905232187368
652,19481600,8959529,2.1744000158936925,86.4377919999697,214.94188054348393,14.71670335085414,-0.2624629194345849,0.30397193304575687,0.9999892916400281
653,19481600,9312427,2.092000291653293,79.5504580000852,233.55115771275763,15.296364980289093,-0.4337774788451456,0.21750921024177122,0.9999896089913692
654,19481600,9414007,2.0694269719578497,76.72162500000468,242.1625136654609,15.463217805519054,-0.4409204165309053,0.22825089192774534,0.9999939808784571
655,19481600,9036042,2.155988208111472,75.63349999998081,245.6464603979019,14.84238173455979,-0.3571680382455207,0.269545272296543,0.9999913205107581
656,19481600,9109708,2.13855372751794,77.15983299999607,240.7872184288028,14.96338370565046,-0.1304066434850053,0.32042323801801303,0.9999888079934606
657,19481600,8896134,2.1898950712747807,75.47024999996665,246.17781924014045,14.612572273324574,0.04353855902456483,0.4462958555134689,0.9999855924059857
658,19481600,9009914,2.1622403943034305,81.6994589999922,227.4078897205644,14.799464520367938,-0.3052188128072415,0.2610149225189828,0.9999865200449819
659,19481600,9325881,2.0889822634451374,80.10904100001426,231.92265605197662,15.318464191852826,-0.29568364100713707,0.3188027225164524,0.9999936907222542
660,19481600,9068648,2.148236429509669,79.68220800000836,233.164994154003,14.895939553219447,-0.07212566922971364,0.4001008790470181,0.9999870868250323
661,19481600,8992041,2.166538164138709,75.6096659999912,245.72389411827535,14.770106767411301,-0.1758212387384892,0.33574549914686036,0.9999796447030327
662,19481600,9125881,2.1347637559595616,74.55337499993675,249.20537215807818,14.989949080157688,-0.20612557129595355,0.31222095913173264,0.9999913926996763
663,19481600,8712373,2.236084244786122,74.31437499997173,250.00683330118926,14.310730946123522,0.03713425738208087,0.4606929465084024,0.9999882936964347
664,19481600,9479900,2.0550427747128133,77.59466700008488,239.4378670699067,15.571452036793692,-0.4128401525506553,0.3266744284790821,0.9999937316296104
665,19481600,9149289,2.129302069264617,74.39558299995497,249.7339332969707,15.028398488830486,-0.2368807584455188,0.2877814190510681,0.9999924962982951
666,19481600,9202073,2.1170881821954683,77.89825000008932,238.50473614591724,15.115100197109067,-0.20209851405800117,0.3097575343820819,0.9999917205597416
667,19481600,8760403,2.2238246345516295,77.37224999993941,240.1261636118188,14.38962385019711,0.06370501602835899,0.483150884307497,0.9999784833665599
668,19481600,9421591,2.0677611668772293,99.72324999989723,186.30661919381032,15.475675098554534,-0.05824075883266966,0.4486912285666577,0.9999852450874417
669,19481600,9358811,2.0816319508963264,74.2202090000319,250.32402647225118,15.37255420499343,-0.4590163854650289,0.19595705051675644,0.9999893949068602
670,19481600,9323481,2.089519997949264,76.52545799999189,242.783278245809,15.314522010512484,-0.23464876009961322,0.28447380530289623,0.9999914818115422
671,19481600,9029943,2.157444404687826,73.91862500003299,251.34533498819422,14.832363666228646,-0.17733212534399057,0.35397733310688156,0.9999842189381517
672,19481600,8943912,2.178196744332905,77.46366700007457,239.84278413365217,14.691051248357425,-0.011927849168472227,0.4489481288021184,0.9999865170134441
673,19481600,9336582,2.086588004046877,79.0089590000207,235.15183338252987,15.336041392904074,-0.05502594083069745,0.3931389606653258,0.9999885664264591
674,19481600,9297931,2.0952618383595234,74.54295799993815,249.24019734386465,15.27255420499343,-0.5964737775279367,0.17299595266742174,0.9999930155339378
675,19481600,9163833,2.125922635211707,91.79920799999763,202.38847335698668,15.052288107752956,-0.19849077052515063,0.36502916405342767,0.9999910395733994
676,19481600,9441802,2.0633349439015984,76.2937920000013,243.52048935383473,15.508873193166886,-0.448839407068506,0.2128566520299862,0.99999436338393
677,19481600,9353990,2.08270481366775,74.23562499991476,250.27204340936487,15.364635348226019,-0.12541403962960906,0.34930520209526117,0.9999911821852188
678,19481600,9151290,2.128836480976999,75.70133300009729,245.42634622399743,15.031685282522997,-0.2530337638454283,0.3262883150153972,0.9999915407718424
679,19481600,9075610,2.146588493776176,76.0019580000062,244.4555647171417,14.907375164257555,-0.379611955540621,0.24503995443536533,0.9999910197757022
680,19481600,9151639,2.1287552972751658,81.2653750000436,228.62260295347227,15.032258541392904,-0.21554332030771728,0.3289719884478684,0.9999905071033942
681,19481600,8577032,2.271368464056098,74.49587500002508,249.39772252482095,14.088423127463864,0.311361621334049,0.618882664470049,0.9999831789292586
682,19481600,9218412,2.1133357892877864,97.54912500000046,190.4589258232702,15.141938239159002,-0.0575357831939769,0.40985319684943483,0.9999885451775197
683,19481600,8797992,2.214323450169084,75.37829099999271,246.47814796572922,14.451366622864652,-0.07504899824039102,0.3959874801883638,0.9999860312212752
684,19481600,9148986,2.1293725883939487,77.02379199997722,241.21250174888164,15.027900788436268,-0.012614657421894826,0.4384238077483014,0.9999877022092365
685,19481600,9068955,2.1481637079465052,77.01283299991246,241.24682651943368,14.8964438239159,-0.2151443086454956,0.336113856034382,0.999988626437355
686,19481600,8646953,2.2530017221095107,73.55262499993387,252.59603668144686,14.203273653088042,-0.135433535413076,0.36799372417273357,0.9999885299144675
687,19481600,9485689,2.053788607237703,80.0542919999998,232.08126757900808,15.580960906701709,-0.4462069230266852,0.2680030172772048,0.9999933099526711
688,19481600,8939718,2.179218628596562,77.77916700001697,238.86989638878424,14.684162286465178,-0.07149329783570257,0.3847432094276278,0.9999838681548856
689,19481600,9297978,2.0952512470991005,77.88966699990851,238.53101801708593,15.272631406044678,-0.3981021634247499,0.23400563731379181,0.9999935209240199
690,19481600,9141403,2.131138950990346,98.35641699999087,188.8956727907415,15.015445137976347,-0.5238296762718078,0.17311370670117118,0.999992028233689
691,19481600,8227046,2.367994538987627,74.32029099993542,249.9869324047203,13.51354467805519,0.30638153853402916,0.5834734423360898,0.9999705935531893
692,19481600,9411243,2.0700347446134373,76.47154100004627,242.95445494538626,15.458677726675427,-0.8486036533902077,0.023813151787740173,0.9999941803399406
693,19481600,9335605,2.086806371949113,74.8955000000251,248.06699417847233,15.334436596583442,-0.3087720080018639,0.27269881212666774,0.9999914953390983
694,19481600,8120552,2.3990487346180407,80.40479199996753,231.0695805606649,13.33862023653088,-0.1342034451592391,0.37202949955426445,0.9999812304448538
695,19481600,9444364,2.062775217050084,76.32854200005568,243.40962208457287,15.5130814717477,-0.26616786650226065,0.30434986727521757,0.9999933431339081
696,19481600,8919586,2.1841372458318133,74.68208300008428,248.7758886221617,14.651093955321945,0.15138872089337707,0.51222104757071,0.9999778219787783
697,19481600,9149593,2.1292313220926875,102.43124999999509,181.3811855512931,15.028897831800263,-0.12310255505753309,0.36568886839386694,0.9999875149526049
698,19481600,8742633,2.228344710340695,76.72250000007352,242.1597518652572,14.360435282522996,0.09058412488582268,0.4770855002459393,0.9999801433850548
699,19481600,8793847,2.215367176617924,75.8408749999262,244.97477860742086,14.44455814717477,-0.14350148593169232,0.3642455218305769,0.9999840614068262
700,19481600,8774948,2.2201385125017263,74.60341600005904,249.03821511987195,14.413515111695139,0.09417671679457551,0.5015098718407984,0.9999834477703464
701,19481600,9287081,2.097709710941468,84.76641599997947,219.17998234707127,15.25473226018397,-0.054797925772561484,0.4128322485891779,0.9999891553020893
702,19481600,9071256,2.147618808244415,76.56987500001833,242.64244342171844,14.900223390275952,-0.2624710817907241,0.3118867295205564,0.9999846207754592
703,19481600,8554994,2.2772195982837626,74.38587499996174,249.766525735021,14.052224047306176,0.06650880297926776,0.495075081549028,0.9999832630625983
704,19481600,9336746,2.086551353115957,74.63466700005483,248.93393793110044,15.336310775295663,0.10365681733333076,0.5131230508334035,0.9999925168518844
705,19481600,8702964,2.238501733432426,95.45862500010571,194.62988873430163,14.295275952693824,0.13263038317539255,0.5150778352948824,0.9999835807916095
706,19481600,8499844,2.291995006025993,75.35233299995525,246.56305681353,13.961636005256242,0.12348831844085184,0.5159005545940915,0.9999801521396704
707,19481600,9296604,2.095560916653006,77.05812500000775,241.1050302936664,15.270374507227332,-0.41040232383682884,0.23788199179126787,0.9999912168839358
708,19481600,8612132,2.2621111706137342,78.53662499996972,236.56608063444494,14.14607752956636,0.10230701021875976,0.5121439182901898,0.9999855997269009
709,19481600,8936692,2.179956520824484,75.61404199998378,245.709673376593,14.67919185282523,-0.016219843721731575,0.45005807656456664,0.9999881993310284
710,19481600,8577270,2.271305438676875,76.6345409999758,242.43769611024183,14.088814060446781,-0.031032804481287757,0.4176413607382654,0.9999826136908118
711,19481600,9079083,2.1457673643913155,76.57816699997966,242.61616973026966,14.913079829172142,-0.22139589509116497,0.3289026613714181,0.9999878572726244
712,19481600,8731783,2.2311136224984063,106.12183300008837,175.07331938456556,14.342613337713535,0.04310370653813145,0.4218895299911528,0.9999846806446688
713,19481600,8174003,2.3833610043940525,76.8639580001036,241.7140887081948,13.426417542706965,0.12915843995544973,0.5298017201024606,0.9999780669121527
714,19481600,8911098,2.186217680469904,74.59533299993382,249.06520039955427,14.637151773981603,-0.00503618749546475,0.4377059303356162,0.9999825482142837
715,19481600,8937715,2.179707005649654,78.84979100003875,235.62651627688993,14.680872207621551,0.02266789597745411,0.43754304729800025,0.9999812359507957
716,19481600,9116313,2.1370042910988247,76.03325000002314,244.35495737054964,14.974232917214191,-0.1006666070566713,0.3810970338964581,0.9999862895472548
717,19481600,8894759,2.1902335971103883,75.57625000004009,245.83254081130175,14.610313731931669,-0.01742865206942046,0.42853241547966187,0.9999846272197587
718,19481600,9236951,2.1090942238407457,74.06374999993659,250.85283370766274,15.172389947437582,-0.029802584535111087,0.4395658747731471,0.999990850748707
719,19481600,8763013,2.223162284479094,75.19249999995736,247.0871637797724,14.393910972404731,0.06333891730345975,0.469387442661427,0.9999786337164951
720,19481600,9219531,2.1130792878726696,94.22974999995404,197.16810840004416,15.143776281208936,-0.1799026020082981,0.3312520518017214,0.9999867383785022
721,19481600,8758820,2.224226551065098,74.50391600002604,249.3708057237355,14.387023653088042,0.10439602493211375,0.5052033508768599,0.9999807836460314
722,19481600,9357692,2.081880874044583,79.62274999999863,233.33910926839778,15.370716162943495,-0.3620387197637114,0.26148697235762974,0.9999909123559588
723,19481600,8622067,2.2595045944319385,73.74008299996149,251.95390087246992,14.162396517739817,0.1399378717971982,0.5047493265779197,0.9999786198959664
724,19481600,9411499,2.06997843807878,76.68591699996341,242.2752741224815,15.459098226018396,-0.7500035896787798,0.16090878677055828,0.9999934948782379
725,19481600,9356969,2.0820417380884773,76.68100000000777,242.29080948994036,15.369528580814718,-0.2781620792024275,0.24864195508257403,0.9999928039495208
726,19481600,9312265,2.092036684952587,81.72070800003439,227.3487591724264,15.29609888304862,-0.057388562623374995,0.41728680120717815,0.9999801898414866
727,19481600,9186458,2.120686776121983,92.55000000007385,200.7466403293914,15.089451379763469,-0.36036418534893433,0.24380931978740003,0.9999884856480494
728,19481600,8957383,2.1749209562659093,79.9492090000058,232.386308693794,14.713178383705651,-0.21182273060827783,0.3030213008221208,0.99998648427515
729,19481600,9105355,2.1395761065878265,80.13291700001446,231.85355354649886,14.956233574244415,-0.3516206226849623,0.25889193347873857,0.9999879359635828
730,19481600,9284922,2.098197486203977,75.0716250000778,247.4850059856936,15.251185939553219,-0.489756157104124,0.18762023179758322,0.9999931003141997
731,19481600,8918421,2.1844225564144146,81.78779100001066,227.16228590276486,14.64918035479632,-0.08721342624511785,0.40037689111000996,0.9999888393361823
732,19481600,9174376,2.1234795696186857,75.52104199999121,246.01225129417787,15.069605781865965,-0.22119668353170696,0.3295736818706575,0.999987977323896
733,19481600,9457066,2.060004656835429,80.66904099996464,230.3126618612975,15.533945466491458,-0.4654733459605995,0.20929178507142732,0.999991656463305
734,19481600,9324857,2.089211662977781,107.53170899999986,172.77788789258454,15.316782194480947,-0.23247142967857704,0.29799173882707347,0.9999893231443286
735,19481600,8542918,2.2804386042333546,79.67849999999999,233.1758449581757,14.032388304862023,0.04117821022098411,0.47145552936889773,0.9999835061076515
736,19481600,9413450,2.069549421306747,75.94974999994974,244.6236039290754,15.462302890932984,-0.15726619710446066,0.3763073021342847,0.9999892045870167
737,19481600,9164392,2.125792960405884,74.49350000001687,249.40567381712222,15.053206307490145,-0.04178514526234678,0.41207454253210946,0.9999841654741771
738,19481600,8812187,2.210756535239209,73.60612499996932,252.41243935212924,14.474682982917214,-0.16362044094331285,0.35637058972525215,0.9999885687166461
739,19481600,9269626,2.1016597649139244,74.14187500000935,250.58850430337318,15.226061103810775,0.06501748055533485,0.5103910130266193,0.9999806440855065
740,19481600,9278729,2.0995979082911034,76.92550000001575,241.52071241000965,15.24101346911958,-0.3273576718490119,0.2802433373170709,0.9999932626855338
741,19481600,9276170,2.1001771205141777,75.44099999995524,246.27326735476763,15.23681011826544,-0.3007087060717919,0.2883149392035488,0.9999881044150133
742,19481600,8809208,2.211504144299919,140.88662500000737,131.87271369797543,14.469789750328514,0.27719721329457014,0.5647004267224135,0.9999732322567556
743,19481600,8844887,2.2025832551619935,77.82250000002477,238.73688923504238,14.52839520367937,-0.01527295285948238,0.4086082871328528,0.9999844108037669
744,19481600,9312780,2.0919209945902297,76.03800000003957,244.33969281793748,15.296944809461236,-0.11481866356201653,0.393525208306018,0.9999886928208157
745,19481600,8981653,2.1690439387938945,75.88729199994759,244.82493804776735,14.753043692509856,-0.13449496865500765,0.3808890030603532,0.9999871444123848
746,19481600,9391628,2.074358141101841,80.15016599995306,231.80365668251866,15.426458607095926,-0.5981896577004893,0.13941444296089012,0.9999948442436138
747,19481600,9085479,2.144256786020858,75.0148329999547,247.6723711763941,14.923585742444152,-0.02118494048000996,0.4147936130504957,0.9999876820490331
748,19481600,8798457,2.214206422785268,73.59004100010225,252.4676071654069,14.452130420499342,-0.09204954614926186,0.4063893352355048,0.9999854510621614
749,19481600,9074795,2.1467812771528174,150.13412499990864,123.75002393700504,14.906036465177397,-0.34832739877334995,0.234643923633442,0.999987122662941
750,19481600,8905554,2.18757867281474,77.84520799998518,238.66724798915737,14.628045335085414,0.07420617780882233,0.4609891303230601,0.9999832529345538
751,19481600,9118104,2.1365845355569535,74.13654100002987,250.6065337266344,14.977174770039422,-0.09778804265009389,0.3941510063491307,0.9999894705641477
752,19481600,9188203,2.1202840207165643,77.81916599992655,238.74711741985945,15.092317674113009,-0.34464133876619263,0.26786562258475044,0.9999899945616341
753,19481600,8855847,2.199857337192027,76.37833299997965,243.2509434646204,14.546397831800263,-0.150029606883479,0.34677368740473113,0.9999854174899889
754,19481600,8900394,2.188846920709353,77.185874999941,240.7059784256407,14.61956964520368,-0.07505671435588979,0.40150413714551325,0.9999786272357296
755,19481600,8849141,2.201524419149836,75.3866669999752,246.4507624737689,14.535382720105124,0.060209582144088,0.4612911221425045,0.999981292810179
756,19481600,8831529,2.205914740244866,80.63904199991612,230.39834181709807,14.506453679369251,-0.2258943260530204,0.3442522775495965,0.9999834268161759
757,19481600,8699990,2.23926694168614,100.70304099997429,184.49394753138333,14.290390932982918,0.0026247525361071666,0.4325324400290984,0.9999763265795889
758,19481600,8826723,2.2071158231656303,73.69262500003515,252.11615901172115,14.498559461235217,0.25838780026537234,0.5781992793557295,0.9999815598142441
759,19481600,9032391,2.156859684218719,78.8838340000666,235.52482961824998,14.836384691195795,0.12692841102928976,0.5030639600787267,0.9999824040031083
760,19481600,9151848,2.1287066830655403,77.19333300008202,240.68272272270275,15.032601839684625,-0.2550870553924176,0.3208415199499864,0.9999854298219781
761,19481600,8928871,2.1818659940321683,78.28958300001432,237.31256254739029,14.666345269382392,0.18933394545894422,0.5539124934820353,0.9999862652813792
762,19481600,9400745,2.0723463938230426,77.96491699991748,238.30079319547875,15.44143396846255,-0.14045001103057175,0.3769889687152378,0.9999952129047777
763,19481600,8818731,2.2091160281450923,80.92637499999,229.5803013850836,14.48543199737188,-0.34945491986403066,0.2547722001763679,0.9999865885723797
764,19481600,8566628,2.274126996059593,93.12391700007083,199.5094510735182,14.071333771353482,0.17600988839950826,0.5662440916472459,0.9999903670894991
765,19481600,8954885,2.1755276589258266,75.4613750000317,246.2067721730779,14.709075229960579,0.259163592850025,0.5940311428459047,0.9999815612500559
766,19481600,8981754,2.1690195478522347,75.37374999992608,246.49299739655015,14.753209592641262,-0.10199962775714111,0.3659599693762249,0.9999829108740136
767,19481600,8546644,2.279444422863524,74.74433300001238,248.56869834529024,14.038508541392904,-0.0259488039158009,0.4212953617138592,0.999984698686431
768,19481600,9004186,2.163615900426757,75.1357920000828,247.27365038595087,14.790055847568988,-0.10554078113176946,0.3849374683026523,0.9999876259091691
769,19481600,9281179,2.099043666758286,76.3989170000059,243.1854048729325,15.245037779237846,-0.05465456891860532,0.42029721324283786,0.9999905296199868
770,19481600,9357321,2.0819634166659453,85.21983400009958,218.01382014518228,15.3701067674113,-0.17380087708291292,0.3623042674177705,0.9999915440837291
771,19481600,8694566,2.2406638813254163,74.95537500005867,247.86883612396653,14.281481603153745,0.0023496744848460205,0.4432311082173335,0.9999801577099513
772,19481600,9270844,2.1013836496439806,100.24779100001524,185.3317801536113,15.228061760841,-0.3022532399713651,0.28886331854360014,0.9999927497826372
773,19481600,9273818,2.1007097616105903,75.43429199995444,246.29516722329973,15.232946780551906,-0.18214783948002466,0.34977615449349475,0.9999907598771755
774,19481600,9301416,2.0944767979413026,77.24499999994805,240.52173684397042,15.278278580814717,-0.14012209008478838,0.3802410657174003,0.999990530445258
775,19481600,9243657,2.1075641383058676,74.2262919999348,250.30351189463053,15.18340505913272,-0.1522189589165106,0.3595027949170458,0.9999904244564146
776,19481600,8884061,2.1928710304893224,75.69204199990054,245.45647166612858,14.592741458607096,0.19957435852462546,0.5138098514428943,0.9999840341529673
777,19481600,9234747,2.1095975883259173,79.60049999996954,233.40433241634298,15.168769710906702,-0.37199128138003745,0.23434234837850546,0.9999908475629383
778,19481600,9191269,2.119576741797025,80.58224999990671,230.56071979277706,15.097353810775296,-0.06489229863672574,0.40904076853189725,0.9999894842695602
779,19481600,9280058,2.099297224219935,95.38737499997296,194.77526834662623,15.243196452036793,-0.16373883529646105,0.3374369018979171,0.9999892455781839
780,19481600,9062138,2.1497796656815424,74.74795799998901,248.55664368119236,14.88524638633377,-0.32723754946182093,0.2667432329257316,0.9999890686411681
781,19481600,8964919,2.1730926960968637,75.34387499993045,246.59073564396775,14.725556833114323,-0.09583949335965292,0.3978279306601522,0.9999771953891288
782,19481600,9274315,2.100597186962056,76.22612500006198,243.73666590666772,15.233763140604468,-0.06221494684169415,0.3741982094846158,0.9999857308428446
783,19481600,9035814,2.1560426099961774,78.60099999993508,236.37233066392724,14.842007227332457,0.0599714106127901,0.44833958160585025,0.999977676158542
784,19481600,9057125,2.1509695405550877,79.38758399996004,234.03031842497376,14.877012155059132,0.03467295077075516,0.4702141259495101,0.9999871294228467
785,19481600,8925642,2.1826553204800283,75.3254169999309,246.6511610883886,14.661041392904073,-0.22759723263765386,0.31083081085465547,0.9999828582653798
786,19481600,7938115,2.4541846521497863,75.24312499992902,246.92091885494557,13.038953679369252,0.2517977063172602,0.5770128744416386,0.9999682841937914
787,19481600,9336072,2.0867019877310287,91.39504199993098,203.2834731069332,15.33520367936925,-0.03634626114510242,0.42104451432055945,0.9999904324959488
788,19481600,9152153,2.128635742868372,77.39995800000088,240.04020212129558,15.03310282522996,-0.20287796956512616,0.2942162844918799,0.9999854755483689
789,19481600,8238918,2.364582339574201,74.66583300004004,248.8300313007964,13.533045335085413,0.07183563836022577,0.47785934417823944,0.9999739650103342
790,19481600,8239328,2.364464674789012,81.95491699996182,226.69904677602997,13.53371879106439,0.2738966912097782,0.5932615155489422,0.9999731451523839
791,19481600,9262907,2.1031842379503543,78.0683330001466,237.98511955500717,15.215024638633377,-0.2331272331816605,0.3258371219593513,0.9999899339043584
792,19481600,9437004,2.064383993055423,79.35075000000325,234.13895347554043,15.500992115637318,-0.5070084116019569,0.20697187626350647,0.9999931136480357
793,19481600,8685913,2.2428960547958514,78.30199999989418,237.27492991909668,14.267268396846255,-0.020562561341098462,0.4202087168780873,0.999984402355694
794,19481600,8765782,2.222460015546816,82.50287499981823,225.1933834128924,14.39845926412615,0.024999925209531315,0.4534838534331852,0.9999761479574132
795,19481600,8688775,2.242157266127849,74.72058400003334,248.647702786848,14.271969448094612,0.0312492215008513,0.446354260085284,0.9999744372775157
796,19481600,8320132,2.341501312719558,74.51987500007817,249.3174010622067,13.666445466491458,0.17352005255433078,0.5362470987963472,0.9999780354096854
797,19481600,9306537,2.09332429452545,80.92874999988453,229.57356393774165,15.286690210249672,-0.1452477418596292,0.3594494252228868,0.9999901886316965
798,19481600,9022454,2.159235170387125,74.99716699999226,247.73071178144525,14.820062417871222,0.031241956154452466,0.4576543504120914,0.9999796729418525
799,19481600,9134536,2.1327410609581046,73.32625000003645,253.37585874759398,15.004165571616294,-0.11827937205297157,0.38685910151811925,0.9999899446142068
800,19481600,9052265,2.152124357826467,72.6159999999254,255.85410326262925,14.869029237844941,-0.13386134397345284,0.3475750400065595,0.999981013717368
801,19481600,9478107,2.0554315328999766,75.81495800013727,245.05852212522973,15.568506898817345,-0.48591759492657105,0.17382479711594126,0.9999946076035653
802,19481600,9038025,2.155515170626326,93.68687500000306,198.31061247906277,14.845638961892247,-0.12436347304723361,0.3833681017686469,0.9999864176157467
803,19481600,8834758,2.205108504386877,75.23191600012069,246.95770824805518,14.511757555847568,0.06960078731211539,0.47358559898024183,0.9999805561344443
804,19481600,9041146,2.1547710876475175,78.22275000012269,237.51532083020425,14.85076544021025,-0.047566891360510066,0.3883206570897852,0.9999854738895874
805,19481600,9426348,2.066717672634195,75.82883299983223,245.0136818344693,15.483488830486202,-0.6215152855029917,0.11284487912596455,0.9999939702768996
806,19481600,8854355,2.2002280233851024,77.31841600002554,240.293354722811,14.543947109067018,0.05042501720048587,0.461638745379036,0.9999786220865533
807,19481600,9249340,2.106269204072939,80.95420900008321,229.50136616714892,15.192739816031537,-0.31503557367686974,0.27934921140447777,0.9999899982743964
808,19481600,9092089,2.1426978992396575,78.97508399992148,235.25269770550003,14.934443166885677,-0.1011279098551563,0.35346245032684076,0.9999863773158717
809,19481600,9365111,2.0802316171159103,85.39195900016239,217.5743685944091,15.382902431011827,-0.34738475563641336,0.2712397437363386,0.9999922390714608
810,19481600,9024667,2.158705689639296,77.2482500001388,240.5116175766651,14.823697437582128,-0.30843227620396996,0.27787270411236925,0.9999901694188598
811,19481600,9383436,2.076169113318405,78.57095800000025,236.4627088102953,15.413002628120893,-0.551292728118346,0.17482357092842163,0.999992331200994
812,19481600,9291482,2.096716110519291,78.21866700010105,237.52771908623805,15.26196123521682,-0.27855490947756856,0.2578435868893148,0.9999901050158686
813,19481600,8717865,2.234675577105174,76.98520799999642,241.3333943645494,14.31975197109067,-0.2857437956927522,0.27255705727637347,0.9999872898231116
814,19481600,9467930,2.057640899330688,74.97845800003233,247.7925267880541,15.55179040735874,-0.5970551014011909,0.13274307688478104,0.9999931094805578
815,19481600,9274681,2.1005142926209537,77.63283299982504,239.3201541742251,15.23436432325887,-0.08196571253062368,0.37976643759592016,0.9999844515940081
816,19481600,9207451,2.1158516075730405,89.00225000002138,208.748672786312,15.123933968462548,-0.4439029436099484,0.20251158567572344,0.99999021895214
817,19481600,8239585,2.3643909250283843,376.18658399992455,49.3879961506116,13.534140932982917,0.26691970969549006,0.5938634560922167,0.9999712168418127
818,19481600,9302428,2.0942489423191453,82.48920799996995,225.23069396552782,15.279940867279896,-0.11668323485781285,0.37873031703752363,0.9999904613145844
819,19481600,8233702,2.366080288064834,75.87608299991189,244.86110547537854,13.524477660972405,0.031487765242405485,0.4381480588333286,0.9999720592688345
820,19481600,8263554,2.3575328484572133,74.1160420000142,250.67584643141683,13.57351182654402,0.35052710173562074,0.624321775268914,0.9999632047104617
821,19481600,8540660,2.281041512014294,78.05945799987057,238.01217736524387,14.028679369250986,0.2451610648341832,0.5850991922230149,0.9999760585714021
822,19481600,9492348,2.0523478490253413,76.90108399992823,241.59739494071812,15.591898817345598,-0.546693189456835,0.14808203232210435,0.9999942697402078
823,19481600,8875303,2.1950349188078424,73.66129199999705,252.22340062268722,14.578355781865966,0.029815907429917576,0.4521641850733524,0.9999865391083997
824,19481600,8480804,2.2971406956227263,73.6999159998959,252.0912176144983,13.930361366622865,0.2151248791961271,0.5555556680995795,0.9999707637307556
825,19481600,8607522,2.263322707743297,76.32683299993914,243.41507216098975,14.138505256241787,0.2636917549654503,0.5751058347307535,0.999977111544946
826,19481600,8432474,2.31030656009138,75.67137499995624,245.52350955048382,13.850975689881734,-0.5048527048529008,0.1689654136048519,0.999984723128151
827,19481600,8854424,2.2002108776358575,75.94620899999427,244.63500953025058,14.544060446780552,0.01058943758210773,0.45558653017780937,0.9999884958188119
828,19481600,8584883,2.2692912646567227,73.78162500003782,251.81204076882932,14.101318988173457,0.23171384876691148,0.5548255243707023,0.9999738082135773
829,19481600,8934603,2.1804662165739206,74.09991700001228,250.73039639837816,14.675760512483574,-0.3041208017663817,0.261363446468743,0.9999894570888621
830,19481600,8767380,2.2220549354539214,90.85837500015259,204.48419380677672,14.401084099868594,0.1461741400919323,0.5220687281904473,0.9999847220662139
831,19481600,9090553,2.143059943657993,76.5198330000203,242.80112533041037,14.931920170827858,0.0424668038499888,0.4540061195987746,0.9999856663680451
832,19481600,9215593,2.113982247262873,88.26791599994976,210.48533152760254,15.137307818659659,-0.19757201162266647,0.315345563747855,0.9999854688547865
833,19481600,8823288,2.20797507686477,73.68591599993124,252.13911383713187,14.492917214191852,0.15681526684966807,0.4950317334824001,0.9999800172644648
834,19481600,9147497,2.1297192007824655,76.91495899985057,241.55381221143335,15.025454993429697,-0.16367332205209384,0.3414926147472466,0.9999844620947173
835,19481600,9326601,2.0888209970599148,76.5125419998185,242.82426223068205,15.319646846254928,-0.1141155010907211,0.38225689587710315,0.9999882484817972
836,19481600,8969414,2.172003655980201,76.25008400009392,243.66007993482492,14.732940210249671,-0.16091004298443412,0.3541070723294276,0.9999899185878127
837,19481600,9094394,2.1421548263688597,77.59312500002125,239.4426253936146,14.938229303547963,-0.2577333683514744,0.2855802576495787,0.9999885955164061
838,19481600,9264488,2.102825326127035,75.55099999990489,245.91470083153618,15.217621550591327,-0.3030441887680062,0.28353409047810385,0.9999892666618811
839,19481600,9058251,2.1507021609359245,76.9099169999663,241.5696478063829,14.878861695137976,-0.12297312953754602,0.36768565598239317,0.9999859841368403
840,19481600,8975049,2.170639959737267,72.29912500019964,256.97546910074914,14.742196123521682,-0.053476126178067185,0.3924032674614558,0.9999855782298739
841,19481600,9134906,2.1326546764684826,75.88012499991237,244.8480621575341,15.00477332457293,-0.2943025012025815,0.276480471212102,0.9999878299425862
842,19481600,9326139,2.088924473461097,75.28000000002066,246.7999676208143,15.318887976346913,-0.167318625648049,0.3608663957618534,0.9999922334729996
843,19481600,9177353,2.122790743692653,73.84216700006618,251.60558414385847,15.074495729303548,-0.1625886619326975,0.3768227967151364,0.9999837848588748
844,19481600,8845351,2.202467714395958,75.0414169999658,247.5846313311017,14.529157358738502,0.06368260166441064,0.4526291493793,0.999977109231843
845,19481600,8746441,2.2273745401129443,74.72870800006604,248.62067148924322,14.366690210249672,-0.09757970394494242,0.37439402349909107,0.9999792399601966
846,19481600,9167675,2.125031701058338,74.35287499993137,249.87737948959133,15.05859888304862,-0.2402169069759692,0.3069270278643532,0.9999852998126783
847,19481600,8706851,2.237502398972947,73.33900000003268,253.33180930325912,14.301660643889619,0.1316086039852703,0.513236747438104,0.9999785938040194
848,19481600,8983959,2.1684871892224797,74.21045900014178,250.35691481795718,14.7568314717477,-0.09489389279885163,0.3954266557415895,0.9999874703426186
849,19481600,9299563,2.0948941364233997,75.62637499995617,245.66960352801212,15.275234888304862,-0.21531841232885296,0.3298889756939468,0.9999909416004409
850,19481600,8931675,2.1811810214769345,73.60599999992701,252.41286800693456,14.670951051248357,-0.11074250179285738,0.3538529806991161,0.9999842492681149
851,19481600,8790773,2.216141856922025,75.22075000019868,246.99436741126522,14.439508869908016,-0.03668789956290763,0.4016234149907357,0.9999859557193305
852,19481600,8389605,2.322111708477336,75.36479100008364,246.52229928534373,13.78056011826544,0.12906948172097588,0.508289078039315,0.9999755282983342
853,19481600,9431672,2.0655510496972327,78.8563339999655,235.60696547861494,15.492233902759526,-0.21788619832317369,0.34387873451330175,0.9999923206339985
854,19481600,9426444,2.0666966249414944,78.32166699995469,237.21534888309705,15.483646517739816,-0.292277209936606,0.3006883572983164,0.9999935785556037
855,19481600,8316230,2.342599952141776,79.7102089998134,233.08308679184987,13.660036136662287,0.1484309291366548,0.5053702275179832,0.9999732876687302
856,19481600,8934346,2.180528938547936,80.61237500010066,230.47455880659516,14.675338370565045,-0.4424675862826699,0.20233190777901414,0.999985931117778
857,19481600,8613973,2.261627706518235,73.17670799989173,253.89365100336965,14.149101511169514,0.004208533683411231,0.43663815771049985,0.9999808350205446
858,19481600,9263722,2.102999204855241,75.32450000007884,246.65416381762313,15.216363337713535,-0.07515532246919476,0.3828131625700988,0.9999886635974635
859,19481600,9343195,2.085111142387588,76.03016599978218,244.36486910410306,15.346903745072273,-0.4827990521723784,0.20774915983555917,0.9999914648220911
860,19481600,9221847,2.1125486033329333,74.3376249999983,249.92864061100184,15.147580486202365,0.031194741494261824,0.47785375665054625,0.9999911649308167
861,19481600,8864809,2.197633361305359,76.00570800013884,244.44350367035673,14.561118593955323,-0.042931341045406635,0.38977038004367587,0.9999823086610882
862,19481600,9411291,2.070024186904857,90.46779199979937,205.36702788702084,15.458756570302233,-0.3831970982392485,0.23179226777007175,0.9999913148077884
863,19481600,8893898,2.190445629126846,89.14516700019703,208.41400815883753,14.608899474375821,-0.11891716429355315,0.3877544249733822,0.9999833961514097
864,19481600,8781702,2.2184310057435335,87.20883399996637,213.04150864472243,14.424609067017082,0.05385240244019052,0.45023570892542336,0.9999797629615108
865,19481600,8870807,2.196147430555078,85.54049999997915,217.1965509028417,14.57097076215506,-0.13317638283338762,0.3814537064087593,0.99998821695431
866,19481600,9257164,2.104489020611496,88.28829100002622,210.4367561321861,15.205591327201052,-0.1818247568344038,0.3054344540589599,0.9999855846334843
867,19481600,9334089,2.087145301485769,86.84241700007078,213.94040152619033,15.331946452036794,-0.19294446733202486,0.3485127818126069,0.9999880673852518
868,19481600,9103095,2.1401072931788585,81.23233399987839,228.7155944888622,14.95252135348226,-0.13104905642768316,0.3703754771972582,0.9999875699116739
869,19481600,8906183,2.1874241748681786,75.29150000004847,246.7622714713884,14.629078515111695,0.05275505177753481,0.46725910440551083,0.9999738393864884
870,19481600,9263371,2.103078889963492,75.49929200013139,246.0831230373348,15.21578679369251,-0.2900723555696545,0.2720156304954764,0.9999892220699804
871,19481600,9203448,2.116771888101068,74.9850830000014,247.7706340939791,15.117358738501972,-0.10324739717898868,0.3638235091481195,0.9999879534082379
872,19481600,9149033,2.129361649477054,76.04349999996884,244.32202045549735,15.027977989487516,-0.08475515255658417,0.38380975593211114,0.9999838183418578
873,19481600,8560100,2.275861263302999,90.51545900001656,205.2588780718286,14.060611038107753,0.19839944380348795,0.5439843596722915,0.9999713385403358
874,19481600,8972746,2.1711970894974626,72.06949999999779,257.79423421142883,14.738413272010513,0.03463270614046876,0.4376799923079748,0.999982793003139
875,19481600,9334122,2.087137922559829,76.19520899993404,243.8355614001411,15.332000657030223,-0.39851931468250945,0.23077838426536817,0.9999931155969769
876,19481600,9158044,2.127266477426839,97.62304200012295,190.31471650388235,15.042779237844941,-0.2497589799605675,0.2922084797964007,0.9999883933008211
877,19481600,8794615,2.2151737170984744,78.54887500002405,236.529187241629,14.44581964520368,-0.01141491428703878,0.4372855898038235,0.9999823969326868
878,19481600,9135304,2.1325617625861164,77.43374999995467,239.93544885157797,15.005427069645204,-0.008261007517527341,0.4207276198924851,0.999984755623579
879,19481600,9033414,2.156615428009831,124.48275000019748,149.25041069923765,14.838065045992115,0.15058541848384766,0.5095187641957887,0.9999796854785472
880,19481600,9041402,2.154710077043361,141.01545800008353,131.75223359193,14.85118593955322,-0.10953587525955055,0.36028895013352685,0.9999850238690731
881,19481600,8292790,2.349221432111509,77.00633399986145,241.26718670354347,13.621534165571616,0.17077155692246382,0.523513490351974,0.9999750482682079
882,19481600,9073002,2.1472055224940982,75.54883400007384,245.92175125405433,14.903091327201052,-0.3357892658421313,0.23306339391013434,0.9999901607939456
883,19481600,8613110,2.261854312785974,74.43741700012652,249.59358225001847,14.14768396846255,0.15127426028900726,0.5337179478639406,0.9999755467282183
884,19481600,9133416,2.133002591801359,87.41091700017023,212.54898358363886,15.002325886990802,-0.09032819457956509,0.3855183343262619,0.9999868766037355
885,19481600,9291625,2.096683841631577,75.13250000010885,247.2844849096341,15.262196123521681,-0.1648959615678589,0.33910443883982155,0.9999898309322642
886,19481600,9125371,2.1348830639324143,75.36783300020033,246.5123491403901,14.989111366622865,-0.15566060612010313,0.3295415197552884,0.9999864628213327
887,19481600,9111080,2.138231691522849,77.04062500010878,241.1597979958466,14.965637319316688,0.0677533715574713,0.45449959108731064,0.9999801217984208
888,19481600,9005418,2.1633199036402306,75.83716699991783,244.9867564609861,14.79207950065703,-0.006302739731871121,0.4342393156281466,0.9999791819156103
889,19481600,8365138,2.3289035996776146,74.68308299985438,248.77255753536883,13.740371222076215,0.2320469800053615,0.5631710346475395,0.9999686861558582
890,19481600,9186155,2.1207567257465176,75.52437499998632,246.0013944174098,15.08895367936925,-0.05458312577355118,0.3886238297198411,0.9999862347469278
891,19481600,9099927,2.1408523387055745,103.52304100001675,179.46827472443545,14.947317674113009,-0.20792089086589027,0.3221657891947287,0.999982923480262
892,19481600,8488325,2.29510533585837,76.33895799995116,243.3764102794262,13.94271517739816,0.01945195983375536,0.45460163973793855,0.9999803675120847
893,19481600,9009251,2.1623995157866065,75.14462500012087,247.24458419308255,14.798375492772667,0.22405787163654378,0.565663019143382,0.9999782024677578
894,19481600,8854566,2.200175593021725,78.72854200013535,235.98940219759257,14.544293692509855,0.1779386835992417,0.528030272914726,0.9999750841728435
895,19481600,8734761,2.2303529541334903,75.98920800000997,244.49658117896902,14.347504927726675,0.05913833012374248,0.4574051651358141,0.9999798966648337
896,19481600,8887284,2.192075779281949,77.26791699997193,240.4504001642331,14.598035479632063,0.1579523763998425,0.5253215743635581,0.9999812500827464
897,19481600,9088248,2.1436034756093805,75.98849999999402,244.49885920239856,14.928134034165572,-0.045387347769853426,0.4069331537369481,0.9999880186597059
898,19481600,9229322,2.110837610823417,75.60433300000113,245.7412270603554,15.15985873850197,-0.2517472630594799,0.3081571497979243,0.9999831115101481
899,19481600,8953539,2.1758547095176555,91.70949999997902,202.58644483400576,14.70686432325887,-0.1520521472608407,0.37018522966431316,0.9999842234026772
900,19481600,8074672,2.412680044464964,73.42345799997929,253.04040518638118,13.263258869908016,0.24051754226781275,0.572462981112481,0.9999745416916175
901,19481600,9161624,2.1264352258944483,77.40895899996758,240.0122905994354,15.048659658344285,0.13004931013506227,0.49921192664132774,0.9999806222295692
902,19481600,9277195,2.0999450803825943,79.3146670000624,234.24547142693524,15.238493758212877,-0.3520317895882261,0.27602548958698137,0.9999919331350101
903,19481600,8445109,2.3068500359201995,75.78395800010185,245.15876516340083,13.871729632063074,0.24772653348529694,0.5681724906232605,0.9999722743228573
904,19481600,8185473,2.3800212889346772,72.42987500012532,256.51157844008225,13.44525788436268,0.35329633321605347,0.6349176907749104,0.9999744673185277
905,19481600,8505634,2.2904347871069928,73.02241599995796,254.4301131108932,13.971146517739816,0.38197483435215773,0.6569452514345984,0.9999747925101002
906,19481600,8898090,2.189413683161218,75.27587500021582,246.8134918716884,14.61578515111695,-0.004998808616116346,0.4105687255475352,0.99998144633804
907,19481600,9070327,2.1478387714136438,148.24783300014133,125.32460803310553,14.898697437582129,-0.060772115791518866,0.37825056131263196,0.9999822197182783
908,19481600,8339382,2.336096367812387,75.23979100005818,246.9318603302026,13.698065045992116,0.28481607938292686,0.5806319028312315,0.9999741208880158
909,19481600,8971512,2.171495730039708,74.13116699990496,250.62470097798163,14.736386333771353,0.323876744047668,0.6021309358674594,0.999978016579163
910,19481600,9278828,2.0995755067342556,77.48429100001886,239.77894516058072,15.241176084099868,-0.1439549433535381,0.364081354562469,0.9999919523126143
911,19481600,9044582,2.1539524988551157,74.57354200005284,249.13797929146017,14.856409329829171,0.11039889757497234,0.5010490203038225,0.9999819793687503
912,19481600,9269098,2.1017794827501013,75.35641699996631,246.54969413564748,15.2251938239159,-0.2390890683335567,0.2861145608606812,0.999988888799536
913,19481600,9322363,2.089770587135472,74.86375000007683,248.17220033034587,15.312685611038107,-0.19845512801716936,0.3346320515771828,0.9999879894119376
914,19481600,8926295,2.182495649090692,137.34179199991559,135.27638814055535,14.662113994743759,0.30968304079332565,0.5980067196204095,0.9999704606445712
915,19481600,9077910,2.146044629215315,75.92562499985434,244.7013318959922,14.91115308804205,0.13115569956053197,0.4963672794141556,0.9999872020154931
916,19481600,9064597,2.149196483859128,74.57675000000563,249.1272623505127,14.889285479632063,-0.08415556933949153,0.40682989478015463,0.9999883955052804
917,19481600,8829641,2.2063864204671515,73.7043750000339,252.07596648762646,14.503352496714848,-0.05169292368510403,0.3931544950764642,0.9999716537887905
918,19481600,9017542,2.1604113404739342,76.39358299979904,243.202384715335,14.811994086727989,-0.05054214277601332,0.42844948364350066,0.9999835767123247
919,19481600,9029573,2.157532809137265,77.34391700000742,240.2141277962198,14.83175591327201,0.16398226177451447,0.5093763103949506,0.9999853308188171
920,19481600,9075657,2.1465773772631556,75.08054200002334,247.45561323324256,14.907452365308805,-0.14925050793483474,0.3344447161452072,0.9999845300738593
921,19481600,8670391,2.2469113561314593,77.57091700000274,239.51117610868704,14.241772339027595,0.2371746888053532,0.5597557537056463,0.9999754850069633
922,19481600,8992344,2.166465161919962,104.52820800014706,177.74246701401273,14.77060446780552,0.08058801646320823,0.4655761966333094,0.9999820780095037
923,19481600,8520535,2.2864291972276387,74.66183299993645,248.8433623443964,13.995622536136663,-0.021173033608333558,0.43515342211439845,0.999981640956054
924,19481600,8794198,2.215278755379399,74.56366699989303,249.17097441742845,14.445134691195795,0.1325111833060879,0.5056862259260616,0.9999802850368366
925,19481600,8898135,2.1894026107718076,74.23637500005498,250.2695149444762,14.615859067017082,0.05678487675506638,0.4446514199830117,0.9999775959279199
926,19481600,9094456,2.1421402225707618,74.33133399990766,249.9497932126858,14.938331143232588,-0.004666072872556493,0.45055757493768717,0.9999841634853847
927,19481600,9154762,2.1280291066004775,73.4490840000035,252.95212071670105,15.037388304862024,-0.056249130524278934,0.3779567093052502,0.9999831096051615
928,19481600,9176841,2.122909179749328,86.26583299997037,215.3703374371448,15.073654730617609,-0.2431469862421194,0.30781292163078355,0.999984894160562
929,19481600,8930298,2.1815173469015257,92.85258299996713,200.09245798263444,14.668689224704336,-0.24575209258861008,0.3163328241121873,0.9999878049646269
930,19481600,9018567,2.160165800176458,74.08158300017931,250.79244813727902,14.813677726675428,-0.029275927663752643,0.42019846733497446,0.999986567824839
931,19481600,9169258,2.1246648311128338,73.35829199996624,253.26518728801034,15.061199080157687,-0.10698944808890554,0.3656153971528063,0.999980116127424
932,19481600,9133206,2.133051635975363,77.85183299984055,238.646937992302,15.001980946123522,-0.023385335342357205,0.41412984594705315,0.9999841448143153
933,19481600,8665495,2.248180859835474,76.96854200003145,241.3856502893404,14.233730289093298,-0.09285819787650551,0.388592640616882,0.9999751632475165
934,19481600,8827898,2.2068220543554085,74.36333300006481,249.84223827734843,14.500489487516425,-0.11220763130632494,0.3716581752528857,0.9999821000731559
935,19481600,8844487,2.2026828690007685,144.36829199985368,128.69239709865676,14.52773817345598,-0.043305488036701645,0.4028251991490922,0.99997780724555
936,19481600,9070955,2.1476900723242482,76.52612500010036,242.78116215182246,14.899728975032852,-0.17748649616122503,0.33643560319908994,0.9999904225161448
937,19481600,9167558,2.125058821553133,101.60720799990486,182.8522004316603,15.058406701708279,-0.020974446112343337,0.4201203387193939,0.999981952620664
938,19481600,9374380,2.07817476995812,76.0568340001555,244.27918683102183,15.398127463863338,-0.27916418397854725,0.29221740112399813,0.999991041051533
939,19481600,8594406,2.266776784806303,73.34583400006522,253.30820510519354,14.11696123521682,0.21030514725497385,0.5541029245180062,0.9999739737828813
940,19481600,8453764,2.3044882729160645,73.59429200005252,252.45302397211378,13.885946123521682,0.2996064096626564,0.5990336504190701,0.9999726448995248
941,19481600,9007818,2.162743519018701,75.58099999982915,245.81709110149376,14.796021681997372,-0.004049955680122341,0.3974316337361343,0.9999793700163073
942,19481600,8805770,2.212367572625676,79.77433399992151,232.8957276223488,14.464142575558476,-0.2439870007156304,0.2962617158871787,0.9999836313962468
943,19481600,9102697,2.1402008657434166,80.44341699996949,230.9586322334747,14.951867608409987,-0.17062703129408696,0.3338884641182745,0.9999859837610702
944,19481600,9082264,2.145015824248227,105.32783300004667,176.39308654998882,14.918304862023653,0.05924751940779538,0.4581582700875189,0.9999829485972122
945,19481600,9258808,2.1041153461655107,72.885124999857,254.90937365527537,15.208291721419185,-0.0866982495566686,0.38623723545511895,0.9999876355307605
946,19481600,8873159,2.1955652997990907,74.85595799994371,248.19803338184477,14.574834099868594,-0.12460415302837391,0.37926125514257986,0.9999871159118962
947,19481600,8962857,2.173592639043555,76.21208399996249,243.78157094495862,14.722169842312747,-0.062127335958179764,0.37610777696332426,0.9999820048970401
948,19481600,8766855,2.222188002425043,72.82504199997675,255.1196820800451,14.400221747700394,0.005867947685780472,0.4357558897535162,0.9999827102226163
949,19481600,9130903,2.133589635110569,79.52787499993974,233.6174776770293,14.998198094612352,0.035526333843306834,0.4669468531753694,0.9999864915696208
950,19481600,8902901,2.1882305554110957,74.7065420000581,248.6944391360739,14.623687582128778,0.1282434879513643,0.513379427268655,0.9999796283914573
951,19481600,9060859,2.15008312125815,74.59683299998687,249.06019217334963,14.883145532194481,-0.17220202729268475,0.3426634680028914,0.9999893477059885
952,19481600,8388532,2.322408736117356,89.0369170001577,208.6673953733943,13.778797634691196,0.11905511356226528,0.5041876757701279,0.9999808449465657
953,19481600,8603479,2.264386302331882,73.2848750001267,253.51890908550882,14.13186432325887,0.07075376079351514,0.47681811821998826,0.9999750455011961
954,19481600,9261626,2.103475134927711,73.33166600005825,253.35714536316743,15.21292049934297,0.01987836514402097,0.4431992975660116,0.9999841992841422
955,19481600,8887494,2.1920239833635895,74.09112499999537,250.76014924191205,14.598380420499343,-0.0804943329298462,0.39924505315481235,0.9999822759744474
956,19481600,9250618,2.105978216806704,134.46795799995925,138.1674998181026,15.19483902759527,-0.32341945303483,0.2484643842248991,0.9999839661578606
957,19481600,9158665,2.1271222388852524,79.35399999996662,234.12936414683338,15.043799277266753,-0.11066000559833489,0.3743482137777446,0.9999850959098319
958,19481600,8826104,2.207270614531621,77.5256659999286,239.65097652327307,14.49754270696452,-0.08240349679996917,0.3792293162530311,0.9999762953404798
959,19481600,8418691,2.314088971789082,90.32612500004689,205.68912440880592,13.828336070959264,0.28615210286580384,0.6079475113954151,0.9999705320936869
960,19481600,8605427,2.263873715970166,73.58058299996628,252.5000591869259,14.13506406044678,0.28468210480470746,0.5986452663309172,0.999973535140302
961,19481600,9150060,2.1291226505618543,74.82683399985035,248.29463668791809,15.029664914586071,-0.1371855227865062,0.3487857451864395,0.9999910935724514
962,19481600,8868597,2.1966946970304324,73.25766600001771,253.6130698252864,14.567340670170827,-0.008532662861146623,0.41647240802394225,0.9999763932187696
963,19481600,8621701,2.2596005127062515,76.74633299984635,242.08455096528454,14.161795335085413,-0.007096945286206413,0.44110555266074647,0.9999805377286427
964,19481600,9010936,2.1619951578837093,75.96354199995403,244.57918987652317,14.801143232588698,0.18536304644265722,0.5287500076369658,0.9999747522306229
965,19481600,9290251,2.0969939348247966,76.6558329999043,242.3703563761833,15.259939224704336,0.20426356344633012,0.5318511933630639,0.9999830429504628
966,19481600,9137864,2.131964319013721,74.10741700005019,250.70502136766441,15.009632063074902,-0.10118223461509568,0.36137936373744606,0.9999908369929159
967,19481600,9165928,2.1254367261012743,95.42316700003539,194.70221065386679,15.055729303547963,-0.1833609770186646,0.337945484987158,0.9999802880274851
968,19481600,8854820,2.200112481111982,77.13070899990271,240.87813794792726,14.544710906701708,0.09880873166706206,0.4904511471028419,0.9999789812353018
969,19481600,9278171,2.0997241805523954,78.28441699984978,237.32822283821378,15.24009691195795,-0.2089933464598348,0.3391389423635584,0.999979523192843
970,19481600,8414801,2.3151587304322465,75.57900000006157,245.82359600530393,13.821946452036794,0.3790140295706842,0.6566494794359838,0.9999712861226792
971,19481600,8645402,2.253405914496515,79.46866699990096,233.7915339956961,14.200726018396846,0.24717172012174193,0.548824206974327,0.9999747215650339
972,19481600,8990409,2.166931448836199,77.94120799985649,238.37328210943573,14.767426084099869,-0.2629245939041749,0.30091369475102725,0.999990821721963
973,19481600,9323482,2.089519773835569,74.80729200005953,248.35949899757384,15.314523653088042,-0.21746083595216747,0.32538588073105196,0.9999878846292528
974,19481600,8752931,2.2257230178096914,96.15554100014378,193.21925048991423,14.377350525624179,0.19937582158520983,0.5521101498691036,0.9999750627578017
975,19481600,9034344,2.156393424912755,75.31820799999878,246.6747690346045,14.839592641261499,-0.08163164517819976,0.40208306910313346,0.9999865572687173
976,19481600,8719961,2.2341384324998703,75.8469160000459,244.9552670340447,14.323194809461235,0.055997157764339,0.4433392618634761,0.9999758296080153
977,19481600,9173720,2.1236314166990056,78.19645900008254,237.59517758317406,15.068528252299606,-0.08138119547274791,0.41571270943963046,0.9999874889056615
978,19481600,9099927,2.1408523387055745,76.015082999902,244.41335626146656,14.947317674113009,0.09800848490800118,0.5018947449859188,0.9999883430695975
979,19481600,9060184,2.1502433063169577,73.21187499996995,253.77169431199005,14.88203679369251,0.10099068158229607,0.4654723221052525,0.9999804198756524
980,19481600,8996649,2.1654284834275517,76.23824999996032,243.6979018079464,14.777675755584758,-0.2302970177828909,0.30000008774918774,0.9999833513125956
981,19481600,8863529,2.197950725946742,74.86354200000278,248.172889849365,14.559016097240473,-0.07973590334280511,0.3699525774289582,0.9999785989966038
982,19481600,8565332,2.274471088803096,84.03187500016429,221.09588251438726,14.069204993429699,0.10817718277256694,0.47462842633970653,0.9999767190515375
983,19481600,9072329,2.147364805663463,76.68824999996104,242.26790365550704,14.901985873850197,-0.0625783013177974,0.3957359083443993,0.9999889152047526
984,19481600,8897063,2.1896664101400654,74.80012499991062,248.38329564986958,14.614098226018397,-0.06858784670306672,0.402128140453377,0.9999813302392261
985,19481600,9082218,2.1450266884146583,75.7347909998316,245.31792214942945,14.918229303547964,-0.15244174148935863,0.36460833590809166,0.9999875268105545
986,19481600,8810023,2.2112995618740157,74.62979100000666,248.95020223892013,14.471128449408672,-0.03581535659224877,0.39252871590328914,0.9999813815206248
987,19481600,8907464,2.1871095970749925,73.19287500013161,253.83757042562672,14.631182654402103,-0.1424987814385561,0.3446159318654702,0.9999789542554016
988,19481600,8826616,2.207142578764047,72.51524999992398,256.2095774684563,14.49838370565046,-0.09283025484149565,0.3724876701493118,0.9999801699820126
989,19481600,8510344,2.289167159400372,96.70770799993988,192.11603652639093,13.978883048620236,9.736068360377548e-05,0.42744700593383034,0.9999757493606156
990,19481600,8531937,2.283373634849859,78.74954199996864,235.92647132484146,14.014351182654401,0.291794495600582,0.5962817587594735,0.9999708321589682
991,19481600,8585094,2.2692354911897294,76.40362500001174,243.17041976080512,14.101665571616294,0.1867800184983036,0.5286428989637112,0.9999746770347988
992,19481600,9253545,2.1053120722922944,76.57641700006934,242.62171423459492,15.199646846254927,-0.18924818333370963,0.3392200415377318,0.9999889791839727
993,19481600,8706185,2.2376735619562416,75.61474999988604,245.70737273518725,14.300566688567674,-0.13680905011935418,0.35379689645072643,0.9999842220050617
994,19481600,8891734,2.1909787224854003,76.03195899991988,244.35910644521968,14.60534494086728,0.08650878344793578,0.4665817920499558,0.9999826073116278
995,19481600,8208148,2.373446482690127,73.38716599997497,253.16554072283344,13.482503285151116,0.4125113318133524,0.6523178627709608,0.9999704688541028
996,19481600,9185689,2.1208643140432906,74.12908299988885,250.631746820986,15.088188239159,-0.05972303355606057,0.3889902299737534,0.9999834970674651
997,19481600,9200328,2.117489724279395,83.89883300014844,221.44648379634944,15.112233902759527,-0.25825886043371704,0.29193944643644454,0.9999884226284621
998,19481600,9036953,2.155770866574165,75.74629200007621,245.28067410192577,14.843878120893562,-0.26370036297382216,0.3073696009354336,0.9999859201354573
999,19481600,8892105,2.1908873095853005,74.54791700001806,249.22361764307243,14.605954336399474,-0.1968307581712494,0.3349670436620293,0.9999815759191195
