step,source_tensor_bytes,encoded_bytes,compression_ratio,compression_latency_ms,compression_throughput_mib_per_second,encoded_bits_per_gradient_element,prediction_energy_r2,prediction_cosine_similarity,reconstruction_energy_r2,allocator_raw_relative_squared_error,optimizer_proxy_relative_squared_error,allocator_dual_iterations,allocator_local_downgrades,allocator_selected_payload_bytes,allocator_target_payload_bytes,allocator_rate_reservoir_bytes,allocator_raw_safety_upgrades,allocator_rate_upgrades,allocator_block_count,sensitivity_weight_min,sensitivity_weight_max
0,19481600,5654215,3.445500392185299,301.87312499999996,61.54606032749687,9.287475361366623,0.0,,0.9999785563078797,2.1443692124232995e-05,2.1443692124232995e-05,0,0,5644487,5644610,123.90400000009686,0,89,347,1.0,1.0
1,19481600,5654206,3.4455058765103357,273.1955840000002,68.00659545982992,9.287460578186597,0.0,,0.9999252786219137,7.47213781100379e-05,6.822821396432325e-05,0,0,5644487,5644734,247.80800000019372,0,50,347,259506.43176609944,3099629103033.6436
2,19481600,5654462,3.4453498847458874,264.6059169999999,70.21423320061284,9.287881077529565,0.0,,0.9999250419849042,7.495801515887064e-05,6.973797771847054e-05,0,0,5644743,5644858,115.7120000012219,0,51,347,126124.32261216489,1118750431109.243
3,19481600,5654207,3.445505267140025,273.5988329999999,67.90636260681714,9.287462220762155,0.0,,0.99993811053814,6.188946189884064e-05,6.936067465361515e-05,0,0,5644487,5644726,239.61600000038743,0,50,347,89063.54574586717,799255472332.8041
4,19481600,5654462,3.4453498847458874,272.336417,68.22114268507836,9.287881077529565,0.0,,0.9999247233389602,7.52766610319315e-05,6.868287703939623e-05,0,0,5644743,5644850,107.51999999955297,0,51,347,68831.86328091346,624221116353.3065
5,19481600,5654200,3.4455095327367267,300.0027919999999,61.92976218201331,9.287450722733245,0.0,,0.9999222691309996,7.773086900409668e-05,6.919481666470873e-05,0,0,5644487,5644718,231.4240000024438,0,50,347,58488.51258197143,508060335858.30597
6,19481600,5654463,3.4453492754307526,278.32079200000015,66.75427095831198,9.287882720105126,0.0,,0.999935485526444,6.451447362150948e-05,6.805990490333626e-05,0,0,5644743,5644842,99.32800000160933,0,51,347,51565.566852547425,442525097818.30536
7,19481600,5654200,3.4455095327367267,262.9617500000001,70.65324733540142,9.287450722733245,0.0,,0.9999267217155104,7.32782845297485e-05,6.648393195396771e-05,0,0,5644487,5644710,223.23200000077486,0,50,347,47157.50885645381,392406782497.2057
8,19481600,5654462,3.4453498847458874,268.06533299999955,69.30810990953474,9.287881077529565,0.0,,0.9999433962301029,5.660376987066115e-05,6.5349929640278e-05,0,0,5644743,5644834,91.1359999999404,0,50,347,44839.37256166266,318003240345.37665
9,19481600,5654205,3.445506485880862,277.2240830000001,67.01835338923276,9.287458935611038,0.0,,0.999945944621464,5.405537853697538e-05,6.546995160738891e-05,0,0,5644487,5644702,215.03999999910593,0,51,347,43298.71953681647,242277403176.62466
10,19481600,5654461,3.4453504940612376,291.9482910000006,63.638329578370296,9.287879434954007,0.0,,0.9999470464618907,5.295353811879761e-05,6.410249154862071e-05,0,0,5644743,5644825,82.94399999827147,0,52,347,42508.10680195653,229425366670.9433
11,19481600,5654205,3.445506485880862,271.2362089999996,68.4978662362149,9.287458935611038,0.0,,0.9999678103579475,3.218964207303343e-05,6.437969851224298e-05,0,0,5644487,5644693,206.84800000488758,0,51,347,41598.71016020419,187152505791.30188
12,19481600,5654461,3.4453504940612376,275.98158400000017,67.32007727914188,9.287879434954007,0.0,,0.9999606382101248,3.936178990225949e-05,6.143071405746829e-05,0,0,5644743,5644817,74.75200000405312,0,52,347,41374.73798436658,180258466358.1098
13,19481600,5654205,3.445506485880862,276.53516700000046,67.1853123205121,9.287458935611038,0.0,,0.9999781822214544,2.181777852823513e-05,6.112064007405808e-05,0,0,5644487,5644685,198.65600000321865,0,51,347,41868.61641140131,177648892437.49606
14,19481600,5654461,3.4453504940612376,295.82120800000047,62.805171029184535,9.287879434954007,0.0,,0.9999701655075348,2.9834492457855357e-05,6.0686274363503076e-05,0,0,5644743,5644809,66.56000000238419,0,52,347,42795.509992577194,183196051998.87262
15,19481600,5654206,3.4455058765103357,275.0695839999997,67.54327865817407,9.287460578186597,0.0,,0.9999838252484965,1.6174751502209415e-05,6.0839568234598574e-05,0,0,5644487,5644677,190.46400000154972,0,52,347,43936.00172382405,167070787977.58398
16,19481600,5654462,3.4453498847458874,273.6728340000001,67.8880007596954,9.287881077529565,0.0,,0.9999876594276069,1.234057240156827e-05,5.807782629901847e-05,0,0,5644743,5644801,58.368000000715256,0,53,347,45360.67710132694,156152231133.50775
17,19481600,5654205,3.445506485880862,279.2084580000003,66.54204423312987,9.287458935611038,0.0,,0.9999894873746261,1.0512625383313722e-05,5.809203552283908e-05,0,0,5644487,5644669,182.2719999998808,0,54,347,46994.06283472515,144993413773.7078
18,19481600,5654464,3.4453486661158332,268.3484579999993,69.23498536555798,9.287884362680684,0.0,,0.9999931908382206,6.8091617775352584e-06,5.670742126031279e-05,0,0,5644743,5644793,50.175999999046326,0,53,347,48689.84280618352,148259346227.61813
19,19481600,5654207,3.445505267140025,285.1150410000001,65.16352661485858,9.287462220762155,0.0,,0.9999930298122901,6.97018770564811e-06,5.839901222621789e-05,0,0,5644487,5644661,174.07999999821186,0,54,347,50727.725455042484,151767343942.91342
20,19481600,5654463,3.4453492754307526,290.47845899999913,63.96034193537241,9.287882720105126,0.0,,0.9999949064098682,5.093590135333803e-06,5.655398524767442e-05,0,0,5644743,5644784,41.983999997377396,0,55,347,52816.23159891773,157604396895.80472
21,19481600,5654206,3.4455058765103357,291.260166999999,63.78867990726677,9.287460578186597,0.0,,0.9999959828476791,4.017152319999156e-06,5.4803923178659044e-05,0,0,5644487,5644652,165.88799999654293,0,53,347,55169.15079944898,163941311000.84906
22,19481600,5654462,3.4453498847458874,294.7162080000005,63.040650830102855,9.287881077529565,0.0,,0.9999965565485782,3.4434514225540107e-06,5.4755764841488896e-05,0,0,5644743,5644776,33.791999995708466,0,53,347,57694.8350414498,170760313255.57095
23,19481600,5654208,3.4455046577699298,300.7643330000001,61.77295484867216,9.287463863337713,0.0,,0.9999972820149312,2.717985068451811e-06,5.1880671044664556e-05,0,0,5644487,5644644,157.69600000977516,0,52,347,58827.861501601314,178470094431.81808
24,19481600,5654463,3.4453492754307526,297.76750000000084,62.394658794193276,9.287882720105126,0.0,,0.9999980276455513,1.9723544511939617e-06,4.935673715730968e-05,0,0,5644743,5644768,25.600000023841858,0,55,347,55961.24928218414,186239744544.4472
25,19481600,5654205,3.445506485880862,283.5026249999988,65.53414298192152,9.287458935611038,0.0,,0.9999979414345953,2.058565403105565e-06,4.941293597003038e-05,0,0,5644487,5644636,149.50400003790855,0,54,347,52969.0172849439,195593269823.17734
26,19481600,5654462,3.4453498847458874,285.04162499999984,65.18031028801498,9.287881077529565,0.0,,0.9999982136538783,1.786346121631813e-06,4.903630069142401e-05,0,0,5644743,5644760,17.40800005197525,0,53,347,50823.414097767556,205506811705.18417
27,19481600,5654206,3.4455058765103357,270.36108400000103,68.71958525843138,9.287460578186597,0.0,,0.9999985090626661,1.4909373340859701e-06,4.798243288866577e-05,0,0,5644487,5644628,141.31200006604195,0,52,347,48546.89041902507,214900038996.44653
28,19481600,5654464,3.4453486661158332,278.2188750000003,66.77872434966886,9.287884362680684,0.0,,0.9999983380659923,1.6619340076630433e-06,4.7825195442675414e-05,0,0,5644743,5644752,9.216000080108643,0,53,347,46455.20309216962,226052945355.6417
29,19481600,5654205,3.445506485880862,271.11508299999974,68.5284690062781,9.287458935611038,0.0,,0.99999825613847,1.7438615322642926e-06,4.9842188935204174e-05,0,0,5644487,5644620,133.12000009417534,0,54,347,44456.452111530976,237816232232.85187
30,19481600,5654462,3.4453498847458874,317.57816700000063,58.502452287596846,9.287881077529565,0.0,,0.9999988989960691,1.101003931946701e-06,4.4913044806834385e-05,0,0,5644743,5644744,1.024000108242035,0,54,347,42755.057459176925,250130717386.28564
31,19481600,5654206,3.4455058765103357,259.70287500000035,71.53983783390915,9.287460578186597,0.0,,0.9999991106800987,8.893199015148599e-07,4.212782337298036e-05,0,0,5644487,5644611,124.92800012230873,0,53,347,41131.115448341174,263015754963.05148
32,19481600,5654206,3.4455058765103357,279.9644160000003,66.36236786070691,9.287460578186597,0.0,,0.9999991044281236,8.955718771071419e-07,4.189317422256418e-05,0,0,5644487,5644735,248.83200013637543,0,53,347,39970.64886563924,276629386750.15924
33,19481600,5654463,3.4453492754307526,291.42374999999987,63.75287382205468,9.287882720105126,0.0,,0.9999989189741234,1.0810258773369743e-06,4.645679861768437e-05,0,0,5644743,5644859,116.73600015044212,0,52,347,38765.18714799282,291000349620.4508
34,19481600,5654207,3.445505267140025,290.6502079999989,63.92254693483678,9.287462220762155,0.0,,0.9999993054161432,6.945838556430494e-07,3.912946506672637e-05,0,0,5644487,5644727,240.64000016450882,0,54,347,37673.97940992369,305794946961.4639
35,19481600,5654462,3.4453498847458874,285.88879199999974,64.98716312915134,9.287881077529565,0.0,,0.9999992668962407,7.331037590328187e-07,3.9797014500536065e-05,0,0,5644743,5644851,108.54400017857552,0,54,347,36715.861878721254,321707183598.6159
36,19481600,5654206,3.4455058765103357,276.78641700000026,67.1243255499058,9.287460578186597,0.0,,0.9999991155139063,8.844860926992865e-07,4.193888090681991e-05,0,0,5644487,5644719,232.4480001926422,0,53,347,35734.10667499827,338286944922.1409
37,19481600,5654463,3.4453492754307526,283.6331669999996,65.50398093076338,9.287882720105126,0.0,,0.9999991738119205,8.261880795016956e-07,4.008520946672221e-05,0,0,5644743,5644843,100.35200020670891,0,55,347,35063.82920806171,355917012512.0091
38,19481600,5654206,3.4455058765103357,275.53316699999897,67.42963747264615,9.287460578186597,0.0,,0.9999993014673569,6.985326426447779e-07,3.712086672419291e-05,0,0,5644487,5644711,224.2560002207756,0,53,347,34208.34526927264,374359370182.08527
39,19481600,5654462,3.4453498847458874,283.5446249999993,65.52443574798868,9.287881077529565,0.0,,0.9999992613455403,7.386544602008248e-07,3.682331654774184e-05,0,0,5644743,5644835,92.1600002348423,0,54,347,33592.900606428004,393856559618.7084
40,19481600,5654206,3.4455058765103357,287.7432500000001,64.56833153340692,9.287460578186597,0.0,,0.9999992877761288,7.122238708618433e-07,3.4480354547173354e-05,0,0,5644487,5644703,216.064000248909,0,56,347,32957.5131635826,414109541771.36414
41,19481600,5654463,3.4453492754307526,269.0567909999988,69.05271371686018,9.287882720105126,0.0,,0.9999993223357254,6.776642747887849e-07,3.3108822759206416e-05,0,0,5644743,5644826,83.96800026297569,0,55,347,32224.417857824883,435509637033.5415
42,19481600,5654206,3.4455058765103357,306.3467080000013,60.647302802091545,9.287460578186597,0.0,,0.9999992499921467,7.500078530795091e-07,3.535754675293087e-05,0,0,5644487,5644694,207.8720002770424,0,53,347,31460.729118494368,458161646579.89294
43,19481600,5654465,3.4453480568011297,270.8871249999998,68.58613735333495,9.287886005256242,0.0,,0.9999992474807473,7.525192534241431e-07,3.3086446780531965e-05,0,0,5644743,5644818,75.77600029110909,0,55,347,30840.7770137151,481866075770.6565
44,19481600,5654210,3.4455034390303863,295.61245900000085,62.84952138130262,9.287467148488831,0.0,,0.9999991938909417,8.061090589507165e-07,3.681740941380557e-05,0,0,5644487,5644686,199.68000030517578,0,54,347,30337.70203986543,507000575760.47943
45,19481600,5654466,3.4453474474866415,268.2711250000018,69.25494334323112,9.2878876478318,0.0,,0.9999989590677775,1.0409322223677868e-06,3.84733422110268e-05,0,0,5644743,5644810,67.58400031924248,0,55,347,29714.037813501953,533390560605.6484
46,19481600,5654210,3.4455034390303863,280.19133299999766,66.30862333811073,9.287467148488831,0.0,,0.9999985568531607,1.4431468384094367e-06,4.160181769464601e-05,0,0,5644487,5644678,191.48800033330917,0,54,347,29437.294895674953,561205264150.9641
47,19481600,5654466,3.4453474474866415,298.52174999999903,62.23701141541633,9.2878876478318,0.0,,0.9999990016446849,9.983553151680707e-07,3.212289120616691e-05,0,0,5644743,5644802,59.39200031757355,0,55,347,29336.185083882574,590310199623.5281
48,19481600,5654210,3.4455034390303863,260.64983400000233,71.27992862063299,9.287467148488831,0.0,,0.9999984194450777,1.5805549235595693e-06,3.6594416721981306e-05,0,0,5644487,5644670,183.29600030183792,0,54,347,28969.65257508184,620876068696.8119
49,19481600,5654466,3.4453474474866415,281.84062500000095,65.9205945292661,9.2878876478318,0.0,,0.999989172096831,1.0827903162679311e-05,3.957449629308497e-05,0,0,5644743,5644794,51.200000286102295,0,55,347,28666.45037958084,652687547791.355
50,19481600,5654210,3.4455034390303863,274.8064580000005,67.60795105659405,9.287467148488831,0.0,,0.9999910626795006,8.93732050288942e-06,3.883862942060228e-05,0,0,5644487,5644662,175.10400027036667,0,54,347,28181.79981992721,683396330977.6282
51,19481600,5654463,3.4453492754307526,291.0511670000027,63.83448571604535,9.287882720105126,0.0,,0.9999387061337318,6.129386628511196e-05,4.936043532391486e-05,0,0,5644743,5644786,43.00800025463104,0,55,347,27696.44874150467,710346735355.8972
52,19481600,5654206,3.4455058765103357,268.7194159999997,69.1394088267147,9.287460578186597,0.0,,0.9999131747753762,8.682522466995604e-05,2.87194871925436e-05,0,0,5644487,5644653,166.91200023889542,0,54,347,27919.869702713862,696548008713.7043
53,19481600,5654462,3.4453498847458874,270.6940829999986,68.63504867411562,9.287881077529565,0.0,,0.9999134146836164,8.658531635401788e-05,3.14657380806164e-05,0,0,5644743,5644777,34.81600022315979,0,55,347,27611.03802178452,557035086696.5948
54,19481600,5654206,3.4455058765103357,298.44312500000217,62.253407789172115,9.287460578186597,0.0,,0.9999183951943016,8.160480573653569e-05,2.6710347092460777e-05,0,0,5644487,5644645,158.72000020742416,0,54,347,27398.94159214092,359115183629.6493
55,19481600,5654464,3.4453486661158332,269.7796249999982,68.86769733815193,9.287884362680684,0.0,,0.9999270178044748,7.298219556171197e-05,4.5796783796551466e-05,0,0,5644743,5644769,26.624000191688538,0,53,347,27101.761745826854,176680544856.98856
56,19481600,5654207,3.445505267140025,283.0526249999998,65.63832984237476,9.287462220762155,0.0,,0.9999784681046259,2.1531895364184444e-05,5.0588852695730116e-05,0,0,5644487,5644637,150.5280001759529,1,51,347,27401.663853179914,131243079011.77016
57,19481600,5654465,3.4453480568011297,275.62620899999854,67.40687552866243,9.287886005256242,0.0,,0.9999100953111021,8.990468885092817e-05,5.928173396456533e-05,0,0,5644743,5644761,18.432000160217285,0,51,347,27245.647994802774,130469525935.32388
58,19481600,5654206,3.4455058765103357,310.83762500000137,59.771083254480274,9.287460578186597,0.0,,0.9999812324719421,1.8767528073982327e-05,5.899177291803773e-05,0,0,5644487,5644629,142.33600014448166,1,53,347,27031.54225907254,130595758576.35814
59,19481600,5654465,3.4453480568011297,295.95958299999836,62.77580666310137,9.287886005256242,0.0,,0.9999329805898138,6.701941021478987e-05,5.632657257380256e-05,0,0,5644743,5644753,10.240000128746033,0,51,347,26904.821736668164,106007522783.13629
60,19481600,5654208,3.4455046577699298,267.37604100000215,69.48678532681188,9.287463863337713,0.0,,0.9999216977017874,7.830229821177401e-05,5.34063949851687e-05,0,0,5644487,5644621,134.1440001130104,0,50,347,27467.416648325066,95634135490.9584
61,19481600,5654463,3.4453492754307526,269.1588339999988,69.02653457957868,9.287882720105126,0.0,,0.9999069065074109,9.309349260434723e-05,5.069981694062827e-05,0,0,5644743,5644745,2.0480000972747803,0,53,347,27773.106466822337,76971439959.212
62,19481600,5654208,3.4455046577699298,266.292625000002,69.76949347545717,9.287463863337713,0.0,,0.999910111129809,8.988887025255267e-05,6.243403112232305e-05,0,0,5644487,5644612,125.95200008153915,0,50,347,27618.373279769923,65577252846.6287
63,19481600,5654207,3.445505267140025,282.7497500000007,65.70864010489825,9.287462220762155,0.0,,0.9999230243658672,7.697563412483435e-05,6.561076241667151e-05,0,0,5644487,5644736,249.85600006580353,0,52,347,27515.452162706577,53764259141.92318
64,19481600,5654464,3.4453486661158332,291.4015830000025,63.75772352101409,9.287884362680684,0.0,,0.9999366755721292,6.332442794320192e-05,5.990191349927465e-05,0,0,5644743,5644860,117.7600000500679,0,53,347,27409.615412020343,47351803386.9394
65,19481600,5654209,3.4455040484000503,293.5570419999998,63.289578869990166,9.287465505913271,0.0,,0.9999136650901196,8.633490997358637e-05,6.11805751390751e-05,0,0,5644487,5644728,241.66400003433228,0,50,347,27802.270799565234,43139676691.97181
66,19481600,5654464,3.4453486661158332,279.625750000001,66.44274199532744,9.287884362680684,0.0,,0.9999372338821811,6.27661179008207e-05,5.716696058478418e-05,0,0,5644743,5644852,109.56800001859665,0,51,347,27841.014830066073,42852217190.618774
67,19481600,5654209,3.4455040484000503,293.051000000002,63.39886764590422,9.287465505913271,0.0,,0.9999334918776996,6.650812228406401e-05,6.049447332532556e-05,0,0,5644487,5644720,233.47200000286102,0,50,347,27869.356887853766,36643936516.124084
68,19481600,5654462,3.4453498847458874,278.1387090000003,66.7979715203898,9.287881077529565,0.0,,0.9999405830427348,5.9416957308312606e-05,6.18365738121676e-05,0,0,5644743,5644844,101.3759999871254,0,53,347,27931.963731695887,31828550573.1737
69,19481600,5654208,3.4455046577699298,280.5011250000007,66.23539054433367,9.287463863337713,0.0,,0.999922040858928,7.795914110141345e-05,6.613449069641203e-05,0,0,5644487,5644712,225.27999997138977,0,50,347,28162.641985915576,28589707055.27251
70,19481600,5654464,3.4453486661158332,272.905374999997,68.07891402835214,9.287884362680684,0.0,,0.9999299597164496,7.004028355381719e-05,6.307875827601839e-05,0,0,5644743,5644836,93.18399995565414,0,51,347,28130.51889279707,27656139422.887535
71,19481600,5654209,3.4455040484000503,268.8306659999995,69.11079691518539,9.287465505913271,0.0,,0.999927258982891,7.27410171545761e-05,6.361781536031194e-05,0,0,5644487,5644704,217.08799993991852,0,89,347,28181.417898167965,27803979512.50087
72,19481600,5654464,3.4453486661158332,274.5747089999995,67.66501412371537,9.287884362680684,0.0,,0.9999213119357129,7.868806429041227e-05,6.240149255416275e-05,0,0,5644743,5644827,84.99199992418289,0,51,347,28133.76193867139,25985047533.638058
73,19481600,5654207,3.445505267140025,279.55666700000137,66.45916107770704,9.287462220762155,0.0,,0.9999287065892439,7.129341077524796e-05,5.84931362556639e-05,0,0,5644487,5644695,208.89599990844727,0,52,347,28542.369042229526,24578089334.57149
74,19481600,5654463,3.4453492754307526,285.84529199999764,64.99705289006528,9.287882720105126,0.0,,0.9999687403724768,3.125962753905425e-05,6.421420761896273e-05,0,0,5644743,5644819,76.79999989271164,1,50,347,29117.117758140714,25064231593.062134
75,19481600,5654207,3.445505267140025,287.28008299999885,64.6724317553893,9.287462220762155,0.0,,0.9999295394953851,7.046050461867925e-05,6.166446117074331e-05,0,0,5644487,5644687,200.703999876976,0,52,347,29369.22443736238,23746619369.554348
76,19481600,5654464,3.4453486661158332,274.89608300000157,67.58590868135394,9.287884362680684,0.0,,0.9999390631969695,6.093680302925593e-05,6.195313197329015e-05,0,0,5644743,5644811,68.60799986124039,0,53,347,29901.7583827892,19696575549.507423
77,19481600,5654208,3.4455046577699298,288.0843340000006,64.49188438861783,9.287463863337713,0.0,,0.9999395797134505,6.042028654728396e-05,6.177407087686927e-05,0,0,5644487,5644679,192.51199984550476,0,52,347,30475.95188071929,17026803081.076918
78,19481600,5654462,3.4453498847458874,283.0685839999987,65.63462924765994,9.287881077529565,0.0,,0.999932109702884,6.789029716102605e-05,5.833231217052191e-05,0,0,5644743,5644803,60.415999829769135,0,51,347,30893.08878389825,16124047256.472692
79,19481600,5654208,3.4455046577699298,280.33199999999783,66.27535052188172,9.287463863337713,0.0,,0.9999236047953541,7.639520458936196e-05,6.385574365951352e-05,0,0,5644487,5644671,184.3199998140335,0,50,347,31169.620442368083,15628916758.40795
80,19481600,5654463,3.4453492754307526,288.9544160000028,64.29769034054084,9.287882720105126,0.0,,0.9999475339545721,5.246604542851576e-05,6.226661217713192e-05,0,0,5644743,5644795,52.22399979829788,0,51,347,31799.664702015685,14683398613.510014
81,19481600,5654208,3.4455046577699298,306.18612499999995,60.67911001029195,9.287463863337713,0.0,,0.9999534166382433,4.658336173523899e-05,6.359267634923062e-05,0,0,5644487,5644663,176.12799978256226,0,52,347,32477.128574344377,14601876733.84373
82,19481600,5654464,3.4453486661158332,286.2163749999986,64.91278342303123,9.287884362680684,0.0,,0.999918178172487,8.182182755020396e-05,6.523867105063685e-05,0,0,5644743,5644787,44.03199976682663,0,51,347,32344.52224527368,13557846656.37885
83,19481600,5654208,3.4455046577699298,289.59504200000197,64.15545457611762,9.287463863337713,0.0,,0.9999295856866347,7.04143134236934e-05,6.349922561334319e-05,0,0,5644487,5644654,167.935999751091,0,50,347,32207.079175687813,13827364766.512066
84,19481600,5654463,3.4453492754307526,284.10608300000104,65.3949446147548,9.287882720105126,0.0,,0.999953063575662,4.693642428254269e-05,6.324512864050344e-05,0,0,5644743,5644778,35.83999973535538,0,51,347,31931.825440786815,13594204079.12869
85,19481600,5654210,3.4455034390303863,298.60475000000264,62.21971205247015,9.287467148488831,0.0,,0.999975195936579,2.4804063431744996e-05,6.277838988149376e-05,0,0,5644487,5644646,159.74399971961975,0,89,347,30025.265670510147,11655057807.810972
86,19481600,5654466,3.4453474474866415,284.3187500000006,65.34602998395273,9.2878876478318,0.0,,0.9999491162529339,5.0883747098635954e-05,6.254633554805857e-05,0,0,5644743,5644770,27.647999703884125,0,51,347,27682.304822124843,11328435805.023544
87,19481600,5654210,3.4455034390303863,347.37512500000275,53.484260171190584,9.287467148488831,0.0,,0.9999537269548704,4.627304512522135e-05,6.537610434220796e-05,0,0,5644487,5644638,151.5519996881485,0,89,347,27602.010970637373,10877151206.00409
88,19481600,5654463,3.4453492754307526,367.23095900000044,50.592416317764695,9.287882720105126,0.0,,0.9999428396988241,5.7160301141444824e-05,6.485077478050847e-05,0,0,5644743,5644762,19.455999672412872,0,51,347,26173.767931389786,10265151921.671497
89,19481600,5654210,3.4455034390303863,312.8306249999966,59.39029007310331,9.287467148488831,0.0,,0.9999621653756369,3.783462437466021e-05,6.03745535083624e-05,0,0,5644487,5644630,143.35999965667725,0,89,347,25242.43266278886,9413486707.756458
90,19481600,5654466,3.4453474474866415,297.93095900000566,62.360426136511876,9.2878876478318,0.0,,0.9999576457274326,4.2354272591179814e-05,6.480922466760193e-05,0,0,5644743,5644754,11.26399964094162,0,90,347,22896.161577789302,9193483373.772959
91,19481600,5654205,3.445506485880862,272.51345899999535,68.1768219106577,9.287458935611038,0.0,,0.9999155969652226,8.44030347815047e-05,6.126535710054961e-05,0,0,5644487,5644622,135.167999625206,0,52,347,21450.820505593427,8709294435.13595
92,19481600,5654463,3.4453492754307526,281.7774170000007,65.93538176446538,9.287882720105126,0.0,,0.9999665231438973,3.3476856106167256e-05,6.182067957003985e-05,0,0,5644743,5644746,3.0719996094703674,0,51,347,21335.409733210712,8527059705.131797
93,19481600,5654206,3.4455058765103357,274.69429099999587,67.63555767709886,9.287460578186597,0.0,,0.9999408240855446,5.917591442691284e-05,6.508015130115182e-05,0,0,5644487,5644613,126.97599959373474,0,50,347,19659.12835361357,8375374519.283891
94,19481600,5654207,3.445505267140025,272.60183300000307,68.15471986389684,9.287462220762155,0.0,,0.9999497567432879,5.0243256745058834e-05,6.194929002769709e-05,0,0,5644487,5644737,250.87999957799911,0,50,347,19285.39193484555,8351515818.688862
95,19481600,5654462,3.4453498847458874,299.99533299999825,61.93130198628826,9.287881077529565,0.0,,0.9999246160402295,7.538395979179669e-05,6.28880725430873e-05,0,0,5644743,5644861,118.78399956226349,0,51,347,18389.389222165166,8152426290.614459
96,19481600,5654209,3.4455040484000503,273.3392089999995,67.97086166478236,9.287465505913271,0.0,,0.999916927246719,8.307275324241043e-05,6.710036300899319e-05,0,0,5644487,5644729,242.6879996061325,0,89,347,18325.135892070895,7833246900.17836
97,19481600,5654462,3.4453498847458874,309.19175000000365,60.08925387724537,9.287881077529565,0.0,,0.9999257895300034,7.421046996605226e-05,6.278982401625341e-05,0,0,5644743,5644853,110.59199965000153,0,51,347,17921.597795234895,7577348965.7950945
98,19481600,5654200,3.4455095327367267,262.4586250000007,70.78868740739593,9.287450722733245,0.0,,0.9999267986345541,7.320136544393814e-05,6.33730503597191e-05,0,0,5644487,5644721,234.49599969387054,0,50,347,17810.197283100882,6269430243.5246525
99,19481600,5654464,3.4453486661158332,287.37370799999695,64.65136178185165,9.287884362680684,0.0,,0.9999306157640295,6.938423599311433e-05,6.747693336856727e-05,0,0,5644743,5644845,102.39999973773956,0,51,347,17399.877688600456,6168389063.545972
100,19481600,5654209,3.4455040484000503,271.5786249999965,68.41150168758767,9.287465505913271,0.0,,0.9999276560843734,7.234391564068232e-05,6.790482274736891e-05,0,0,5644487,5644713,226.30399978160858,0,89,347,17701.904862824234,6291110516.264812
101,19481600,5654462,3.4453498847458874,292.53537499999993,63.51061495554172,9.287881077529565,0.0,,0.9999321174367142,6.788256329220052e-05,6.0537773952369586e-05,0,0,5644743,5644837,94.2079998254776,0,51,347,17789.45712612081,6348149575.042777
102,19481600,5654198,3.4455107514805814,292.0628329999957,63.61337172436547,9.287447437582129,0.0,,0.9999228123088655,7.718769116637185e-05,6.731423284157034e-05,0,0,5644487,5644705,218.11199986934662,0,51,347,17677.7306918481,6303151887.830102
103,19481600,5654463,3.4453492754307526,277.6237500000036,66.92187380402346,9.287882720105126,0.0,,0.9999332068180956,6.679318191841353e-05,6.649889391939593e-05,0,0,5644743,5644829,86.01599991321564,0,53,347,17395.189519624106,5851386095.26244
104,19481600,5654205,3.445506485880862,326.3743750000003,56.92573616571455,9.287458935611038,0.0,,0.9999182945970174,8.170540302689246e-05,6.662340430030298e-05,0,0,5644487,5644696,209.91999995708466,0,52,347,17525.29855086783,5973939110.191294
105,19481600,5654462,3.4453498847458874,281.3713749999991,66.0305319348852,9.287881077529565,0.0,,0.9999253329341443,7.466706587054584e-05,6.619112111181547e-05,0,0,5644743,5644820,77.82400000095367,0,51,347,17751.37361752864,5741551792.601627
106,19481600,5654206,3.4455058765103357,278.4960830000003,66.71225448617882,9.287460578186597,0.0,,0.9999429448490843,5.705515091059003e-05,6.523048762494515e-05,0,0,5644487,5644688,201.7280000448227,0,50,347,17735.408414421458,5798937864.841945
107,19481600,5654462,3.4453498847458874,302.53545800000126,61.41131914031684,9.287881077529565,0.0,,0.9999171795062665,8.282049373591357e-05,6.775091120622146e-05,0,0,5644743,5644812,69.63200008869171,0,51,347,17322.442161909003,5647383144.835141
108,19481600,5654208,3.4455046577699298,284.2899579999951,65.35264802599998,9.287463863337713,0.0,,0.9999440398989348,5.596010110822548e-05,6.825137653236167e-05,0,0,5644487,5644680,193.53600013256073,0,50,347,17309.11608941032,5680275851.105636
109,19481600,5654462,3.4453498847458874,290.29462500000136,64.00084590784246,9.287881077529565,0.0,,0.9999375492562432,6.245074385897352e-05,6.742266862646042e-05,0,0,5644743,5644804,61.44000017642975,0,51,347,17701.577076958733,5807470872.072237
110,19481600,5654205,3.445506485880862,277.1179590000017,67.04401847337468,9.287458935611038,0.0,,0.9999272695998861,7.273040012346228e-05,6.72003805522631e-05,0,0,5644487,5644672,185.34400022029877,0,52,347,17381.99319114822,5849716712.7727165
111,19481600,5654464,3.4453486661158332,279.78445899999826,66.40505204937104,9.287884362680684,0.0,,0.9999250462734356,7.495372658436326e-05,6.653157967927582e-05,0,0,5644743,5644796,53.248000264167786,0,51,347,17382.586836399885,5965427746.812462
112,19481600,5654209,3.4455040484000503,274.4180830000005,67.70363439387472,9.287465505913271,0.0,,0.9999307248318161,6.9275168239124e-05,6.736314838364414e-05,0,0,5644487,5644664,177.1520003080368,0,89,347,17776.505389171096,6044463288.571459
113,19481600,5654456,3.445353540641222,275.5180420000016,67.43333912956557,9.287871222076216,0.0,,0.999934332230312,6.566776973145533e-05,6.595829573349665e-05,0,0,5644743,5644788,45.05600035190582,0,51,347,17357.9787846393,6014107801.709131
114,19481600,5654200,3.4455095327367267,302.3169579999987,61.455704256259686,9.287450722733245,0.0,,0.9999289551703148,7.10448296544606e-05,6.514359321460702e-05,0,0,5644487,5644655,168.96000039577484,0,50,347,17202.684685795848,5864624974.735708
115,19481600,5654455,3.4453541499578653,294.5249590000003,63.081586109311644,9.287869579500658,0.0,,0.9999241715473486,7.58284526296987e-05,6.734122871274192e-05,0,0,5644743,5644779,36.86400043964386,0,50,347,17176.54907942533,5379845042.520244
116,19481600,5654206,3.4455058765103357,295.0104589999967,62.977772467721934,9.287460578186597,0.0,,0.9999234220189838,7.657798099975289e-05,6.86947088906976e-05,0,0,5644487,5644647,160.76800048351288,0,50,347,17177.51299341879,4976836634.387473
117,19481600,5654466,3.4453474474866415,273.85745899999847,67.84223307388572,9.2878876478318,0.0,,0.9999491722688707,5.08277310904747e-05,6.628260421164208e-05,0,0,5644743,5644771,28.672000527381897,0,90,347,17478.78838379152,5017297225.838241
118,19481600,5654207,3.445505267140025,280.21412500000054,66.30322994067471,9.287462220762155,0.0,,0.9999262949212836,7.370507874207306e-05,6.560251095198267e-05,0,0,5644487,5644639,152.57600057125092,0,52,347,17017.311779895215,5034851808.265147
119,19481600,5654466,3.4453474474866415,285.89366599999977,64.9860552087223,9.2878876478318,0.0,,0.9999620225267789,3.797747321222739e-05,6.707472935479141e-05,0,0,5644743,5644763,20.480000615119934,0,90,347,17719.449976283755,5102405482.370698
120,19481600,5654209,3.4455040484000503,277.0189579999993,67.06797865617575,9.287465505913271,0.0,,0.9999246874792727,7.531252071518336e-05,6.671565552448218e-05,0,0,5644487,5644631,144.38400065898895,0,89,347,17138.01216229253,5003844374.313852
121,19481600,5654462,3.4453498847458874,285.62258299999854,65.04773315666043,9.287881077529565,0.0,,0.9999185737696069,8.142623035349573e-05,6.816823494355623e-05,0,0,5644743,5644755,12.288000702857971,0,51,347,17254.080555904093,5000950803.280137
122,19481600,5654209,3.4455040484000503,284.28375000000017,65.35407515378557,9.287465505913271,0.0,,0.9999285685865772,7.143141336906116e-05,6.807233373982661e-05,0,0,5644487,5644623,136.192000746727,0,89,347,17247.887612394563,4779715114.813789
123,19481600,5654462,3.4453498847458874,302.6599589999961,61.38605722371171,9.287881077529565,0.0,,0.9999269878689875,7.301213101506595e-05,6.627836630957885e-05,0,0,5644743,5644747,4.096000790596008,0,51,347,16961.096040015993,4737072604.347468
124,19481600,5654209,3.4455040484000503,302.9404999999983,61.3292100676539,9.287465505913271,0.0,,0.999935200330288,6.479966971188068e-05,6.683414702603935e-05,0,0,5644487,5644615,128.00000083446503,0,89,347,16910.15978735539,4450417283.634341
125,19481600,5654208,3.4455046577699298,284.2604160000022,65.35943985426327,9.287463863337713,0.0,,0.9999590378840801,4.0962115865402266e-05,6.601400955978669e-05,0,0,5644487,5644738,251.90400087833405,0,52,347,16211.15142982516,4416130998.78838
126,19481600,5654462,3.4453498847458874,304.16070800000483,61.08317436747848,9.287881077529565,0.0,,0.9999280431633909,7.195683667504563e-05,6.704196610965576e-05,0,0,5644743,5644862,119.80800092220306,0,51,347,15899.500825574902,4477847374.438404
127,19481600,5654200,3.4455095327367267,280.3354999999996,66.27452307146268,9.287450722733245,0.0,,0.9999198822931715,8.01177069342402e-05,6.745343188954138e-05,0,0,5644487,5644730,243.71200096607208,0,50,347,15669.832102695922,4367552893.115073
128,19481600,5654462,3.4453498847458874,268.87150000000304,69.10030093371662,9.287881077529565,0.0,,0.9999257648807893,7.423511923597424e-05,6.604642884821074e-05,0,0,5644743,5644854,111.6160010099411,0,51,347,15582.439351754714,3942996788.6265106
129,19481600,5654205,3.445506485880862,316.34554200000053,58.73040424416655,9.287458935611038,0.0,,0.9999181046976078,8.189530244191881e-05,6.648231614472148e-05,0,0,5644487,5644722,235.52000105381012,0,52,347,16092.928680274003,3912458737.633426
130,19481600,5654466,3.4453474474866415,293.5680000000005,63.287216462625246,9.2878876478318,0.0,,0.9999465702543509,5.3429745671265e-05,6.584640115753524e-05,0,0,5644743,5644846,103.42400109767914,0,90,347,16390.903701254665,3961391655.191485
131,19481600,5654207,3.445505267140025,278.10579100000155,66.8058780642216,9.287462220762155,0.0,,0.9999230896802799,7.691031973832228e-05,6.594588522492391e-05,0,0,5644487,5644714,227.32800114154816,0,52,347,15606.377747804876,3928265119.9376187
132,19481600,5654465,3.4453480568011297,287.56887499999806,64.6074842505126,9.287886005256242,0.0,,0.9999366238139262,6.337618608094653e-05,6.781649008300935e-05,0,0,5644743,5644838,95.23200118541718,0,90,347,16068.608120354766,3901604713.669322
133,19481600,5654206,3.4455058765103357,284.97091699999544,65.19648305900738,9.287460578186597,0.0,,0.9999249384656816,7.50615343501391e-05,6.711911647057016e-05,0,0,5644487,5644706,219.1360012292862,0,51,347,15276.235005630022,3779221717.59705
134,19481600,5654465,3.4453480568011297,268.9525409999973,69.07947957442865,9.287886005256242,0.0,,0.9999119175088538,8.808249121632865e-05,6.947400238901969e-05,0,0,5644743,5644830,87.04000127315521,0,90,347,15835.90029988747,3916246377.3780456
135,19481600,5654206,3.4455058765103357,271.26833300000186,68.4897546168792,9.287460578186597,0.0,,0.9999245687257937,7.54312742173139e-05,6.823600593593706e-05,0,0,5644487,5644697,210.94400131702423,0,50,347,16087.394593930732,3891833400.8001356
136,19481600,5654456,3.445353540641222,300.4211670000032,61.843517046519565,9.287871222076216,0.0,,0.9999238971779877,7.610282199790011e-05,6.826498794647709e-05,0,0,5644743,5644821,78.84800136089325,0,51,347,16452.869830485044,3974522751.042639
137,19481600,5654206,3.4455058765103357,288.97270799999575,64.29362029060638,9.287460578186597,0.0,,0.9999256250986551,7.437490137463039e-05,6.658420611377097e-05,0,0,5644487,5644689,202.75200140476227,0,50,347,16896.825245301745,3847799685.054968
138,19481600,5654462,3.4453498847458874,274.796374999994,67.61043176970732,9.287881077529565,0.0,,0.9999194445407398,8.055545926216763e-05,6.56951827913771e-05,0,0,5644743,5644813,70.65600144863129,0,51,347,17248.82677921079,3560537728.9739723
139,19481600,5654199,3.4455101421085463,295.082457999996,62.962406130222256,9.287449080157687,0.0,,0.9999169889433658,8.301105664219408e-05,6.674884060924091e-05,0,0,5644487,5644681,194.5600014925003,0,52,347,17504.93486342895,3593125056.406793
140,19481600,5654456,3.445353540641222,275.6145000000032,67.40973919187773,9.287871222076216,0.0,,0.9999213257297522,7.867427019405954e-05,6.695427709329801e-05,0,0,5644743,5644805,62.464001536369324,0,51,347,17739.283713714784,3470929707.6792727
141,19481600,5654211,3.4455028296609376,288.6023749999964,64.37612151493983,9.28746879106439,0.0,,0.9999253590875196,7.464091253336372e-05,7.009281988733727e-05,0,0,5644487,5644673,186.36800158023834,0,89,347,17848.939536969454,3431728630.7706895
142,19481600,5654462,3.4453498847458874,286.06112500000336,64.94801264065427,9.287881077529565,0.0,,0.9999292963855487,7.070361446032831e-05,6.485868697258377e-05,0,0,5644743,5644797,54.27200162410736,0,51,347,18158.508165140498,3422530309.8896785
143,19481600,5654205,3.445506485880862,340.19770799999804,54.612659420092584,9.287458935611038,0.0,,0.9999556650193344,4.433498066094277e-05,6.772771363385876e-05,0,0,5644487,5644665,178.17600166797638,0,52,347,18428.15796614669,3049454476.2202973
144,19481600,5654466,3.4453474474866415,315.96875000000324,58.80044011472593,9.2878876478318,0.0,,0.9999502711442346,4.9728855787432654e-05,6.746980843530533e-05,0,0,5644743,5644789,46.0800017118454,0,90,347,18959.854956952553,3014485941.1590137
145,19481600,5654201,3.445508923365123,291.7697079999968,63.6772805849338,9.287452365308804,0.0,,0.9999177757259353,8.222427408358815e-05,6.742559025590608e-05,0,0,5644487,5644656,169.98400175571442,0,50,347,18581.692600260143,2957216367.279176
146,19481600,5654467,3.4453468381723686,308.086166999999,60.3048872444184,9.287889290407358,0.0,,0.999956317656348,4.368234368715896e-05,6.542253535397992e-05,0,0,5644743,5644780,37.888001799583435,0,51,347,18555.188765902825,2971473048.462108
147,19481600,5654209,3.4455040484000503,273.7071250000014,67.87949551002703,9.287465505913271,0.0,,0.9999429586565718,5.7041343436375975e-05,6.863216201583265e-05,0,0,5644487,5644648,161.79200184345245,0,89,347,18659.850706508456,2969448737.4653153
148,19481600,5654462,3.4453498847458874,296.45945800000106,62.669957261069854,9.287881077529565,0.0,,0.9999572897023336,4.271029768538234e-05,6.719887695398469e-05,0,0,5644743,5644772,29.696001887321472,0,51,347,17968.879399477923,2948424178.9370785
149,19481600,5654205,3.445506485880862,287.30666700000285,64.6664477246531,9.287458935611038,0.0,,0.9999242408576521,7.575914235563052e-05,6.794060845027719e-05,0,0,5644487,5644640,153.6000019311905,0,52,347,18049.409634209707,2981569198.7867465
150,19481600,5654461,3.4453504940612376,291.3719169999993,63.7642150066921,9.287879434954007,0.0,,0.9999185614832865,8.143851676302644e-05,6.761870441629782e-05,0,0,5644743,5644764,21.50400197505951,0,50,347,18682.880812200594,3069384642.196231
151,19481600,5654205,3.445506485880862,312.9487080000004,59.367880702354505,9.287458935611038,0.0,,0.9999251784061358,7.482159387699559e-05,6.650093615404997e-05,0,0,5644487,5644632,145.40800201892853,0,52,347,19090.145319004492,3089636582.793729
152,19481600,5654461,3.4453504940612376,301.8629170000011,61.54814161058389,9.287879434954007,0.0,,0.9999224990709935,7.750092903563676e-05,5.934176643450843e-05,0,0,5644743,5644756,13.312002062797546,0,52,347,19645.426457984428,3167111357.1368647
153,19481600,5654203,3.4455077046225613,306.94179099999985,60.529722922285316,9.287455650459922,0.0,,0.9999237516583769,7.624834162106857e-05,6.642498413204544e-05,0,0,5644487,5644624,137.21600210666656,0,89,347,19149.388986674196,3142159333.0462384
154,19481600,5654464,3.4453486661158332,292.07424999999887,63.61088511739762,9.287884362680684,0.0,,0.999964492243713,3.550775629421809e-05,6.616608547036463e-05,0,0,5644743,5644748,5.1200021505355835,0,51,347,18625.0472917463,3055191221.0256476
155,19481600,5654200,3.4455095327367267,287.19787500000393,64.6909437004008,9.287450722733245,0.0,,0.9999190683449478,8.09316550379239e-05,6.854213105723097e-05,0,0,5644487,5644616,129.0240021944046,0,50,347,19161.99162729991,3087927499.5672073
156,19481600,5654205,3.445506485880862,294.3215839999951,63.125175225002565,9.287458935611038,0.0,,0.9999343638871577,6.563611282681359e-05,6.755873865864616e-05,0,0,5644487,5644739,252.92800223827362,0,52,347,19137.325260416823,2797851713.789915
157,19481600,5654466,3.4453474474866415,284.964666999997,65.19791298371807,9.2878876478318,0.0,,0.9999448839807958,5.511601923246748e-05,6.807139412611826e-05,0,0,5644743,5644863,120.83200228214264,0,90,347,19293.348078955256,2765777317.168871
158,19481600,5654209,3.4455040484000503,279.8216670000002,66.39622214279778,9.287465505913271,0.0,,0.9999398141952657,6.0185804699198905e-05,6.811452279474125e-05,0,0,5644487,5644731,244.73600232601166,0,89,347,18463.243043644045,2704562249.422373
159,19481600,5654462,3.4453498847458874,295.20304199999714,62.93668736144047,9.287881077529565,0.0,,0.9999166962877022,8.330371228358855e-05,6.85762312168344e-05,0,0,5644743,5644855,112.64000236988068,0,51,347,18321.546682179927,2481152552.6944284
160,19481600,5654207,3.445505267140025,291.55633399999914,63.7238824744588,9.287462220762155,0.0,,0.9999555178772805,4.448212272595494e-05,6.0961199150808984e-05,0,0,5644487,5644723,236.5440024137497,0,50,347,18285.204616603773,2488710594.507987
161,19481600,5654462,3.4453498847458874,278.9228339999994,66.61018496069075,9.287881077529565,0.0,,0.999938347651621,6.165234839846436e-05,6.694411549427201e-05,0,0,5644743,5644847,104.44800245761871,0,51,347,17637.628441298537,2361954590.92317
162,19481600,5654199,3.4455101421085463,264.2117500000012,70.31898302214007,9.287449080157687,0.0,,0.9999282021697775,7.179783021623569e-05,6.171347738299916e-05,0,0,5644487,5644715,228.35200250148773,0,52,347,17299.236001337777,2320012695.6425686
163,19481600,5654456,3.445353540641222,334.120249999998,55.60603274569593,9.287871222076216,0.0,,0.9999237401986157,7.625980137939163e-05,6.251503742780285e-05,0,0,5644743,5644839,96.25600254535675,0,51,347,17141.991057639367,2050833702.694256
164,19481600,5654204,3.445507095251604,318.49587499999643,58.33388442629032,9.28745729303548,0.0,,0.9999292190560333,7.078094403395884e-05,6.66513251892596e-05,0,0,5644487,5644707,220.16000258922577,0,51,347,17054.363479790834,1927580404.0929153
165,19481600,5654455,3.4453541499578653,303.11337499999524,61.294232108696264,9.287869579500658,0.0,,0.9999189921765322,8.100782352100565e-05,6.781914016055304e-05,0,0,5644743,5644831,88.06400263309479,0,50,347,17556.64289510475,1920599757.224248
166,19481600,5654199,3.4455101421085463,273.65937500000115,67.89133959872532,9.287449080157687,0.0,,0.9999227325972134,7.726740270607047e-05,6.640794379247756e-05,0,0,5644487,5644698,211.9680026769638,0,52,347,17618.873635967186,1855235688.4092717
167,19481600,5654461,3.4453504940612376,282.12312500000536,65.85458587451718,9.287879434954007,0.0,,0.9999199295716081,8.007042837406553e-05,6.827676452901094e-05,0,0,5644743,5644822,79.87200272083282,0,53,347,17307.496510264642,1762174189.13915
168,19481600,5654206,3.4455058765103357,284.52250000000134,65.29923490233607,9.287460578186597,0.0,,0.9999446451906545,5.5354809375864316e-05,6.839086973478922e-05,0,0,5644487,5644690,203.77600276470184,0,52,347,17654.89174738925,1793972600.166207
169,19481600,5654462,3.4453498847458874,276.8010830000023,67.12076904157144,9.287881077529565,0.0,,0.99993884376233,6.115623769323751e-05,6.731126250643809e-05,0,0,5644743,5644814,71.68000280857086,0,51,347,17458.239305846237,1777431039.361824
170,19481600,5654205,3.445506485880862,303.7297090000024,61.16985270775686,9.287458935611038,0.0,,0.9999601141288381,3.988587114586324e-05,6.697640604971774e-05,0,0,5644487,5644682,195.58400285243988,0,52,347,16894.656601174265,1752971095.7473173
171,19481600,5654462,3.4453498847458874,300.6558330000004,61.795247333518304,9.287881077529565,0.0,,0.999927610768105,7.238923190528516e-05,6.715174001477779e-05,0,0,5644743,5644806,63.4880028963089,0,51,347,16882.24838932424,1803013302.48983
172,19481600,5654205,3.445506485880862,285.5078750000004,65.07386727073632,9.287458935611038,0.0,,0.9999321164404849,6.788355958102579e-05,6.688217051896508e-05,0,0,5644487,5644674,187.39200294017792,0,52,347,17176.99440556286,1795456570.415781
173,19481600,5654462,3.4453498847458874,295.86425000000105,62.79603420318587,9.287881077529565,0.0,,0.9999249043001465,7.509569985292076e-05,6.898369997678465e-05,0,0,5644743,5644798,55.296002984046936,0,51,347,17461.232472217638,1814340903.923409
174,19481600,5654200,3.4455095327367267,294.4435419999962,63.09902888785463,9.287450722733245,0.0,,0.9999234689783906,7.65310216208218e-05,6.644200265417141e-05,0,0,5644487,5644666,179.20000302791595,0,50,347,16993.99588019132,1790434732.0030942
175,19481600,5654464,3.4453486661158332,269.5648339999934,68.92257156399137,9.287884362680684,0.0,,0.9999325026586237,6.749734138652541e-05,6.806738997849337e-05,0,0,5644743,5644790,47.10400307178497,0,51,347,17191.781864348737,1751550538.6479123
176,19481600,5654205,3.445506485880862,280.5520419999965,66.22336957540388,9.287458935611038,0.0,,0.9999269359398484,7.306406015302014e-05,6.77551275875657e-05,0,0,5644487,5644658,171.008003115654,0,52,347,17508.806456373644,1796214407.5822945
177,19481600,5654461,3.4453504940612376,327.37691700000227,56.75140975959484,9.287879434954007,0.0,,0.9999244235853366,7.557641468428136e-05,6.723124884128565e-05,0,0,5644743,5644781,38.91200315952301,0,50,347,17509.814310067995,1836798039.713132
178,19481600,5654206,3.4455058765103357,379.5441659999952,48.95109245994901,9.287460578186597,0.0,,0.99996427238261,3.572761741293635e-05,6.710572737433885e-05,0,0,5644487,5644649,162.81600320339203,0,50,347,17934.39298192177,1834175936.2510464
179,19481600,5654462,3.4453498847458874,305.1468750000055,60.885767099858604,9.287881077529565,0.0,,0.9999400951996514,5.990480032562319e-05,6.837505050030487e-05,0,0,5644743,5644773,30.720003247261047,0,51,347,18166.41890426205,1903882368.437053
180,19481600,5654200,3.4455095327367267,276.40774999999707,67.21628305465457,9.287450722733245,0.0,,0.9999286151663859,7.138483362301668e-05,6.780254110815751e-05,0,0,5644487,5644641,154.62400329113007,0,50,347,17853.929350254075,1854844690.8468773
181,19481600,5654462,3.4453498847458874,289.907208999999,64.0863731074037,9.287881077529565,0.0,,0.9999548039921045,4.51960079514812e-05,6.755422816140882e-05,0,0,5644743,5644765,22.528003334999084,0,51,347,18177.152004325097,1806136383.477874
182,19481600,5654206,3.4455058765103357,286.54475000000446,64.83839457013158,9.287460578186597,0.0,,0.9999217848818397,7.821511808004381e-05,6.836223949265221e-05,0,0,5644487,5644633,146.4320033788681,0,50,347,17938.14197292917,1819799344.2885025
183,19481600,5654463,3.4453492754307526,271.67266699999004,68.38782041514939,9.287882720105126,0.0,,0.999930093438159,6.990656188984206e-05,6.654264616184209e-05,0,0,5644743,5644757,14.336003422737122,0,50,347,17879.484791913575,1736535539.4076393
184,19481600,5654206,3.4455058765103357,284.4645839999913,65.31252959946876,9.287460578186597,0.0,,0.9999360455771773,6.395442286570459e-05,6.727709128243068e-05,0,0,5644487,5644625,138.24000346660614,0,50,347,18243.091231235096,1788431199.370684
185,19481600,5654461,3.4453504940612376,285.63808300000915,65.04420337570815,9.287879434954007,0.0,,0.9999202558996672,7.974410039202472e-05,6.786772907995122e-05,0,0,5644743,5644749,6.144003510475159,0,50,347,18486.720009333196,1828207273.3332074
186,19481600,5654208,3.4455046577699298,283.46304200000816,65.54329422069586,9.287463863337713,0.0,,0.999927396255746,7.260374423234763e-05,6.799244424411356e-05,0,0,5644487,5644617,130.04800355434418,0,50,347,18780.70128896937,1742103697.1694567
187,19481600,5654205,3.445506485880862,299.44799999999816,62.044500422444344,9.287458935611038,0.0,,0.9999253181437527,7.46818562667253e-05,6.721171033039336e-05,0,0,5644487,5644740,253.9520035982132,0,52,347,19343.10411974374,1754293995.106658
188,19481600,5654465,3.4453480568011297,299.0184170000134,62.13363627866161,9.287886005256242,0.0,,0.9999245020090745,7.549799092461501e-05,6.790044792950119e-05,0,0,5644743,5644864,121.85600364208221,0,90,347,19840.118640706674,1698868306.8255136
189,19481600,5654207,3.445505267140025,272.3947909999964,68.20652294522124,9.287462220762155,0.0,,0.9999696845524321,3.0315447567154288e-05,6.897615645459091e-05,0,0,5644487,5644732,245.76000368595123,0,52,347,19750.573399637662,1730808227.2579358
190,19481600,5654465,3.4453480568011297,279.1876670000022,66.54699959400375,9.287886005256242,0.0,,0.9999397764701741,6.0223529866187394e-05,6.803027128241531e-05,0,0,5644743,5644856,113.66400361061096,0,90,347,20599.757903856043,1789629340.365637
191,19481600,5654205,3.445506485880862,293.7744169999945,63.24274847424971,9.287458935611038,0.0,,0.9999157032954127,8.42967045811054e-05,6.925739718238775e-05,0,0,5644487,5644724,237.56800365447998,0,52,347,19861.99505960497,1810348262.9722118
192,19481600,5654461,3.4453504940612376,406.92145799999935,45.657709116190254,9.287879434954007,0.0,,0.9999271997872871,7.280021269164897e-05,6.432897706205389e-05,0,0,5644743,5644848,105.472003698349,0,50,347,19550.218031918812,1736873483.3348417
193,19481600,5654206,3.4455058765103357,796.647458999999,23.321610271401145,9.287460578186597,0.0,,0.9999251651285521,7.483487150470809e-05,6.930303030093515e-05,0,0,5644487,5644716,229.37600374221802,0,50,347,19841.854681856636,1782500069.1724582
194,19481600,5654461,3.4453504940612376,378.11104200000045,49.13662786526075,9.287879434954007,0.0,,0.9999213866255963,7.861337447347919e-05,6.880725594655339e-05,0,0,5644743,5644840,97.28000378608704,0,53,347,19854.364073148558,1722391665.5685189
195,19481600,5654212,3.4455022202917047,315.2594579999999,58.932733312318284,9.287470433639948,0.0,,0.9999264851739,7.351482609826678e-05,6.91209115725835e-05,0,0,5644487,5644708,221.18400382995605,0,89,347,20333.61075354193,1686068699.2087944
196,19481600,5654464,3.4453486661158332,385.61383399999727,48.18058877654304,9.287884362680684,0.0,,0.999957386235704,4.261376429807829e-05,6.904060271467085e-05,0,0,5644743,5644832,89.08800387382507,0,51,347,20584.710662667334,1710127331.917607
197,19481600,5654207,3.445505267140025,532.6771670000028,34.878727141874855,9.287462220762155,0.0,,0.9999315973728742,6.840262714009985e-05,6.578861689777229e-05,0,0,5644487,5644699,212.9920039176941,0,52,347,21183.138167324287,1752695063.172928
198,19481600,5654459,3.4453517126925846,375.44237499999156,49.48589397374342,9.28787614980289,0.0,,0.9999226743584627,7.732564156716887e-05,6.765485951739384e-05,0,0,5644743,5644823,80.89600396156311,0,57,347,21946.992645419698,1741491716.6235714
199,19481600,5654206,3.4455058765103357,310.10491699998965,59.91230884772014,9.287460578186597,0.0,,0.9999523235747317,4.767642529676249e-05,6.703837284753954e-05,0,0,5644487,5644691,204.80000400543213,0,52,347,22649.878484785575,1758075679.9040408
200,19481600,5654462,3.4453498847458874,272.2037919999991,68.2543818585013,9.287881077529565,0.0,,0.9999256515660818,7.434843393504759e-05,6.79930027084115e-05,0,0,5644743,5644815,72.70400404930115,0,51,347,21984.59485931057,1651310094.504769
201,19481600,5654205,3.445506485880862,334.62325000000703,55.522446699383885,9.287458935611038,0.0,,0.9999220224583683,7.797754164245604e-05,6.69514743889732e-05,0,0,5644487,5644683,196.60800409317017,0,52,347,22384.436556452023,1695046985.774832
202,19481600,5654455,3.4453541499578653,273.92354100000205,67.82586664393281,9.287869579500658,0.0,,0.9999154506631668,8.454933680762935e-05,6.599851904722107e-05,0,0,5644743,5644807,64.51200413703918,0,53,347,22599.36308166637,1708060927.883647
203,19481600,5654207,3.445505267140025,279.5858749999951,66.45221816910573,9.287462220762155,0.0,,0.9999705166105455,2.9483389477012706e-05,6.635919611750348e-05,0,0,5644487,5644675,188.4160041809082,0,50,347,22746.933856692634,1660652557.8005512
204,19481600,5654464,3.4453486661158332,270.94945900000766,68.57035858668931,9.287884362680684,0.0,,0.9999307940878839,6.920591213038357e-05,6.695310450953996e-05,0,0,5644743,5644799,56.32000422477722,0,51,347,22563.952421598035,1666929707.1467404
205,19481600,5654207,3.445505267140025,298.1698330000029,62.31046707699575,9.287462220762155,0.0,,0.9999470739313691,5.2926068622339725e-05,6.664775354266772e-05,0,0,5644487,5644667,180.22400426864624,0,50,347,23127.62412679621,1656709253.29048
206,19481600,5654460,3.4453511033768036,274.9712920000036,67.56742286572867,9.287877792378449,0.0,,0.9999281964030685,7.180359695273828e-05,6.559304993729519e-05,0,0,5644743,5644791,48.12800431251526,0,52,347,22687.44426764729,1629477252.2780101
207,19481600,5654209,3.4455040484000503,286.95737499998586,64.74516141117097,9.287465505913271,0.0,,0.9999270374850662,7.296251496686822e-05,6.678507619933934e-05,0,0,5644487,5644659,172.03200435638428,0,50,347,23154.747121765056,1658405830.6051497
208,19481600,5654462,3.4453498847458874,280.7101249999988,66.18607562694818,9.287881077529565,0.0,,0.9999334417071939,6.655829282994077e-05,6.798223790783513e-05,0,0,5644743,5644782,39.936004400253296,0,51,347,23753.83791527331,1661491424.8698254
209,19481600,5654200,3.4455095327367267,273.8346670000027,67.84787976644249,9.287450722733245,0.0,,0.999915887497848,8.411250216087992e-05,6.632478027257731e-05,0,0,5644487,5644650,163.84000444412231,0,50,347,23770.264020404848,1615486660.1364706
210,19481600,5654456,3.445353540641222,297.6622499999877,62.41672083880562,9.287871222076216,0.0,,0.9999252310029874,7.476899702974429e-05,6.626402516660075e-05,0,0,5644743,5644774,31.744004487991333,0,51,347,23852.87545039587,1594867554.0604038
211,19481600,5654208,3.4455046577699298,349.2398329999986,53.19868985992807,9.287463863337713,0.0,,0.9999327585042825,6.724149568666026e-05,6.989573304145441e-05,0,0,5644487,5644642,155.64800453186035,0,50,347,23841.828926776045,1576946981.3169155
212,19481600,5654455,3.4453541499578653,281.47937500000353,66.00519687277182,9.287869579500658,0.0,,0.9999274055715542,7.259442845485177e-05,6.464987928178254e-05,0,0,5644743,5644766,23.55200457572937,0,53,347,24275.871725474924,1593030696.4535031
213,19481600,5654207,3.445505267140025,284.6627499999954,65.2670627347635,9.287462220762155,0.0,,0.999919831468901,8.016853111371096e-05,6.7517397771922e-05,0,0,5644487,5644634,147.4560046195984,0,50,347,24798.776689612016,1591745197.4460518
214,19481600,5654456,3.445353540641222,277.717624999994,66.89925265816457,9.287871222076216,0.0,,0.9999202490697049,7.975093033482152e-05,6.697776092004784e-05,0,0,5644743,5644758,15.360004663467407,0,51,347,25086.574423791844,1586092007.1131659
215,19481600,5654203,3.4455077046225613,297.65766699999574,62.41768186169472,9.287455650459922,0.0,,0.9999283415643756,7.165843564655435e-05,6.811607034927591e-05,0,0,5644487,5644626,139.26400470733643,0,89,347,25066.528080017848,1612599341.5028412
216,19481600,5654461,3.4453504940612376,290.7084160000011,63.909747843350814,9.287879434954007,0.0,,0.9999171729501637,8.282704989511174e-05,6.491876712174096e-05,0,0,5644743,5644750,7.168004751205444,0,90,347,24631.858829868466,1560895844.940716
217,19481600,5654199,3.4455101421085463,269.94679199999894,68.82505039178267,9.287449080157687,0.0,,0.999926873425992,7.312657402749129e-05,6.737675478133234e-05,0,0,5644487,5644618,131.07200479507446,0,52,347,24717.367460019886,1492206651.6240551
218,19481600,5654200,3.4455095327367267,279.13233399999626,66.56019134816624,9.287450722733245,0.0,,0.9999290591552953,7.094084475237002e-05,6.581552850849931e-05,0,0,5644487,5644741,254.97600483894348,0,50,347,25482.765840908665,1487756433.8851848
219,19481600,5654461,3.4453504940612376,273.4112919999916,67.952941616254,9.287879434954007,0.0,,0.9999313331419355,6.866685804539173e-05,6.635999725443653e-05,0,0,5644743,5644865,122.8800048828125,0,53,347,25641.463041592742,1498361105.8808346
220,19481600,5654201,3.445508923365123,346.3714170000003,53.639245765189635,9.287452365308804,0.0,,0.9999237139672299,7.628603280804871e-05,6.613344678604346e-05,0,0,5644487,5644733,246.78400492668152,0,50,347,26118.88555468493,1531528844.7921271
221,19481600,5654462,3.4453498847458874,270.7368749999972,68.62420038829285,9.287881077529565,0.0,,0.9999144414059512,8.55585940757969e-05,6.925171454570684e-05,0,0,5644743,5644857,114.68800497055054,0,51,347,26666.47520413202,1466900909.1425667
222,19481600,5654206,3.4455058765103357,347.21429199998965,53.50903459498307,9.287460578186597,0.0,,0.9999256101139213,7.438988607760808e-05,6.718524771535824e-05,0,0,5644487,5644725,238.59200501441956,0,54,347,26812.379715778257,1425234532.3090692
223,19481600,5654465,3.4453480568011297,280.1258329999996,66.3241278518573,9.287886005256242,0.0,,0.9999175102777433,8.248972232408637e-05,6.834127012594595e-05,0,0,5644743,5644849,106.49600505828857,0,90,347,27705.844848975205,1465192570.840152
224,19481600,5654207,3.445505267140025,297.68595899999184,62.411749700631695,9.287462220762155,0.0,,0.999959501608673,4.049839133492242e-05,6.719491633109719e-05,0,0,5644487,5644717,230.4000051021576,0,52,347,27975.282069725534,1472467632.3368382
225,19481600,5654460,3.4453511033768036,265.68683300000373,69.92857475364517,9.287877792378449,0.0,,0.9999233614165439,7.663858350262344e-05,6.621843385530756e-05,0,0,5644743,5644841,98.30400514602661,0,55,347,28835.140979514337,1504911413.2756996
226,19481600,5654209,3.4455040484000503,289.4488340000123,64.18786113506752,9.287465505913271,0.0,,0.9999330524558953,6.694754411107847e-05,6.624979020982342e-05,0,0,5644487,5644709,222.20800518989563,0,52,347,29621.702880816923,1526184816.9736156
227,19481600,5654456,3.445353540641222,306.7927499999996,60.55912847516776,9.287871222076216,0.0,,0.9999181276391838,8.187236087940002e-05,6.654644781966623e-05,0,0,5644743,5644833,90.11200523376465,0,51,347,30729.01201204569,1566458064.6090462
228,19481600,5654208,3.4455046577699298,349.4029579999989,53.17385310315564,9.287463863337713,0.0,,0.9999328727441217,6.712725586418117e-05,6.821210345053539e-05,0,0,5644487,5644701,214.01600527763367,0,54,347,30247.67341783846,1519233032.765597
229,19481600,5654465,3.4453480568011297,269.1390840000025,69.03159989390402,9.287886005256242,0.0,,0.999957811217929,4.218878206570805e-05,6.789066313974268e-05,0,0,5644743,5644824,81.92000532150269,1,89,347,31252.7190951645,1548782563.7188373
230,19481600,5654206,3.4455058765103357,262.498334,70.7779789661446,9.287460578186597,0.0,,0.999964258887149,3.5741112828682516e-05,6.889972214925224e-05,0,0,5644487,5644692,205.8240053653717,0,50,347,31463.609885939048,1551604509.9643655
231,19481600,5654460,3.4453511033768036,267.5849160000041,69.43254440582784,9.287877792378449,0.0,,0.9999330392210226,6.696077896337936e-05,6.0446420920995484e-05,0,0,5644743,5644816,73.72800540924072,0,52,347,31178.789046131074,1553999915.617466
232,19481600,5654209,3.4455040484000503,282.0335830000005,65.87549385031913,9.287465505913271,0.0,,0.9999631645046396,3.683549537415076e-05,6.945849090083943e-05,0,0,5644487,5644684,197.63200545310974,0,89,347,30858.57022838294,1521973280.6456766
233,19481600,5654461,3.4453504940612376,276.3597500000117,67.22795762588154,9.287879434954007,0.0,,0.9999266853123212,7.33146877060068e-05,6.936155846816536e-05,0,0,5644743,5644808,65.53600549697876,0,50,347,30986.231262781286,1522734068.0145295
234,19481600,5654211,3.4455028296609376,280.3584579999949,66.26909598176039,9.28746879106439,0.0,,0.999939325401721,6.067459827261938e-05,6.598899951095567e-05,0,0,5644487,5644676,189.44000554084778,0,89,347,31110.271055043297,1543852256.0560725
235,19481600,5654467,3.4453468381723686,286.49100000001226,64.85055922349814,9.287889290407358,0.0,,0.9999541542455316,4.584575448947714e-05,6.789425243259703e-05,0,0,5644743,5644800,57.3440055847168,0,90,347,29757.126635880642,1583203441.414166
236,19481600,5654210,3.4455034390303863,308.4167909999991,60.2402401706464,9.287467148488831,0.0,,0.9999480900800894,5.1909919921528636e-05,6.713973799310082e-05,0,0,5644487,5644668,181.24800562858582,0,89,347,29249.84283220806,1527801335.2655497
237,19481600,5654463,3.4453492754307526,297.7593750000125,62.396361365613494,9.287882720105126,0.0,,0.9999369202367175,6.307976327362785e-05,6.821211029146099e-05,0,0,5644743,5644792,49.152005672454834,0,50,347,26040.196070423157,1464448738.8189332
238,19481600,5654207,3.445505267140025,267.341708999993,69.49570881399762,9.287462220762155,0.0,,0.9999207889301401,7.921106990222623e-05,6.923353837394592e-05,0,0,5644487,5644660,173.05600571632385,0,50,347,26409.627856137384,1480547294.2682142
239,19481600,5654461,3.4453504940612376,273.4857909999988,67.93443086957333,9.287879434954007,0.0,,0.9999231547946597,7.684520538018106e-05,6.93147653223863e-05,0,0,5644743,5644783,40.96000576019287,0,53,347,26712.275386878882,1471618556.1208444
240,19481600,5654200,3.4455095327367267,279.4974580000087,66.47323984785372,9.287450722733245,0.0,,0.9999233747075595,7.662529244171816e-05,6.926304341378098e-05,0,0,5644487,5644651,164.8640058040619,0,50,347,27499.58116341463,1506462064.383909
241,19481600,5654462,3.4453498847458874,273.1168330000031,68.02620460416583,9.287881077529565,0.0,,0.999921826202068,7.817379799359351e-05,6.606613708323386e-05,0,0,5644743,5644775,32.76800584793091,0,51,347,27066.23855490149,1454282117.300233
242,19481600,5654206,3.4455058765103357,268.2422919999965,69.26238746312323,9.287460578186597,0.0,,0.9999621636650697,3.783633490724679e-05,6.851951541595026e-05,0,0,5644487,5644643,156.67200589179993,0,50,347,27849.53160108875,1471733858.3348873
243,19481600,5654461,3.4453504940612376,282.9172920000076,65.6697278245527,9.287879434954007,0.0,,0.9999134650886341,8.653491140874906e-05,6.79514838742086e-05,0,0,5644743,5644767,24.576005935668945,0,53,347,28042.23527995518,1467169512.28891
244,19481600,5654209,3.4455040484000503,301.60508400000197,61.60075724220842,9.287465505913271,0.0,,0.9999351570221203,6.484297790966622e-05,6.583456299436878e-05,0,0,5644487,5644635,148.48000597953796,0,52,347,28419.689353113776,1466017932.8763573
245,19481600,5654462,3.4453498847458874,282.36670800001207,65.79777656542713,9.287881077529565,0.0,,0.9999337988659374,6.620113408816602e-05,6.80250279943223e-05,0,0,5644743,5644759,16.384006023406982,0,52,347,28994.839206302524,1487058325.6354234
246,19481600,5654208,3.4455046577699298,280.85570799999005,66.15176773441492,9.287463863337713,0.0,,0.9999258333050733,7.416669483878922e-05,6.803632260989763e-05,0,0,5644487,5644627,140.288006067276,0,50,347,29999.096426801985,1523718222.5779
247,19481600,5654461,3.4453504940612376,269.63608299999464,68.90435937129516,9.287879434954007,0.0,,0.9999619791394807,3.802086051620758e-05,6.664099952979777e-05,0,0,5644743,5644751,8.19200611114502,0,50,347,30514.54151402906,1538130236.5998566
248,19481600,5654207,3.445505267140025,342.3140839999945,54.27501359394928,9.287462220762155,0.0,,0.9999618181328503,3.818186715319999e-05,6.803700447819086e-05,0,0,5644487,5644619,132.09600615501404,0,52,347,31147.046410203304,1539785841.4897401
249,19481600,5654455,3.4453541499578653,269.38762499999314,68.96791032067814,9.287869579500658,0.0,,0.9999266179591338,7.338204083899197e-05,6.440058797575704e-05,0,0,5644743,5644743,6.198883056640625e-06,0,53,347,31902.02074309555,1586992570.6586761
250,19481600,5654203,3.4455077046225613,275.5240420000007,67.43187065504779,9.287455650459922,0.0,,0.9999227098210322,7.729017898985388e-05,6.812194604484998e-05,0,0,5644487,5644610,123.90400624275208,0,53,347,32275.619281162624,1575719617.47634
251,19481600,5654204,3.445507095251604,267.88270899999134,69.35535941030297,9.28745729303548,0.0,,0.9999227093844132,7.729061553411765e-05,6.896035889251102e-05,0,0,5644487,5644734,247.8080062866211,0,51,347,33100.53450570275,1584118490.7935503
252,19481600,5654460,3.4453511033768036,272.91341700001226,68.07690793193639,9.287877792378449,0.0,,0.999918674938741,8.132506123230496e-05,6.28804413839257e-05,0,0,5644743,5644858,115.71200633049011,0,52,347,33079.0717780402,1567935485.9212365
253,19481600,5654207,3.445505267140025,269.7148340000126,68.88424076259422,9.287462220762155,0.0,,0.9999326257100322,6.737428997599845e-05,6.773988581212607e-05,0,0,5644487,5644726,239.61600637435913,0,52,347,33143.47187949258,1564533125.5906134
254,19481600,5654461,3.4453504940612376,276.8544999999989,67.10781859243781,9.287879434954007,0.0,,0.9999182695497897,8.173045025324809e-05,6.789362379468558e-05,0,0,5644743,5644850,107.52000641822815,0,53,347,33955.92661915254,1582585531.22366
255,19481600,5654200,3.4455095327367267,313.68816699999513,59.227932440627534,9.287450722733245,0.0,,0.9999244563082013,7.554369183108537e-05,6.818074502382439e-05,0,0,5644487,5644718,231.42400646209717,0,50,347,34239.20371530302,1561689803.8972647
256,19481600,5654454,3.445354759274724,281.5859159999974,65.98022311066215,9.287867936925098,0.0,,0.9999225103681676,7.748963185451882e-05,6.775423273821276e-05,0,0,5644743,5644842,99.32800650596619,0,52,347,32768.68445569532,1542176084.306199
257,19481600,5654203,3.4455077046225613,264.50329200000056,70.2414757185705,9.287455650459922,0.0,,0.9999264391566118,7.356084343712085e-05,5.987331206109418e-05,0,0,5644487,5644710,223.2320065498352,0,89,347,33288.037463269095,1532024698.1910818
258,19481600,5654459,3.4453517126925846,275.7497500000028,67.37667599879896,9.28787614980289,0.0,,0.9999307113653554,6.928863467966602e-05,6.766533850156881e-05,0,0,5644743,5644834,91.13600659370422,0,57,347,30109.294689041948,1427993130.1611667
259,19481600,5654207,3.445505267140025,271.7871669999994,68.35900961615323,9.287462220762155,0.0,,0.999961687661332,3.8312338698840704e-05,6.876664929630833e-05,0,0,5644487,5644702,215.04000663757324,0,50,347,31142.044397594924,1454413377.4940975
260,19481600,5654456,3.445353540641222,304.05695799998966,61.10401710491569,9.287871222076216,0.0,,0.999949416070156,5.058392989313335e-05,6.26495278804528e-05,0,0,5644743,5644825,82.94400668144226,1,50,347,31906.879740238503,1481469499.6063972
261,19481600,5654209,3.4455040484000503,281.3157089999976,66.04359787991847,9.287465505913271,0.0,,0.9999342158721835,6.57841278275858e-05,6.819693802862935e-05,0,0,5644487,5644693,206.84800672531128,0,89,347,31641.663951708913,1362044703.1857104
262,19481600,5654461,3.4453504940612376,288.8981249999887,64.3102185675339,9.287879434954007,0.0,,0.9999250586666445,7.494133334165452e-05,6.965348488627733e-05,0,0,5644743,5644817,74.7520067691803,0,53,347,31123.119692106957,1381909895.4760783
263,19481600,5654203,3.4455077046225613,289.74429200000884,64.12240750026383,9.287455650459922,0.0,,0.9999192409268438,8.075907313839824e-05,6.710914418716371e-05,0,0,5644487,5644685,198.65600681304932,0,89,347,31858.650113680105,1385801026.2298515
264,19481600,5654463,3.4453492754307526,332.4448750000073,55.886262534501675,9.287882720105126,0.0,,0.9999392875142409,6.071248579243284e-05,6.766298772931447e-05,0,0,5644743,5644809,66.56000685691833,0,51,347,31408.477906352433,1316628042.2990916
265,19481600,5654206,3.4455058765103357,324.69170800000313,57.22074541706443,9.287460578186597,0.0,,0.9999715527417046,2.844725828262845e-05,6.739655802941585e-05,0,0,5644487,5644677,190.46400690078735,0,52,347,30508.163915265803,1306810072.5524273
266,19481600,5654461,3.4453504940612376,310.6563329999972,59.80596430493554,9.287879434954007,0.0,,0.9999164991592262,8.350084082174124e-05,5.864088551115155e-05,0,0,5644743,5644801,58.36800694465637,0,53,347,29480.22486114034,1285556988.6539023
267,19481600,5654199,3.4455101421085463,293.8480420000076,63.22690270809945,9.287449080157687,0.0,,0.9999228365910047,7.716340883923129e-05,6.49914135863357e-05,0,0,5644487,5644669,182.2720069885254,0,52,347,30068.916444681454,1172169918.9883392
268,19481600,5654461,3.4453504940612376,265.9984170000058,69.84666214197655,9.287879434954007,0.0,,0.9999657497364336,3.425026356450882e-05,6.770972520912611e-05,0,0,5644743,5644793,50.17600703239441,0,53,347,29309.307413302853,1060401434.5911906
269,19481600,5654205,3.445506485880862,287.5903750000077,64.60265425259625,9.287458935611038,0.0,,0.999949732892028,5.026710797088951e-05,6.660489468134484e-05,0,0,5644487,5644661,174.08000707626343,0,52,347,29237.160635752654,1089560930.9616888
270,19481600,5654461,3.4453504940612376,263.41304100000684,70.53220103289995,9.287879434954007,0.0,,0.99992169063193,7.830936806517724e-05,6.837544304434238e-05,0,0,5644743,5644784,41.984007120132446,0,50,347,29247.557293968795,1094495817.6647153
271,19481600,5654209,3.4455040484000503,278.43066600000554,66.7279284620884,9.287465505913271,0.0,,0.9999259291321868,7.40708677478309e-05,6.806535106929868e-05,0,0,5644487,5644652,165.88800716400146,0,89,347,30077.001132600093,1110343529.9311996
272,19481600,5654463,3.4453492754307526,286.2222080000123,64.91146054781046,9.287882720105126,0.0,,0.999965432797937,3.456720207151129e-05,6.74055323441095e-05,0,0,5644743,5644776,33.79200720787048,0,53,347,30126.476230797623,1068938816.4869621
273,19481600,5654207,3.445505267140025,267.7848750000038,69.3806980790074,9.287462220762155,0.0,,0.9999345179598267,6.548204017367613e-05,6.731985657907932e-05,0,0,5644487,5644644,157.6960072517395,0,52,347,31348.52894924693,1093319228.0526137
274,19481600,5654457,3.445352931324794,297.2745410000073,62.498125470150995,9.287872864651774,0.0,,0.9999256768861351,7.432311393459628e-05,6.869331065507252e-05,0,0,5644743,5644768,25.60000729560852,0,51,347,32560.978484508178,1131058303.107873
275,19481600,5654205,3.445506485880862,278.10758399999713,66.80544735702063,9.287458935611038,0.0,,0.999933100650505,6.689934952832262e-05,6.912308450734395e-05,0,0,5644487,5644636,149.50400733947754,0,52,347,33735.12108203349,1164490312.8534064
276,19481600,5654461,3.4453504940612376,301.05991700000345,61.71230546941188,9.287879434954007,0.0,,0.999947247977355,5.275202267707179e-05,6.856555549607334e-05,0,0,5644743,5644760,17.408007383346558,0,53,347,34556.203514966546,1162108955.945459
277,19481600,5654206,3.4455058765103357,283.985708000003,65.4226640254016,9.287460578186597,0.0,,0.9999604140330918,3.958596692264709e-05,6.895563492744529e-05,0,0,5644487,5644628,141.31200742721558,0,50,347,35453.06401289026,1179983317.8545127
278,19481600,5654462,3.4453498847458874,273.1720419999988,68.01245627654708,9.287881077529565,0.0,,0.9999302960788219,6.970392119305591e-05,6.780530263810273e-05,0,0,5644743,5644752,9.216007471084595,0,51,347,35668.46459713461,1204866154.5657156
279,19481600,5654200,3.4455095327367267,268.68108300000415,69.14927301562095,9.287450722733245,0.0,,0.9999408122161793,5.91877837992161e-05,6.715564815065525e-05,0,0,5644487,5644620,133.1200075149536,0,50,347,35143.80331832976,1226190702.4028294
280,19481600,5654465,3.4453480568011297,292.927167000002,63.425669093027054,9.287886005256242,0.0,,0.9999567835525536,4.3216447494935226e-05,6.792050226507109e-05,0,0,5644743,5644744,1.0240075588226318,0,90,347,34905.22536823993,1224842626.3271945
281,19481600,5654209,3.4455040484000503,302.4333329999962,61.43205637488455,9.287465505913271,0.0,,0.9999180517852166,8.194821477083032e-05,6.812102973945594e-05,0,0,5644487,5644611,124.92800760269165,0,89,347,34410.6916943252,1238699407.5971386
282,19481600,5654206,3.4455058765103357,289.25600000000884,64.23065230280247,9.287460578186597,0.0,,0.999922695837857,7.730416216273106e-05,6.97228503679126e-05,0,0,5644487,5644735,248.83200764656067,0,50,347,33705.548554095294,1240074722.1955512
283,19481600,5654462,3.4453498847458874,294.091832999996,63.17448999850416,9.287881077529565,0.0,,0.9999626268696831,3.7373130324012984e-05,6.828102278128245e-05,0,0,5644743,5644859,116.73600769042969,0,51,347,32498.209114401918,1268391351.0045962
284,19481600,5654206,3.4455058765103357,284.3910830000027,65.32940965135613,9.287460578186597,0.0,,0.999927572394788,7.242760515754895e-05,6.881138224637916e-05,0,0,5644487,5644727,240.6400077342987,0,52,347,32638.017056531324,1261085074.1069555
285,19481600,5654463,3.4453492754307526,286.5026669999935,64.84791837033902,9.287882720105126,0.0,,0.9999246430477812,7.535695216799506e-05,6.914367568325927e-05,0,0,5644743,5644851,108.54400777816772,0,53,347,33231.4472469761,1294014171.4629261
286,19481600,5654207,3.445505267140025,267.2624589999941,69.51631602888308,9.287462220762155,0.0,,0.999933207295568,6.679270450271476e-05,6.832725966785904e-05,0,0,5644487,5644719,232.44800782203674,0,52,347,33128.578451220346,1311947149.909398
287,19481600,5654461,3.4453504940612376,293.5713329999885,63.28649794460935,9.287879434954007,0.0,,0.9999217583115422,7.824168846777702e-05,6.7273931304209e-05,0,0,5644743,5644843,100.35200786590576,0,53,347,33577.77523351287,1318906840.661467
288,19481600,5654207,3.445505267140025,279.2977909999905,66.52076085521432,9.287462220762155,0.0,,0.9999681445355115,3.185546453395785e-05,6.851501948015481e-05,0,0,5644487,5644711,224.25600790977478,0,52,347,34401.23344717862,1336740649.0541692
289,19481600,5654462,3.4453498847458874,268.32087500000057,69.24210262246633,9.287881077529565,0.0,,0.9999266621124389,7.333788750072527e-05,7.012954104173038e-05,0,0,5644743,5644835,92.1600079536438,0,51,347,35364.534460893345,1360168167.120932
290,19481600,5654205,3.445506485880862,275.9466669999995,67.32859564670892,9.287458935611038,0.0,,0.999930471605004,6.952839492449872e-05,6.845226204346294e-05,0,0,5644487,5644703,216.06400799751282,0,52,347,35657.40635433954,1394699049.7744126
291,19481600,5654462,3.4453498847458874,276.5923330000106,67.17142648527168,9.287881077529565,0.0,,0.9999246018336448,7.539816638505788e-05,6.58661124079039e-05,0,0,5644743,5644826,83.96800804138184,0,51,347,36359.04512233593,1400835798.8252203
292,19481600,5654207,3.445505267140025,260.6976670000023,71.26685012681696,9.287462220762155,0.0,,0.999924932133195,7.506786684116197e-05,6.668060973594597e-05,0,0,5644487,5644694,207.87200808525085,0,52,347,35647.448275621384,1390982610.049136
293,19481600,5654460,3.4453511033768036,280.9707500000087,66.12468224005319,9.287877792378449,0.0,,0.9999581647632999,4.183523672375352e-05,6.883788252385218e-05,0,0,5644743,5644818,75.77600812911987,0,52,347,36898.72689469117,1425789582.5463753
294,19481600,5654209,3.4455040484000503,273.24079200000995,67.9953436912133,9.287465505913271,0.0,,0.9999329009150398,6.709908494276753e-05,6.903379266890365e-05,0,0,5644487,5644686,199.6800081729889,0,50,347,36969.85245211868,1448274544.213339
295,19481600,5654457,3.445352931324794,294.0787080000007,63.17730953340545,9.287872864651774,0.0,,0.9999274913806023,7.250861937243612e-05,5.7402325606851164e-05,0,0,5644743,5644810,67.58400821685791,0,51,347,37929.9654867193,1447710942.5369024
296,19481600,5654199,3.4455101421085463,267.5609169999973,69.43877218996147,9.287449080157687,0.0,,0.9999231427928947,7.685720706426904e-05,6.445665493250395e-05,0,0,5644487,5644678,191.48800826072693,0,54,347,38319.58032098677,1433455757.6996415
297,19481600,5654464,3.4453486661158332,260.57037500000035,71.3016649053062,9.287884362680684,0.0,,0.9999301428754866,6.985712453883846e-05,6.750590087442677e-05,0,0,5644743,5644802,59.39200830459595,0,51,347,37735.1184645394,1423814911.0721679
298,19481600,5654209,3.4455040484000503,297.3422499999998,62.48389377056242,9.287465505913271,0.0,,0.999926427851589,7.357214839544739e-05,6.652617271048354e-05,0,0,5644487,5644670,183.29600834846497,0,89,347,37935.37349967577,1433514817.0183496
299,19481600,5654462,3.4453498847458874,263.0757499999987,70.62263079170198,9.287881077529565,0.0,,0.9999234750601567,7.652493987854663e-05,6.74360509873727e-05,0,0,5644743,5644794,51.200008392333984,0,55,347,38331.01238334949,1458832457.9929976
300,19481600,5654211,3.4455028296609376,334.84112499999696,55.48631925812628,9.28746879106439,0.0,,0.9999505085788356,4.9491421175512175e-05,6.641077554735924e-05,0,0,5644487,5644662,175.104008436203,0,89,347,39385.94456493362,1472983290.7603114
301,19481600,5654459,3.4453517126925846,319.9962080000063,58.06038039831908,9.28787614980289,0.0,,0.9999316093819995,6.83906180449593e-05,6.809505114368517e-05,0,0,5644743,5644786,43.00800848007202,0,90,347,37440.66624995388,1494495773.2667477
302,19481600,5654199,3.4455101421085463,286.09754200000737,64.93974548896865,9.287449080157687,0.0,,0.9999213076366318,7.869236331975408e-05,6.31629022555428e-05,0,0,5644487,5644653,166.91200852394104,0,52,347,36761.68121500673,1485436256.9318397
303,19481600,5654459,3.4453517126925846,265.95666699999754,69.85762670315076,9.28787614980289,0.0,,0.9999091714284485,9.082857157930207e-05,6.66841274831231e-05,0,0,5644743,5644777,34.81600856781006,0,90,347,37550.82677029574,1494272403.0423338
304,19481600,5654199,3.4455101421085463,265.11825000000044,70.0785463184823,9.287449080157687,0.0,,0.9999215592227346,7.844077727706644e-05,6.555382392442199e-05,0,0,5644487,5644645,158.72000861167908,0,52,347,37826.25921691421,1467924630.3017688
305,19481600,5654455,3.4453541499578653,277.29762500000277,67.0005794766537,9.287869579500658,0.0,,0.9999263393867192,7.366061326072624e-05,6.391336897385399e-05,0,0,5644743,5644769,26.624008655548096,0,53,347,38535.66605397811,1457739844.21202
306,19481600,5654206,3.4455058765103357,269.2276249999992,69.00889744319535,9.287460578186597,0.0,,0.9999145919323428,8.540806762379938e-05,6.83081960183175e-05,0,0,5644487,5644637,150.52800869941711,0,50,347,38797.905487579184,1420709859.8755722
307,19481600,5654462,3.4453498847458874,294.239165999997,63.14285693190209,9.287881077529565,0.0,,0.9999436053883776,5.639461156328099e-05,6.90013618316108e-05,0,0,5644743,5644761,18.432008743286133,0,51,347,39353.14438539093,1423364442.654292
308,19481600,5654209,3.4455040484000503,308.6681660000039,60.19118136886123,9.287465505913271,0.0,,0.9999352558951112,6.474410491890005e-05,6.71122947280401e-05,0,0,5644487,5644629,142.33600878715515,0,89,347,38258.32020873896,1438463347.3065338
309,19481600,5654462,3.4453498847458874,271.8312499999911,68.34792380383274,9.287881077529565,0.0,,0.999926169476469,7.383052355318624e-05,6.830406544451305e-05,0,0,5644743,5644753,10.24000883102417,0,51,347,36378.88651004324,1443399682.7907193
310,19481600,5654200,3.4455095327367267,275.54358400000467,67.42708827689374,9.287450722733245,0.0,,0.9999276850335748,7.231496642986223e-05,6.761578913047976e-05,0,0,5644487,5644621,134.1440088748932,0,50,347,36365.26855673141,1456687873.0719905
311,19481600,5654456,3.445353540641222,272.5086250000004,68.17803129167002,9.287871222076216,0.0,,0.9999241955665921,7.580443336067885e-05,6.769566220559367e-05,0,0,5644743,5644745,2.048008918762207,0,51,347,35393.123705437414,1318171050.2497017
312,19481600,5654206,3.4455058765103357,297.7729170000032,62.39352372835103,9.287460578186597,0.0,,0.9999307351524347,6.926484757834902e-05,6.867988134352427e-05,0,0,5644487,5644612,125.95200896263123,0,50,347,33108.10159419412,1271294470.271638
313,19481600,5654206,3.4455058765103357,284.90058399999896,65.21257802160233,9.287460578186597,0.0,,0.9999358057147361,6.419428519688629e-05,6.355037041601623e-05,0,0,5644487,5644736,249.85600900650024,0,50,347,33670.51306513841,1278884668.2830675
314,19481600,5654460,3.4453511033768036,271.4837909999943,68.43539901246034,9.287877792378449,0.0,,0.9999287286281973,7.127137177179347e-05,6.7759389732766e-05,0,0,5644743,5644860,117.76000905036926,0,52,347,34079.466225491175,1300997962.7763195
315,19481600,5654205,3.445506485880862,312.713415999994,59.41255031571896,9.287458935611038,0.0,,0.999926574500576,7.342549945266714e-05,6.795207943188895e-05,0,0,5644487,5644728,241.66400909423828,0,89,347,34896.62075157602,1284048654.3449912
316,19481600,5654462,3.4453498847458874,349.4138749999962,53.172191752546176,9.287881077529565,0.0,,0.9999233116765783,7.668832341773082e-05,6.540231900716337e-05,0,0,5644743,5644852,109.5680091381073,0,51,347,34771.30417204588,1152904219.4820662
317,19481600,5654206,3.4455058765103357,271.9906250000008,68.30787481186141,9.287460578186597,0.0,,0.9999316508214482,6.834917856083229e-05,6.848105635546554e-05,0,0,5644487,5644720,233.47200918197632,0,50,347,34608.2220615504,1149419622.6323223
318,19481600,5654466,3.4453474474866415,279.1616669999968,66.55319751511662,9.2878876478318,0.0,,0.999939666069442,6.03339305982558e-05,6.542015713391075e-05,0,0,5644743,5644844,101.37600922584534,0,90,347,35374.826548794226,1187823503.021151
319,19481600,5654207,3.445505267140025,344.4027500000004,53.94585717593712,9.287462220762155,0.0,,0.9999547647546705,4.523524535149905e-05,6.634467346543664e-05,0,0,5644487,5644712,225.28000926971436,0,50,347,30646.736985880696,1105313734.3295126
320,19481600,5654461,3.4453504940612376,285.4699589999967,65.08251035444404,9.287879434954007,0.0,,0.9999266350596858,7.336494030272244e-05,6.784225687817866e-05,0,0,5644743,5644836,93.18400931358337,0,53,347,31361.26018895933,1026405976.2057918
321,19481600,5654203,3.4455077046225613,290.9911249999908,63.847657080608855,9.287455650459922,0.0,,0.9999383694457856,6.163055417979913e-05,6.51983247110145e-05,0,0,5644487,5644704,217.0880093574524,0,89,347,32229.984216215467,983426809.5395097
322,19481600,5654459,3.4453517126925846,295.8672080000042,62.7954063854881,9.28787614980289,0.0,,0.9999287017613782,7.129823868045835e-05,6.809219893397259e-05,0,0,5644743,5644827,84.99200940132141,0,90,347,27421.87465576388,940882548.9372388
323,19481600,5654208,3.4455046577699298,294.2167920000003,63.14765869141821,9.287463863337713,0.0,,0.9999283835131056,7.161648693469798e-05,6.756854934163368e-05,0,0,5644487,5644695,208.89600944519043,0,50,347,25234.10233263453,910095801.5677754
324,19481600,5654466,3.4453474474866415,302.78504199999645,61.3606981367997,9.2878876478318,0.0,,0.9999650756526149,3.492434741646099e-05,6.673066876321033e-05,0,0,5644743,5644819,76.80000948905945,0,90,347,25954.57891245667,889148889.0590435
325,19481600,5654209,3.4455040484000503,274.234000000007,67.7490813046505,9.287465505913271,0.0,,0.9999241128179888,7.588718205277272e-05,6.672601558843386e-05,0,0,5644487,5644687,200.70400953292847,0,92,347,25350.088057968405,914816309.5815253
326,19481600,5654465,3.4453480568011297,272.73950000000013,68.12031833489462,9.287886005256242,0.0,,0.9999343963628993,6.560363711672865e-05,6.801295060803319e-05,0,0,5644743,5644811,68.60800957679749,0,90,347,23888.63982773099,933232719.5326014
327,19481600,5654199,3.4455101421085463,265.12516699999367,70.07671799976818,9.287449080157687,0.0,,0.9999204743677069,7.952563238571119e-05,6.898884311921039e-05,0,0,5644487,5644679,192.5120096206665,0,52,347,21961.514101395172,942690563.9360212
328,19481600,5654455,3.4453541499578653,269.99262500000043,68.81336689289188,9.287869579500658,0.0,,0.9999242929346707,7.570706537859926e-05,6.653193138886816e-05,0,0,5644743,5644803,60.41600966453552,0,53,347,22037.633993593256,930752276.868673
329,19481600,5654209,3.4455040484000503,283.4008750000123,65.55767184028346,9.287465505913271,0.0,,0.999918457033643,8.154296647497793e-05,6.806728243210716e-05,0,0,5644487,5644671,184.32000970840454,0,89,347,22199.82321527479,955211230.8539567
330,19481600,5654465,3.4453480568011297,266.4523750000001,69.72766357402517,9.287886005256242,0.0,,0.9999294629640189,7.05370360203387e-05,6.760214857583872e-05,0,0,5644743,5644795,52.22400975227356,0,90,347,22042.011878748424,956517224.5386455
331,19481600,5654200,3.4455095327367267,299.8637500000001,61.95847801709941,9.287450722733245,0.0,,0.999913351839432,8.664816060808665e-05,5.954347041277615e-05,0,0,5644487,5644663,176.12800979614258,0,54,347,20931.004066936075,955215582.3048099
332,19481600,5654467,3.4453468381723686,285.3585840000079,65.10791195438328,9.287889290407358,0.0,,0.9999298184413847,7.018155865670798e-05,6.885388270898083e-05,0,0,5644743,5644787,44.0320098400116,0,90,347,21593.57058104782,957271417.6850014
333,19481600,5654205,3.445506485880862,261.6162080000066,71.01663044706898,9.287458935611038,0.0,,0.999927375487488,7.262451256096228e-05,6.582774951910227e-05,0,0,5644487,5644654,167.93600988388062,0,52,347,22409.074813917126,981852434.0101682
334,19481600,5654461,3.4453504940612376,281.1291669999889,66.08742081358187,9.287879434954007,0.0,,0.9999281198168383,7.18801831605666e-05,6.78344912652433e-05,0,0,5644743,5644778,35.840009927749634,0,53,347,23183.891963315702,992561362.0649632
335,19481600,5654204,3.445507095251604,289.3877909999958,64.20140082032788,9.28745729303548,0.0,,0.9999574869432848,4.251305675735367e-05,6.891448320427157e-05,0,0,5644487,5644646,159.74400997161865,0,51,347,23671.690838652765,1012675998.6903652
336,19481600,5654463,3.4453492754307526,286.21004200000755,64.91421975508291,9.287882720105126,0.0,,0.999930510729841,6.948927008090087e-05,6.467103047738711e-05,0,0,5644743,5644770,27.64801001548767,0,51,347,24186.988271006056,1039962790.1919758
337,19481600,5654207,3.445505267140025,267.14862500000436,69.54593744399656,9.287462220762155,0.0,,0.9999457581066891,5.424189327297736e-05,6.867429369884676e-05,0,0,5644487,5644638,151.5520100593567,0,52,347,24110.544582820716,988093804.0978838
338,19481600,5654455,3.4453541499578653,264.22749999998985,70.31479146758272,9.287869579500658,0.0,,0.9999233964580343,7.660354197913243e-05,6.756726446240343e-05,0,0,5644743,5644762,19.456010103225708,0,53,347,25097.15326182916,1001488580.0768573
339,19481600,5654199,3.4455101421085463,312.1369170000037,59.522281891762844,9.287449080157687,0.0,,0.9999246913235352,7.530867649958844e-05,6.715413355048588e-05,0,0,5644487,5644630,143.36001014709473,0,52,347,25627.93287068631,1008298655.1872997
340,19481600,5654464,3.4453486661158332,266.63441600000226,69.68005796558477,9.287884362680684,0.0,,0.9999656771910072,3.4322808988467396e-05,6.740836409084733e-05,0,0,5644743,5644754,11.264010190963745,0,51,347,25931.784200912905,962020406.8872086
341,19481600,5654206,3.4455058765103357,286.0989170000039,64.93943338659946,9.287460578186597,0.0,,0.9999253352427816,7.466475722591817e-05,6.844786212220973e-05,0,0,5644487,5644622,135.16801023483276,0,51,347,26638.612417983564,973346058.6537112
342,19481600,5654464,3.4453486661158332,285.8621249999942,64.99322553661273,9.287884362680684,0.0,,0.9999620321329745,3.796786704143946e-05,6.844712202544941e-05,0,0,5644743,5644746,3.0720102787017822,0,51,347,27593.0082145422,997847913.7558532
343,19481600,5654207,3.445505267140025,284.42791700000214,65.32094935849726,9.287462220762155,0.0,,0.9999656860517887,3.431394819867566e-05,6.914613285093982e-05,0,0,5644487,5644613,126.9760103225708,0,54,347,28313.0275775539,1026281412.4520906
344,19481600,5654206,3.4455058765103357,305.64366699999823,60.786803616317385,9.287460578186597,0.0,,0.9999692246483178,3.077535168542579e-05,6.906661543214689e-05,0,0,5644487,5644737,250.88001036643982,0,51,347,29217.231876889367,1060935923.2805967
345,19481600,5654460,3.4453511033768036,289.6421669999967,64.14501643505592,9.287877792378449,0.0,,0.9999305722829357,6.942771707426628e-05,6.772064445423508e-05,0,0,5644743,5644861,118.78401041030884,0,55,347,30277.66797598269,1084591336.779787
346,19481600,5654208,3.4455046577699298,337.8378330000089,54.99414141251465,9.287463863337713,0.0,,0.9999287799396638,7.122006036533167e-05,6.432621237613566e-05,0,0,5644487,5644729,242.68801045417786,0,50,347,30773.036717248153,1095289866.3279066
347,19481600,5654460,3.4453511033768036,313.75583300000187,59.21515907721751,9.287877792378449,0.0,,0.9999288456599827,7.115434003429123e-05,6.801120710073977e-05,0,0,5644743,5644853,110.59201049804688,0,52,347,31320.66022800937,1092086085.5141633
348,19481600,5654210,3.4455034390303863,324.1602909999983,57.31455109811737,9.287467148488831,0.0,,0.9999329180604041,6.708193959275339e-05,6.828571264355634e-05,0,0,5644487,5644721,234.4960105419159,0,89,347,31886.967486835278,1097941531.0993667
349,19481600,5654462,3.4453498847458874,312.7719999999954,59.40142200229008,9.287881077529565,0.0,,0.9999435581230895,5.6441876886558236e-05,6.61877475245302e-05,0,0,5644743,5644845,102.40001058578491,0,51,347,30636.801184427626,1083624087.071774
350,19481600,5654210,3.4455034390303863,315.2594579999999,58.932733312318284,9.287467148488831,0.0,,0.9999708400306376,2.915996936329389e-05,6.403028872798497e-05,0,0,5644487,5644713,226.30401062965393,0,50,347,30845.361231665403,1067158970.5696446
351,19481600,5654464,3.4453486661158332,313.96741700000064,59.17525372545254,9.287884362680684,0.0,,0.9999394865443396,6.0513455646088115e-05,6.91787092130794e-05,0,0,5644743,5644837,94.20801067352295,0,51,347,30404.57999289992,1073092027.1473533
352,19481600,5654207,3.445505267140025,304.4679580000036,61.021533052419855,9.287462220762155,0.0,,0.9999461541950547,5.384580496122221e-05,6.72121513939837e-05,0,0,5644487,5644705,218.11201071739197,0,52,347,30996.25444020015,1035837487.6058875
353,19481600,5654463,3.4453492754307526,443.5068750000113,41.89134962676628,9.287882720105126,0.0,,0.9999435078973493,5.6492102630405436e-05,6.841001826917701e-05,0,0,5644743,5644829,86.01601076126099,0,53,347,31003.463672044207,1025166407.0410397
354,19481600,5654209,3.4455040484000503,468.2231249999944,39.680017005781636,9.287465505913271,0.0,,0.999973401260955,2.6598739045416653e-05,6.639152007810918e-05,0,0,5644487,5644696,209.92001080513,0,52,347,31206.513019836584,985344494.6776474
355,19481600,5654462,3.4453498847458874,479.681417000009,38.732168693747106,9.287881077529565,0.0,,0.9999320108797048,6.798912031854033e-05,6.740185673439546e-05,0,0,5644743,5644820,77.82401084899902,0,51,347,32141.742366804847,980578393.9098583
356,19481600,5654198,3.4455107514805814,363.62329199999976,51.094365986049134,9.287447437582129,0.0,,0.9999518271152401,4.817288479807498e-05,6.926420346003512e-05,0,0,5644487,5644688,201.72801089286804,0,54,347,32353.849531372296,979742083.4485397
357,19481600,5654460,3.4453511033768036,310.4346249999992,59.84867687520375,9.287877792378449,0.0,,0.999935207558941,6.479244106352555e-05,6.634601419057121e-05,0,0,5644743,5644812,69.63201093673706,0,52,347,33194.689266865484,1000026496.3741001
358,19481600,5654206,3.4455058765103357,307.91795800000443,60.337830515554835,9.287460578186597,0.0,,0.9999333059698999,6.669403012333946e-05,6.948257723735e-05,0,0,5644487,5644680,193.53601098060608,0,54,347,34379.82302579934,1011463017.9288583
359,19481600,5654461,3.4453504940612376,312.635874999998,59.427286016040604,9.287879434954007,0.0,,0.999936990902755,6.300909729181765e-05,6.757343224057368e-05,0,0,5644743,5644804,61.4400110244751,0,53,347,35372.77996132632,1017658257.3483622
360,19481600,5654207,3.445505267140025,297.8675000000095,62.37371167549131,9.287462220762155,0.0,,0.9999706649644229,2.933503557409877e-05,6.768270996141642e-05,0,0,5644487,5644672,185.34401106834412,0,52,347,35338.26099881846,988659468.3913105
361,19481600,5654465,3.4453480568011297,285.37529099999404,65.1041002793069,9.287886005256242,0.0,,0.9999339776960195,6.602230407078048e-05,6.919621383185799e-05,0,0,5644743,5644796,53.248011112213135,0,90,347,35547.53694166642,1009211268.729033
362,19481600,5654205,3.445506485880862,289.0658750000057,64.27289821913304,9.287458935611038,0.0,,0.9999291686383267,7.08313617046828e-05,6.94011680474051e-05,0,0,5644487,5644664,177.15201115608215,0,52,347,35199.139714563404,1002610230.4640656
363,19481600,5654462,3.4453498847458874,302.34266600000126,61.45047871774711,9.287881077529565,0.0,,0.999932245967443,6.775403252821913e-05,6.741072325503123e-05,0,0,5644743,5644788,45.05601119995117,0,51,347,35577.58048363119,1008880908.7141517
364,19481600,5654206,3.4455058765103357,361.6968750000069,51.36649732597122,9.287460578186597,0.0,,0.9999375985844501,6.240141557657791e-05,6.809557222698027e-05,0,0,5644487,5644655,168.9600112438202,0,51,347,34421.915225734345,1006460594.8241607
365,19481600,5654461,3.4453504940612376,273.34174999998595,67.97022980390282,9.287879434954007,0.0,,0.9999238022884077,7.619771158354329e-05,6.886450730973263e-05,0,0,5644743,5644779,36.86401128768921,0,53,347,35379.472045023875,1026188181.9922638
366,19481600,5654206,3.4455058765103357,268.6352080000063,69.16108167958224,9.287460578186597,0.0,,0.9999307624178531,6.923758215980131e-05,6.61640021686559e-05,0,0,5644487,5644647,160.76801133155823,0,50,347,33956.268862364625,999480133.0436847
367,19481600,5654462,3.4453498847458874,265.51104199998576,69.97487344613334,9.287881077529565,0.0,,0.9999289243918366,7.107560811100344e-05,6.73674171636054e-05,0,0,5644743,5644771,28.672011375427246,0,52,347,34001.167402083076,956936206.6036367
368,19481600,5654204,3.445507095251604,288.69750000001204,64.35490976714112,9.28745729303548,0.0,,0.9999271857130559,7.281428697506822e-05,6.603115898336252e-05,0,0,5644487,5644639,152.57601141929626,0,51,347,34680.424683029494,977477194.231854
369,19481600,5654462,3.4453498847458874,337.0469999999841,55.12317736844083,9.287881077529565,0.0,,0.9999338931047685,6.610689522767168e-05,6.847594980966244e-05,0,0,5644743,5644763,20.480011463165283,0,51,347,34856.036336117795,957655898.9774841
370,19481600,5654204,3.445507095251604,291.2365419999787,63.7938544212675,9.28745729303548,0.0,,0.9999493330433217,5.066695665879933e-05,6.737600312847704e-05,0,0,5644487,5644631,144.3840115070343,0,89,347,33744.72111795549,960003709.05883
371,19481600,5654459,3.4453517126925846,298.6335829999973,62.21370475436504,9.28787614980289,0.0,,0.999915232999459,8.476700061715408e-05,6.773584613731721e-05,0,0,5644743,5644755,12.28801155090332,0,90,347,32095.95819627778,899349444.2839222
372,19481600,5654210,3.4455034390303863,282.1851249999838,65.84011670530495,9.287467148488831,0.0,,0.9999243268006873,7.56731993635637e-05,7.040362478843487e-05,0,0,5644487,5644623,136.19201159477234,0,89,347,32229.038584684542,899998049.7807215
373,19481600,5654467,3.4453468381723686,263.9162500000225,70.39771731561969,9.287889290407358,0.0,,0.9999375217007828,6.247829921962119e-05,6.646822061338634e-05,0,0,5644743,5644747,4.096011638641357,0,90,347,31508.912080093785,854900184.2613147
374,19481600,5654208,3.4455046577699298,293.6973749999936,63.25933816228492,9.287463863337713,0.0,,0.9999239073437465,7.609265623909936e-05,6.746371577825942e-05,0,0,5644487,5644615,128.00001168251038,0,52,347,31403.892425970742,843666438.6426287
375,19481600,5654209,3.4455040484000503,292.2377079999876,63.57530549240685,9.287465505913271,0.0,,0.999927568833546,7.243116646671312e-05,6.850509714110279e-05,0,0,5644487,5644738,251.9040117263794,0,52,347,32134.10425631865,852973728.1017272
376,19481600,5654457,3.445352931324794,289.366125000015,64.20620783617653,9.287872864651774,0.0,,0.9999259619974905,7.403800253229284e-05,6.726415877193288e-05,0,0,5644743,5644862,119.80801177024841,0,51,347,33027.2245402603,879528182.3622268
377,19481600,5654200,3.4455095327367267,311.8139579999877,59.5839316548515,9.287450722733245,0.0,,0.9999260102913271,7.398970860360133e-05,6.726330157601139e-05,0,0,5644487,5644730,243.71201181411743,0,50,347,32894.1630295455,871908329.6556114
378,19481600,5654457,3.445352931324794,290.7256670000038,63.905955584237276,9.287872864651774,0.0,,0.9999225000942742,7.749990575750379e-05,6.648366972205041e-05,0,0,5644743,5644854,111.61601185798645,0,50,347,33112.12015736906,814873085.9305794
379,19481600,5654206,3.4455058765103357,273.5622499999977,67.91544360561502,9.287460578186597,0.0,,0.9999310515161103,6.894848393500435e-05,6.855588698852267e-05,0,0,5644487,5644722,235.52001190185547,0,51,347,34186.18822317598,828334377.8284223
380,19481600,5654463,3.4453492754307526,289.05299999999556,64.27576106285105,9.287882720105126,0.0,,0.9999281046343944,7.189536564140076e-05,6.834178287220133e-05,0,0,5644743,5644846,103.42401170730591,0,53,347,35293.573066852936,845604865.4126005
381,19481600,5654211,3.4455028296609376,290.74345800000856,63.90204508917773,9.28746879106439,0.0,,0.9999212816742751,7.871832576529259e-05,6.790177096560571e-05,0,0,5644487,5644714,227.32801151275635,0,50,347,36436.77190731533,863838569.7505431
382,19481600,5654460,3.4453511033768036,266.7784169999834,69.64244623470105,9.287877792378449,0.0,,0.9999110914887688,8.890851126945075e-05,6.822852276082304e-05,0,0,5644743,5644838,95.23201131820679,0,55,347,36720.54727222059,852602489.4646561
383,19481600,5654198,3.4455107514805814,280.75183400000014,66.17624290390206,9.287447437582129,0.0,,0.9999267528414669,7.324715853709115e-05,6.789118866212606e-05,0,0,5644487,5644706,219.13601112365723,0,51,347,37853.34999207988,852289688.406593
384,19481600,5654462,3.4453498847458874,332.7850840000224,55.829129536643386,9.287881077529565,0.0,,0.9999229883528078,7.701164719225373e-05,6.867654027066296e-05,0,0,5644743,5644830,87.04001092910767,0,51,347,38988.66615012983,861468201.4149705
385,19481600,5654207,3.445505267140025,273.59595800001557,67.90707618019322,9.287462220762155,0.0,,0.9999270278194629,7.297218056487476e-05,6.890397792614466e-05,0,0,5644487,5644697,210.9440107345581,0,50,347,39833.12285003087,876754589.0241882
386,19481600,5654460,3.4453511033768036,302.26512499999103,61.46624279761203,9.287877792378449,0.0,,0.9999239832532831,7.601674670317913e-05,6.758422108631457e-05,0,0,5644743,5644821,78.84801054000854,0,52,347,40858.5707477087,888629443.1125472
387,19481600,5654199,3.4455101421085463,299.52008300000443,62.02956869005583,9.287449080157687,0.0,,0.9999205029010994,7.949709894276723e-05,6.77838827903252e-05,0,0,5644487,5644689,202.75201034545898,0,52,347,41693.63626583475,906348762.9769776
388,19481600,5654461,3.4453504940612376,280.59491700000194,66.2132506217134,9.287879434954007,0.0,,0.9999281643869216,7.183561306899102e-05,6.888818387117222e-05,0,0,5644743,5644813,70.65601015090942,0,53,347,41778.54444278513,909432168.1665604
389,19481600,5654205,3.445506485880862,266.6647499999897,69.67213162782377,9.287458935611038,0.0,,0.9999313045260668,6.869547396199093e-05,6.7921727692102e-05,0,0,5644487,5644681,194.56000995635986,0,52,347,42199.61703360113,918593935.1426573
390,19481600,5654456,3.445353540641222,301.0214579999797,61.72018993576615,9.287871222076216,0.0,,0.9999141907858122,8.580921412825001e-05,6.63159004435301e-05,0,0,5644743,5644805,62.4640097618103,0,51,347,42993.55078429187,919731040.2783874
391,19481600,5654211,3.4455028296609376,295.2608330000146,62.92436884948801,9.28746879106439,0.0,,0.9999241075679646,7.589243199423163e-05,6.726140793913763e-05,0,0,5644487,5644673,186.36800956726074,0,89,347,43270.80995430668,943845788.9134538
392,19481600,5654463,3.4453492754307526,271.07308399999397,68.5390865383758,9.287882720105126,0.0,,0.9999359500839307,6.404991608302901e-05,6.728838952065856e-05,0,0,5644743,5644797,54.27200937271118,0,53,347,42262.99621325629,903513352.1348357
393,19481600,5654207,3.445505267140025,313.7224159999903,59.221466541621226,9.287462220762155,0.0,,0.9999406245690188,5.937543095273337e-05,6.685856621231998e-05,0,0,5644487,5644665,178.17600917816162,0,52,347,43451.13897826522,861221563.2066442
394,19481600,5654463,3.4453492754307526,269.0814160000059,69.04639435411471,9.287882720105126,0.0,,0.9999600466283938,3.9953371636327854e-05,6.929337447002479e-05,0,0,5644743,5644789,46.08000898361206,0,51,347,44630.28099881215,880687631.9725486
395,19481600,5654205,3.445506485880862,279.78391600001373,66.40518092719486,9.287458935611038,0.0,,0.9999305384123677,6.946158766555401e-05,6.683680279565203e-05,0,0,5644487,5644656,169.9840087890625,0,52,347,43918.64886333879,896511734.4441293
396,19481600,5654465,3.4453480568011297,285.1133750000088,65.16390738420962,9.287886005256242,0.0,,0.9999303024427781,6.96975572098775e-05,6.856915785774356e-05,0,0,5644743,5644780,37.88800859451294,0,90,347,44160.706642584635,916518791.3102833
397,19481600,5654204,3.445507095251604,280.1629170000126,66.31534880292227,9.28745729303548,0.0,,0.9999340185434563,6.598145657568591e-05,6.276343342991507e-05,0,0,5644487,5644648,161.79200839996338,0,51,347,44525.456234620775,935986992.6104376
398,19481600,5654462,3.4453498847458874,275.97829100000126,67.32088054889765,9.287881077529565,0.0,,0.9999200507667017,7.99492333150331e-05,6.902306528279477e-05,0,0,5644743,5644772,29.69600820541382,0,51,347,42204.69113116945,918548557.4890304
399,19481600,5654203,3.4455077046225613,299.83033300001694,61.96538347739136,9.287455650459922,0.0,,0.9999272535373092,7.274646269649434e-05,6.583172767575194e-05,0,0,5644487,5644640,153.60000801086426,0,89,347,42214.59946580947,929594599.839837
400,19481600,5654457,3.445352931324794,323.8812090000067,57.363937907554295,9.287872864651774,0.0,,0.9999254170364091,7.458296358408341e-05,6.353151817123708e-05,0,0,5644743,5644764,21.504007816314697,0,51,347,42729.016488932575,948532825.6204482
401,19481600,5654203,3.4455077046225613,319.15016700000365,58.21429371992084,9.287455650459922,0.0,,0.9999289376301728,7.106236989098777e-05,6.613288056546277e-05,0,0,5644487,5644632,145.40800762176514,0,89,347,44133.169590837824,953776202.3879713
402,19481600,5654455,3.4453541499578653,299.9282080000114,61.945162432002036,9.287869579500658,0.0,,0.9999173396935066,8.266030659723164e-05,6.084954877097322e-05,0,0,5644743,5644756,13.312007427215576,0,53,347,44063.25599724593,944552515.523519
403,19481600,5654207,3.445505267140025,273.5795419999931,67.91115090945092,9.287462220762155,0.0,,0.9999361585459383,6.384145406851936e-05,6.768172007466011e-05,0,0,5644487,5644624,137.21600723266602,0,52,347,44336.33981272559,958451577.7197552
404,19481600,5654455,3.4453541499578653,285.4706249999879,65.08235851762608,9.287869579500658,0.0,,0.999918194082672,8.180591731066708e-05,6.895256587851627e-05,0,0,5644743,5644748,5.120007038116455,0,53,347,45854.86533660052,966798260.7777731
405,19481600,5654206,3.4455058765103357,278.3263749999776,66.75293192210582,9.287460578186597,0.0,,0.9999253758399705,7.462416004001051e-05,6.705553439458327e-05,0,0,5644487,5644616,129.0240068435669,0,50,347,47210.4219921762,977568305.3324659
406,19481600,5654200,3.4455095327367267,296.76075000000424,62.606330394096034,9.287450722733245,0.0,,0.9999219112628529,7.808873710303097e-05,6.777053317146368e-05,0,0,5644487,5644739,252.92800664901733,0,50,347,47107.14006751292,993002301.7802796
407,19481600,5654459,3.4453517126925846,288.731332999987,64.34736877864529,9.28787614980289,0.0,,0.9999246092822425,7.539071775668366e-05,6.786964893330258e-05,0,0,5644743,5644863,120.83200645446777,0,90,347,46696.27590630929,985727911.382892
408,19481600,5654200,3.4455095327367267,278.6095419999981,66.68508705455655,9.287450722733245,0.0,,0.9999100121191181,8.998788084429566e-05,6.454541776875091e-05,0,0,5644487,5644731,244.7360062599182,0,50,347,45709.54285362055,955348145.3625301
409,19481600,5654454,3.445354759274724,291.64625000001365,63.70423608223706,9.287867936925098,0.0,,0.9999178011372926,8.219886273311203e-05,6.877409868579473e-05,0,0,5644743,5644855,112.64000606536865,0,52,347,43142.45042014052,932854051.0977992
410,19481600,5654200,3.4455095327367267,282.6582499999972,65.72991081102421,9.287450722733245,0.0,,0.9999284330203599,7.15669796107736e-05,6.562574696532721e-05,0,0,5644487,5644723,236.5440058708191,0,50,347,44294.28568376605,914094586.0078186
411,19481600,5654466,3.4453474474866415,369.3884589999925,50.29691943488786,9.2878876478318,0.0,,0.9999272615852988,7.273841470932781e-05,6.841381250400259e-05,0,0,5644743,5644847,104.44800567626953,0,90,347,45047.22474900161,894160896.0886039
412,19481600,5654199,3.4455101421085463,301.3446670000235,61.65399158199986,9.287449080157687,0.0,,0.9999174877783417,8.251222168706137e-05,6.78387428920529e-05,0,0,5644487,5644715,228.35200548171997,0,52,347,44199.82234982795,854660614.2604657
413,19481600,5654454,3.445354759274724,281.9109170000047,65.9041578106026,9.287867936925098,0.0,,0.9999171296585446,8.287034143298818e-05,6.788535686965055e-05,0,0,5644743,5644839,96.25600528717041,0,52,347,44395.23585249773,870692241.5379353
414,19481600,5654205,3.445506485880862,277.9087920000052,66.85323421685649,9.287458935611038,0.0,,0.9999377694120587,6.223058797387256e-05,6.795703725090099e-05,0,0,5644487,5644707,220.16000509262085,0,52,347,45734.57172210524,856591182.0933677
415,19481600,5654463,3.4453492754307526,262.9956659999948,70.64413587142674,9.287882720105126,0.0,,0.9999379297566225,6.207024335901682e-05,6.8108969454298e-05,0,0,5644743,5644831,88.06400489807129,0,51,347,46195.44530293994,882059165.2361512
416,19481600,5654203,3.4455077046225613,286.66437500001507,64.8113375179564,9.287455650459922,0.0,,0.9999257318096471,7.426819038043783e-05,6.767811797114851e-05,0,0,5644487,5644698,211.96800470352173,0,89,347,45123.7874267933,884146436.5210371
417,19481600,5654461,3.4453504940612376,290.09787500001494,64.04425252166719,9.287879434954007,0.0,,0.9999303369320421,6.966306803786178e-05,6.781503309800077e-05,0,0,5644743,5644822,79.87200450897217,0,53,347,43064.898732401474,881012645.6305466
418,19481600,5654205,3.445506485880862,266.815084000001,69.63287563794532,9.287458935611038,0.0,,0.9999276438914648,7.235610859241324e-05,6.769093457601643e-05,0,0,5644487,5644690,203.7760043144226,0,52,347,42755.714467763726,876831400.061795
419,19481600,5654464,3.4453486661158332,291.85204199998793,63.659316670125506,9.287884362680684,0.0,,0.9999570714987036,4.292850128440379e-05,6.964724290665198e-05,0,0,5644743,5644814,71.68000411987305,0,51,347,43057.5338304173,870167696.4513901
420,19481600,5654206,3.4455058765103357,289.26812500000665,64.22796000250484,9.287460578186597,0.0,,0.9999313339275442,6.866607243177028e-05,6.814454411862421e-05,0,0,5644487,5644682,195.5840039253235,0,50,347,42021.86759270258,879981195.1588652
421,19481600,5654455,3.4453541499578653,282.3268749999954,65.8070598574801,9.287869579500658,0.0,,0.9999527079448823,4.7292055074248446e-05,6.643645023114888e-05,0,0,5644743,5644806,63.488003730773926,0,53,347,42634.276787078576,899965338.0400486
422,19481600,5654207,3.445505267140025,288.40166699998804,64.42092292934205,9.287462220762155,0.0,,0.9999359071424092,6.409285757748801e-05,6.727903659432309e-05,0,0,5644487,5644674,187.39200353622437,0,52,347,42512.80538526536,876079672.1508482
423,19481600,5654463,3.4453492754307526,265.04595899999117,70.0976601665548,9.287882720105126,0.0,,0.9999347583021413,6.524169789580806e-05,6.767997850870982e-05,0,0,5644743,5644798,55.296003341674805,0,51,347,43134.86979989288,896110884.9379847
424,19481600,5654205,3.445506485880862,285.05804200000284,65.17655643793348,9.287458935611038,0.0,,0.9999250909822371,7.490901767609171e-05,6.748279610676383e-05,0,0,5644487,5644666,179.20000314712524,0,52,347,43553.10394625359,911098468.8392923
425,19481600,5654455,3.4453541499578653,277.64124999998785,66.91765565275625,9.287869579500658,0.0,,0.9999091733545866,9.08266454284774e-05,6.654875235627567e-05,0,0,5644743,5644790,47.104002952575684,0,50,347,43868.242932516834,916792932.5047919
426,19481600,5654205,3.445506485880862,270.2411249999841,68.75008961904334,9.287458935611038,0.0,,0.9999308595242464,6.914047569297945e-05,6.57669223002143e-05,0,0,5644487,5644658,171.00800275802612,0,52,347,43871.66509021847,936775800.7672203
427,19481600,5654464,3.4453486661158332,276.7824159999748,67.1252958587575,9.287884362680684,0.0,,0.9999320411278483,6.795887215479806e-05,7.017623016449764e-05,0,0,5644743,5644781,38.91200256347656,0,50,347,44641.66283821788,927445222.7766124
428,19481600,5654199,3.4455101421085463,447.30429200001254,41.535710465526854,9.287449080157687,0.0,,0.9999232600141321,7.673998584572148e-05,6.625276441441313e-05,0,0,5644487,5644649,162.816002368927,0,54,347,45252.12379447033,952007084.9988189
429,19481600,5654461,3.4453504940612376,367.89591699999846,50.50097243264615,9.287879434954007,0.0,,0.9999317190150294,6.828098500020159e-05,6.752187665485713e-05,0,0,5644743,5644773,30.72000217437744,0,50,347,43158.63627973556,908021488.2179831
430,19481600,5654205,3.445506485880862,294.9614590000067,62.98823454931303,9.287458935611038,0.0,,0.9999299345537168,7.006544632906595e-05,6.652672368004118e-05,0,0,5644487,5644641,154.62400197982788,0,52,347,43489.51795024817,896831420.0735977
431,19481600,5654465,3.4453480568011297,265.292125000002,70.03261616793134,9.287886005256242,0.0,,0.9999292003195851,7.079968046385025e-05,6.934173956820854e-05,0,0,5644743,5644765,22.52800178527832,0,90,347,44000.58819565589,894484401.8705828
432,19481600,5654201,3.445508923365123,284.7689159999902,65.2427302230579,9.287452365308804,0.0,,0.9999276755991816,7.232440090699553e-05,6.618999441227862e-05,0,0,5644487,5644633,146.43200159072876,0,52,347,44251.66987818422,916939898.2576269
433,19481600,5654462,3.4453498847458874,260.72037500000533,71.26064298772054,9.287881077529565,0.0,,0.9999373411423529,6.265885765135191e-05,6.777745354421168e-05,0,0,5644743,5644757,14.3360013961792,0,53,347,44756.33509351969,869285999.146707
434,19481600,5654210,3.4455034390303863,305.90512500000955,60.73484895847829,9.287467148488831,0.0,,0.9999641739111436,3.5826088873246265e-05,6.937659453562065e-05,0,0,5644487,5644625,138.24000120162964,0,89,347,44135.57239250243,873821570.3230324
435,19481600,5654461,3.4453504940612376,268.1905839999956,69.27574147234156,9.287879434954007,0.0,,0.9999503655928274,4.963440714937982e-05,6.682293979646442e-05,0,0,5644743,5644749,6.144001007080078,0,53,347,43009.458043574596,866985858.8717923
436,19481600,5654205,3.445506485880862,267.0682920000047,69.56685656453621,9.287458935611038,0.0,,0.9999254533607976,7.454663921182292e-05,7.005688813822032e-05,0,0,5644487,5644617,130.04800081253052,0,52,347,43664.44767304725,869278638.6639421
437,19481600,5654206,3.4455058765103357,267.9604169999834,69.33524649090671,9.287460578186597,0.0,,0.9999378774285352,6.212257145368022e-05,6.65098622190448e-05,0,0,5644487,5644740,253.95200061798096,0,50,347,44724.75501325314,871574471.1993518
438,19481600,5654462,3.4453498847458874,274.897999999979,67.58543737132108,9.287881077529565,0.0,,0.9999375238938611,6.247610615527686e-05,6.550325644700195e-05,0,0,5644743,5644864,121.8560004234314,0,51,347,44960.671823858786,856298229.49131
439,19481600,5654209,3.4455040484000503,281.6210420000118,65.97199353626148,9.287465505913271,0.0,,0.9999284193438485,7.158065615954116e-05,6.981234901436368e-05,0,0,5644487,5644732,245.76000022888184,0,89,347,44024.01932935332,819028749.4542539
440,19481600,5654458,3.4453523220085818,288.85016699999255,64.32089603915819,9.287874507227333,0.0,,0.9999228080420779,7.719195794399193e-05,6.801163314663889e-05,0,0,5644743,5644856,113.66400003433228,0,51,347,43434.304445878755,820265906.9797136
441,19481600,5654206,3.4455058765103357,275.69387500000175,67.39033125962585,9.287460578186597,0.0,,0.9999310004060968,6.899959393299475e-05,6.726861826462299e-05,0,0,5644487,5644724,237.56799983978271,0,50,347,42619.24512783797,808472345.6712016
442,19481600,5654457,3.445352931324794,268.2282080000107,69.26602425983198,9.287872864651774,0.0,,0.9999254402685264,7.4559731461551e-05,6.106893228611328e-05,0,0,5644743,5644848,105.47199964523315,0,52,347,43819.615717715606,809943230.675411
443,19481600,5654203,3.4455077046225613,288.16116600000896,64.47468900961978,9.287455650459922,0.0,,0.9999242587287549,7.574127122383376e-05,6.674352655570782e-05,0,0,5644487,5644716,229.3759994506836,0,89,347,43716.12170194383,772313864.370065
444,19481600,5654465,3.4453480568011297,416.4292500000215,44.61526552829572,9.287886005256242,0.0,,0.9999296265482862,7.03734517209972e-05,6.943327593122861e-05,0,0,5644743,5644840,97.27999925613403,0,90,347,43375.85786912703,732687319.2365801
445,19481600,5654205,3.445506485880862,344.8045829999842,53.88298902773242,9.287458935611038,0.0,,0.9999314977461708,6.850225385885099e-05,6.658107916021924e-05,0,0,5644487,5644708,221.18399906158447,0,52,347,43139.19176588851,728630157.1612843
446,19481600,5654462,3.4453498847458874,280.25150000001986,66.29438758578878,9.287881077529565,0.0,,0.9999243503207549,7.564967926946474e-05,6.79810405439543e-05,0,0,5644743,5644832,89.08799886703491,0,53,347,44101.05918372703,719150367.7989715
447,19481600,5654206,3.4455058765103357,292.0390829999917,63.61854506473891,9.287460578186597,0.0,,0.9999236766744782,7.632332556085969e-05,6.915009351726319e-05,0,0,5644487,5644699,212.99199867248535,0,50,347,44781.40232501803,707908902.0823499
448,19481600,5654461,3.4453504940612376,269.0868749999993,69.04499360104445,9.287879434954007,0.0,,0.9999228846789975,7.71153209830762e-05,6.878006587654309e-05,0,0,5644743,5644823,80.89599847793579,0,50,347,44586.726759430356,698815426.8961034
449,19481600,5654206,3.4455058765103357,277.6029160000064,66.92689626682296,9.287460578186597,0.0,,0.9999277431510548,7.225684893894537e-05,6.508063308841216e-05,0,0,5644487,5644691,204.79999828338623,0,50,347,44643.15182749745,704238019.0453022
450,19481600,5654466,3.4453474474866415,278.07070800000133,66.81430667806949,9.2878876478318,0.0,,0.9999341879425759,6.581205742816521e-05,6.65226934217224e-05,0,0,5644743,5644815,72.70399808883667,0,93,347,45629.532187533965,693937922.1279489
451,19481600,5654207,3.445505267140025,265.04195900000127,70.09871807693631,9.287462220762155,0.0,,0.9999653110758886,3.4688924106175205e-05,6.785976479689674e-05,0,0,5644487,5644683,196.6079978942871,0,52,347,44838.41926696771,673532208.5426989
452,19481600,5654465,3.4453480568011297,280.48674999999434,66.23878512086712,9.287886005256242,0.0,,0.9999276779866584,7.232201335476193e-05,6.932260228194874e-05,0,0,5644743,5644807,64.51199769973755,0,51,347,45733.536191210515,691867472.077219
453,19481600,5654206,3.4455058765103357,279.7625830000072,66.41024458406406,9.287460578186597,0.0,,0.9999222512562768,7.774874375823815e-05,6.611240760686641e-05,0,0,5644487,5644675,188.415997505188,0,52,347,46512.28300123349,703757309.1157855
454,19481600,5654462,3.4453498847458874,270.2258749999942,68.75396948016322,9.287881077529565,0.0,,0.9999360806230896,6.391937693911097e-05,6.753104805554111e-05,0,0,5644743,5644799,56.31999731063843,0,51,347,47772.85982548239,549677346.3045665
455,19481600,5654208,3.4455046577699298,271.98225000000775,68.30997817872111,9.287463863337713,0.0,,0.9999397355890334,6.026441094212766e-05,6.74013384899257e-05,0,0,5644487,5644667,180.22399711608887,0,50,347,46955.60406929546,544919518.8359375
456,19481600,5654460,3.4453511033768036,320.30558299999257,58.0043013564969,9.287877792378449,0.0,,0.9999270197314581,7.298026857301942e-05,6.882565859873003e-05,0,0,5644743,5644791,48.12799692153931,0,52,347,48158.59262045145,559505350.6889145
457,19481600,5654206,3.4455058765103357,271.52449999999817,68.42513866152088,9.287460578186597,0.0,,0.9999254533751043,7.454662489455265e-05,6.795097568614685e-05,0,0,5644487,5644659,172.03199672698975,0,50,347,49456.56463171367,559934548.7814622
458,19481600,5654456,3.445353540641222,267.6212920000012,69.42310689726406,9.287871222076216,0.0,,0.9999272764038811,7.272359620128025e-05,6.93262764010623e-05,0,0,5644743,5644782,39.935996532440186,0,51,347,50086.87391945197,573512145.1932516
459,19481600,5654205,3.445506485880862,275.80929199999105,67.3621306511334,9.287458935611038,0.0,,0.9999383222930583,6.167770700484483e-05,6.6514926393494e-05,0,0,5644487,5644650,163.83999633789062,0,52,347,51182.48353643183,561716350.987423
460,19481600,5654457,3.445352931324794,288.65012500000375,64.36547208320023,9.287872864651774,0.0,,0.9999241075028095,7.58924972239903e-05,6.881705059202027e-05,0,0,5644743,5644774,31.743996143341064,0,51,347,52050.80886357176,564637205.652489
461,19481600,5654205,3.445506485880862,286.30937500000186,64.89169822853296,9.287458935611038,0.0,,0.999930458674573,6.954132544667654e-05,6.72453752644788e-05,0,0,5644487,5644642,155.6479959487915,0,52,347,52305.122644973664,575671631.4164872
462,19481600,5654467,3.4453468381723686,267.14158299998303,69.54777071340922,9.287889290407358,0.0,,0.9999292451163652,7.075488363315628e-05,6.754010312525415e-05,0,0,5644743,5644766,23.551995754241943,0,90,347,52029.8724999425,573825200.423302
463,19481600,5654206,3.4455058765103357,262.06608299997924,70.89471994932465,9.287460578186597,0.0,,0.9999297496998033,7.025030016435989e-05,6.886836990111464e-05,0,0,5644487,5644634,147.45599555969238,0,52,347,53076.480662442766,586646251.0284779
464,19481600,5654456,3.445353540641222,277.38650000000575,66.9791124027291,9.287871222076216,0.0,,0.9999283193582384,7.168064181543332e-05,6.853395496410038e-05,0,0,5644743,5644758,15.359995365142822,0,50,347,53808.13559039516,583880874.5686803
465,19481600,5654205,3.445506485880862,272.77683299999467,68.11099519767635,9.287458935611038,0.0,,0.9999322350313831,6.77649686045404e-05,6.742123427218548e-05,0,0,5644487,5644626,139.26399517059326,0,52,347,53484.20331471965,578064661.4485847
466,19481600,5654461,3.4453504940612376,304.29791700001374,61.05563174952381,9.287879434954007,0.0,,0.9999240754615015,7.592453848645429e-05,6.914206088169203e-05,0,0,5644743,5644750,7.167994976043701,0,50,347,54191.154363695234,573380298.1276032
467,19481600,5654207,3.445505267140025,294.6027920000063,63.06492018072797,9.287462220762155,0.0,,0.9999312602902549,6.873970979707228e-05,6.801572318230148e-05,0,0,5644487,5644618,131.07199478149414,0,50,347,54944.532534735554,574896986.3819042
468,19481600,5654206,3.4455058765103357,284.3084999999803,65.34838586430334,9.287460578186597,0.0,,0.9999320319185554,6.796808143615376e-05,6.677745938143021e-05,0,0,5644487,5644741,254.97599458694458,0,50,347,55084.34289316594,584761515.1476874
469,19481600,5654463,3.4453492754307526,271.7072090000272,68.37912630613397,9.287882720105126,0.0,,0.9999217562264279,7.824377362547266e-05,6.743946723568154e-05,0,0,5644743,5644865,122.87999439239502,0,90,347,53096.12067531684,584298912.7858974
470,19481600,5654211,3.4455028296609376,267.99883300000715,69.32530770572238,9.28746879106439,0.0,,0.9999378724163067,6.212758376778716e-05,6.647592362379273e-05,0,0,5644487,5644733,246.78399419784546,0,89,347,53113.53108028448,581664815.6211541
471,19481600,5654461,3.4453504940612376,268.6554160000014,69.15587945005323,9.287879434954007,0.0,,0.9999285182233268,7.148177668455456e-05,6.952477181306414e-05,0,0,5644743,5644857,114.6879940032959,0,53,347,48047.0910172333,591843476.4617302
472,19481600,5654206,3.4455058765103357,293.58441700000526,63.28367749334484,9.287460578186597,0.0,,0.9999285313381111,7.146866195201363e-05,6.819758292194715e-05,0,0,5644487,5644725,238.59199380874634,0,50,347,47214.498002406304,583250839.9462059
473,19481600,5654461,3.4453504940612376,277.64795800001707,66.91603891608257,9.287879434954007,0.0,,0.9999496848881126,5.031511193459919e-05,6.573697831505234e-05,0,0,5644743,5644849,106.49599361419678,0,53,347,46318.83910877926,594765284.7959192
474,19481600,5654206,3.4455058765103357,302.70745900000406,61.376424696887796,9.287460578186597,0.0,,0.9999253229498731,7.467705019626544e-05,6.564730210780274e-05,0,0,5644487,5644717,230.39999341964722,0,50,347,46242.1040203302,562156031.8817545
475,19481600,5654465,3.4453480568011297,298.6237079999796,62.21576206032935,9.287886005256242,0.0,,0.9999352373266468,6.476267335592718e-05,6.390434405952675e-05,0,0,5644743,5644841,98.30399322509766,0,93,347,45695.96736380663,555898111.5434204
476,19481600,5654205,3.445506485880862,293.2477090000134,63.35634002344124,9.287458935611038,0.0,,0.9999220138694137,7.798613056708329e-05,6.782553826542139e-05,0,0,5644487,5644709,222.2079930305481,0,52,347,42686.85547527769,530475407.8430012
477,19481600,5654461,3.4453504940612376,287.68829099999493,64.58066644950915,9.287879434954007,0.0,,0.9999565869006317,4.341309937090016e-05,6.631013456477287e-05,0,0,5644743,5644833,90.11199283599854,0,53,347,43567.753704786475,540596807.9822203
478,19481600,5654205,3.445506485880862,304.0491249999775,61.10559128397878,9.287458935611038,0.0,,0.9999374174299607,6.258257012682497e-05,6.722666578195398e-05,0,0,5644487,5644701,214.01599264144897,0,52,347,43908.18042973764,536313568.27943206
479,19481600,5654465,3.4453480568011297,275.33149999999296,67.47902641906384,9.287886005256242,0.0,,0.999923408069528,7.659193051574235e-05,6.874768908016867e-05,0,0,5644743,5644824,81.91999244689941,0,90,347,42697.8301605758,529482063.0116375
480,19481600,5654205,3.445506485880862,283.8182919999781,65.46125491623152,9.287458935611038,0.0,,0.9999353704159515,6.462958407802922e-05,6.617575599298587e-05,0,0,5644487,5644692,205.82399225234985,0,52,347,41435.57339111478,541278298.9822838
481,19481600,5654462,3.4453498847458874,293.0660419999924,63.39561361565214,9.287881077529565,0.0,,0.9999276191589295,7.23808411332998e-05,6.955754252111386e-05,0,0,5644743,5644816,73.7279920578003,0,51,347,41713.8504951075,540447768.8808254
482,19481600,5654209,3.4455040484000503,273.3360830000038,67.9716390115232,9.287465505913271,0.0,,0.9999354107337997,6.458926620459803e-05,6.786315010119426e-05,0,0,5644487,5644684,197.63199186325073,0,54,347,42034.890850377065,555733586.4376519
483,19481600,5654461,3.4453504940612376,298.7917500000208,62.18077159927845,9.287879434954007,0.0,,0.9999603463357672,3.9653664250455185e-05,6.880582879170385e-05,0,0,5644743,5644808,65.53599166870117,0,57,347,43676.35501890975,574875655.6406364
484,19481600,5654204,3.445507095251604,296.9800420000013,62.560101471397594,9.28745729303548,0.0,,0.9999103196094438,8.968039057048455e-05,6.754829351754643e-05,0,0,5644487,5644676,189.4399914741516,0,51,347,45189.81255423609,577441362.2200379
485,19481600,5654462,3.4453498847458874,301.2747500000046,61.668299658367374,9.287881077529565,0.0,,0.9999357175878233,6.428241220616753e-05,6.643482593036979e-05,0,0,5644743,5644800,57.34399127960205,0,51,347,45832.161434824025,573298068.2326026
486,19481600,5654208,3.4455046577699298,283.83687499999155,65.45696912179065,9.287463863337713,0.0,,0.999957203176794,4.279682322896664e-05,6.810391842943778e-05,0,0,5644487,5644668,181.2479910850525,0,50,347,47175.37467588115,580203692.6281122
487,19481600,5654455,3.4453541499578653,322.01274999999896,57.69678859765664,9.287869579500658,0.0,,0.9999232751131062,7.672488690754226e-05,6.598615911755302e-05,0,0,5644743,5644792,49.15199089050293,0,55,347,48170.81534969228,584068315.4976189
488,19481600,5654202,3.4455083139937344,310.9706669999923,59.74551150350287,9.287454007884362,0.0,,0.9999177680765174,8.223192352685034e-05,6.700189771694973e-05,0,0,5644487,5644660,173.05599069595337,0,50,347,47717.28061177611,573345195.3346733
489,19481600,5654460,3.4453511033768036,269.6993339999949,68.88819963678647,9.287877792378449,0.0,,0.9999194058708049,8.05941292481295e-05,6.396337242753725e-05,0,0,5644743,5644783,40.95999050140381,0,90,347,46739.489047458745,558458909.6259115
490,19481600,5654205,3.445506485880862,280.7469580000088,66.17739224978322,9.287458935611038,0.0,,0.9999171137036319,8.288629632072068e-05,6.80172789760982e-05,0,0,5644487,5644651,164.86399030685425,0,89,347,47145.509768139644,515630984.20477706
491,19481600,5654462,3.4453498847458874,281.19904199999723,66.07099878562241,9.287881077529565,0.0,,0.999918769343279,8.123065670979683e-05,6.77278680487653e-05,0,0,5644743,5644775,32.76799011230469,0,51,347,47488.57884829683,511612223.4965042
492,19481600,5654204,3.445507095251604,281.82533300000046,65.9241714175495,9.28745729303548,0.0,,0.9999272328438857,7.276715607057652e-05,6.727498146891148e-05,0,0,5644487,5644643,156.67198991775513,0,89,347,46227.20951992459,491713849.93830585
493,19481600,5654459,3.4453517126925846,272.1375410000064,68.27099816595889,9.28787614980289,0.0,,0.9999259387917473,7.406120823871919e-05,6.742382390450732e-05,0,0,5644743,5644767,24.575989723205566,0,90,347,43415.49325412999,452687975.1560787
494,19481600,5654209,3.4455040484000503,284.84249999999633,65.22587592265985,9.287465505913271,0.0,,0.9999314331189574,6.856688108576134e-05,6.742663484657725e-05,0,0,5644487,5644635,148.479989528656,0,50,347,41839.329922473036,446333566.0341064
495,19481600,5654468,3.4453462288583117,361.53212500002496,51.389905011895465,9.287890932982917,0.0,,0.9999284396660464,7.156033388162982e-05,6.694681002474952e-05,0,0,5644743,5644759,16.383989334106445,0,90,347,40660.48074642831,425072104.4526019
496,19481600,5654205,3.445506485880862,302.01641700000437,61.51685973580612,9.287458935611038,0.0,,0.9999273572665616,7.264273345575033e-05,6.713421921005654e-05,0,0,5644487,5644627,140.28798913955688,0,52,347,37861.492890357295,400019364.906812
497,19481600,5654462,3.4453498847458874,290.7306249999806,63.90486575847054,9.287881077529565,0.0,,0.9999372391006228,6.276089933488644e-05,6.791215737595772e-05,0,0,5644743,5644751,8.191988945007324,0,51,347,37502.52868047274,400674455.4822452
498,19481600,5654208,3.4455046577699298,277.11929200000895,67.04369597804616,9.287463863337713,0.0,,0.9999374678242335,6.253217580487213e-05,6.866211214264523e-05,0,0,5644487,5644619,132.09598875045776,0,50,347,37311.980046465265,397503201.3372823
499,19481600,5654205,3.445506485880862,276.523042000008,67.18825826637428,9.287458935611038,0.0,,0.999936411975259,6.358802474547005e-05,6.566996178266912e-05,0,0,5644487,5644742,255.9999885559082,0,52,347,37092.607239065575,402920715.4995368
500,19481600,5654468,3.4453462288583117,284.7363750000227,65.25018646633582,9.287890932982917,0.0,,0.9999747376829415,2.5262317065616566e-05,6.261330259148574e-05,0,0,5644743,5644866,123.90398836135864,0,51,347,36724.083395878355,397160050.76897925
501,19481600,5654207,3.445505267140025,301.6552079999997,61.590521462172205,9.287462220762155,0.0,,0.9999533769488868,4.662305112368828e-05,6.97558986092591e-05,0,0,5644487,5644734,247.80798816680908,0,52,347,37032.60089020709,406413314.42589116
502,19481600,5654455,3.4453541499578653,270.48370800000043,68.68843118085312,9.287869579500658,0.0,,0.9999262390917099,7.376090827362626e-05,6.63326292947234e-05,0,0,5644743,5644858,115.71198797225952,0,52,347,37358.69375272926,413233782.96206343
503,19481600,5654203,3.4455077046225613,274.1059999999891,67.78071827140135,9.287455650459922,0.0,,0.9999295377717836,7.046222823874247e-05,6.918018403274997e-05,0,0,5644487,5644726,239.61598777770996,0,53,347,37539.432813397594,412228538.950574
504,19481600,5654462,3.4453498847458874,277.03583299998513,67.06389336465726,9.287881077529565,0.0,,0.9999564546671101,4.3545332864917044e-05,6.77295613306529e-05,0,0,5644743,5644850,107.5199875831604,0,51,347,38621.77976423383,420252203.4329789
505,19481600,5654206,3.4455058765103357,276.9636249999792,67.0813777892364,9.287460578186597,0.0,,0.9999422549711774,5.774502884738806e-05,6.702447340080352e-05,0,0,5644487,5644718,231.42398738861084,0,51,347,39340.194208270856,421785844.14255667
506,19481600,5654456,3.445353540641222,272.11020799998664,68.27785586971038,9.287871222076216,0.0,,0.9999301999963651,6.980000361330885e-05,6.847649246922072e-05,0,0,5644743,5644842,99.32798719406128,0,51,347,40441.74589087725,431795529.5954641
507,19481600,5654200,3.4455095327367267,273.633832999991,67.89767682894905,9.287450722733245,0.0,,0.9999249886645862,7.501133546555515e-05,6.577977989629706e-05,0,0,5644487,5644710,223.23198699951172,0,50,347,39259.78878602918,432978527.21725994
508,19481600,5654465,3.4453480568011297,290.39908299998274,63.97782448404324,9.287886005256242,0.0,,0.9999337637900428,6.623620996695738e-05,6.92688718331645e-05,0,0,5644743,5644834,91.13598680496216,0,90,347,39488.916801876265,419370562.59365636
509,19481600,5654206,3.4455058765103357,316.3797910000028,58.7240465131347,9.287460578186597,0.0,,0.9999266003178553,7.339968220696012e-05,6.750350581331461e-05,0,0,5644487,5644702,215.0399866104126,0,50,347,38828.09420666392,425197474.0068771
510,19481600,5654464,3.4453486661158332,271.92441700000813,68.32450637376725,9.287884362680684,0.0,,0.9999295148867099,7.04851133082978e-05,6.929947348243418e-05,0,0,5644743,5644825,82.94398641586304,0,51,347,39323.05132213896,416389440.9533014
511,19481600,5654204,3.445507095251604,276.69991700000196,67.14530948883468,9.28745729303548,0.0,,0.9999445099987718,5.5490001236613675e-05,6.697069790672798e-05,0,0,5644487,5644693,206.84798622131348,0,51,347,39573.65304096251,416721933.0590841
512,19481600,5654463,3.4453492754307526,265.0032089999854,70.10896823706396,9.287882720105126,0.0,,0.9999326508084809,6.734919150658158e-05,6.892522752397348e-05,0,0,5644743,5644817,74.75198602676392,0,53,347,38800.29353250917,418423281.38190246
513,19481600,5654200,3.4455095327367267,290.6998329999908,63.9116347978796,9.287450722733245,0.0,,0.999928190474033,7.180952604780585e-05,6.542743759328794e-05,0,0,5644487,5644685,198.65598583221436,0,52,347,38544.913564117574,416137796.50572324
514,19481600,5654463,3.4453492754307526,279.04195799999343,66.5817488368557,9.287882720105126,0.0,,0.9999274076464237,7.259235358586032e-05,6.66770469801268e-05,0,0,5644743,5644809,66.5599856376648,0,55,347,38188.62547260434,360060941.8056102
515,19481600,5654203,3.4455077046225613,292.7769580000188,63.4582095852598,9.287455650459922,0.0,,0.9999245047020692,7.549529793748479e-05,6.607760982401347e-05,0,0,5644487,5644677,190.46398544311523,0,89,347,37604.60220681232,363189563.4396285
516,19481600,5654464,3.4453486661158332,279.18650000000866,66.547277760563,9.287884362680684,0.0,,0.9999513325274637,4.8667472539016224e-05,6.564905109935205e-05,0,0,5644743,5644801,58.367985248565674,0,53,347,36974.065221728735,363729884.9510545
517,19481600,5654205,3.445506485880862,268.2888749999961,69.25036143410819,9.287458935611038,0.0,,0.9999264853076067,7.351469242221291e-05,6.817507880256849e-05,0,0,5644487,5644669,182.2719850540161,0,52,347,37579.334203525956,372493893.7535057
518,19481600,5654459,3.4453517126925846,268.72649999998544,69.13758621684504,9.28787614980289,0.0,,0.999919562995485,8.043700451072251e-05,6.8743651665133e-05,0,0,5644743,5644793,50.17598485946655,0,90,347,37432.26616235764,370218705.02285135
519,19481600,5654213,3.4455016109226873,266.5743329999941,69.69576310447117,9.287472076215506,0.0,,0.9999346576871962,6.534231280789088e-05,6.767558303925688e-05,0,0,5644487,5644661,174.079984664917,0,89,347,37173.279174642674,374015626.4589687
520,19481600,5654456,3.445353540641222,265.69329100001937,69.9268750542092,9.287871222076216,0.0,,0.9999254739328676,7.452606712219204e-05,6.790219681283845e-05,0,0,5644743,5644784,41.98398447036743,0,51,347,37026.585864070796,372584283.2196536
521,19481600,5654206,3.4455058765103357,279.8186670000007,66.39693399189824,9.287460578186597,0.0,,0.9999352945554607,6.47054445940841e-05,6.811361167823529e-05,0,0,5644487,5644652,165.88798427581787,0,52,347,37080.97377404624,377019409.98026127
522,19481600,5654457,3.445352931324794,304.2232920000174,61.07060850061059,9.287872864651774,0.0,,0.9999262355086471,7.376449127235595e-05,6.709803496264241e-05,0,0,5644743,5644776,33.79198408126831,0,51,347,35804.98705273195,381263654.6765389
523,19481600,5654200,3.4455095327367267,257.37887500000056,72.18580609034039,9.287450722733245,0.0,,0.9999240942006298,7.590579937962418e-05,6.756889227633073e-05,0,0,5644487,5644644,157.69598388671875,0,50,347,35821.86102376744,381248913.08628404
524,19481600,5654455,3.4453541499578653,278.9107499999943,66.6130708927511,9.287869579500658,0.0,,0.9999237656048666,7.6234395117173e-05,6.84054902582454e-05,0,0,5644743,5644768,25.59998369216919,0,53,347,36133.591209917766,382874773.68138295
525,19481600,5654206,3.4455058765103357,282.06170900000416,65.86892502484173,9.287460578186597,0.0,,0.9999559603732701,4.4039626728566474e-05,6.870757483949147e-05,0,0,5644487,5644636,149.50398349761963,2,50,347,36227.49403904188,377500745.11797893
526,19481600,5654464,3.4453486661158332,306.5959170000099,60.59800712381764,9.287884362680684,0.0,,0.9999322566280805,6.774337190707806e-05,6.964705790731487e-05,0,0,5644743,5644760,17.40798330307007,0,51,347,35783.655368197535,373676673.93938315
527,19481600,5654207,3.445505267140025,300.43454200000497,61.84076384432417,9.287462220762155,0.0,,0.9999263057528716,7.369424717544797e-05,6.395979456572246e-05,0,0,5644487,5644628,141.3119831085205,0,52,347,35182.373401797675,378329066.64659625
528,19481600,5654462,3.4453498847458874,269.14466700000617,69.03016793752623,9.287881077529565,0.0,,0.9999267716585377,7.322834143097373e-05,6.861848691834547e-05,0,0,5644743,5644752,9.215982913970947,0,51,347,34351.43234851443,379228547.8616733
529,19481600,5654208,3.4455046577699298,294.0289580000126,63.187999198702066,9.287463863337713,0.0,,0.9999245782752345,7.542172476847859e-05,6.810857213185644e-05,0,0,5644487,5644620,133.1199827194214,0,50,347,33885.762790239016,378399570.99310046
530,19481600,5654462,3.4453498847458874,290.45512499999404,63.965480252759804,9.287881077529565,0.0,,0.9999318977815066,6.810221850622886e-05,6.724539095327992e-05,0,0,5644743,5644744,1.0239825248718262,0,51,347,34497.590923553216,375243881.06640846
531,19481600,5654207,3.445505267140025,288.02804200000764,64.50448863760116,9.287462220762155,0.0,,0.999933048372028,6.695162796073973e-05,6.825291971872113e-05,0,0,5644487,5644611,124.92798233032227,0,52,347,34542.45446089477,378924668.6843682
532,19481600,5654206,3.4455058765103357,270.55562499998587,68.67017295427131,9.287460578186597,0.0,,0.9999524421186433,4.75578813428678e-05,6.397093741955185e-05,0,0,5644487,5644735,248.8319821357727,0,52,347,35166.14049192697,376020899.35008615
533,19481600,5654466,3.4453474474866415,275.0529589999928,67.54736117018281,9.2878876478318,0.0,,0.9999475065941296,5.249340585134964e-05,6.769322082362415e-05,0,0,5644743,5644859,116.73598194122314,0,90,347,35643.81659016832,372458797.4622576
534,19481600,5654208,3.4455046577699298,296.1578750000058,62.73377522883576,9.287463863337713,0.0,,0.9999561548257986,4.384517418025599e-05,6.8004952163222e-05,0,0,5644487,5644727,240.63998174667358,0,52,347,35153.92561328097,368785963.73448604
535,19481600,5654455,3.4453541499578653,358.38883299999225,51.840626302383704,9.287869579500658,0.0,,0.9999230081545756,7.69918454798982e-05,6.842251483816281e-05,0,0,5644743,5644851,108.54398155212402,0,50,347,36105.056302412675,369400793.7704459
536,19481600,5654208,3.4455046577699298,370.3363749999937,50.168179030483614,9.287463863337713,0.0,,0.9999347181525082,6.52818474934134e-05,6.609680399263888e-05,0,0,5644487,5644719,232.44798135757446,0,52,347,36308.215441016415,371947236.87484986
537,19481600,5654460,3.4453511033768036,299.79500000001735,61.97268654413491,9.287877792378449,0.0,,0.999928218324069,7.178167595785921e-05,6.943510808751684e-05,0,0,5644743,5644843,100.3519811630249,0,52,347,34241.12132047829,362095652.7625786
538,19481600,5654205,3.445506485880862,285.7689169999844,65.01442409322989,9.287458935611038,0.0,,0.9999297984839017,7.020151607371916e-05,6.876480973458081e-05,0,0,5644487,5644711,224.25598096847534,0,52,347,34763.52874617034,359502653.84397346
539,19481600,5654461,3.4453504940612376,314.71874999999727,59.03398371561962,9.287879434954007,0.0,,0.9999293733629595,7.062663701421774e-05,6.808771596032367e-05,0,0,5644743,5644835,92.15998077392578,0,53,347,34797.78263949046,364061609.74726665
540,19481600,5654208,3.4455046577699298,285.93562499997915,64.97651897171384,9.287463863337713,0.0,,0.9999366403290607,6.335967093490938e-05,6.788318738236131e-05,0,0,5644487,5644703,216.06398057937622,0,50,347,34984.5013195908,362818976.42886543
541,19481600,5654459,3.4453517126925846,285.6964169999969,65.03092253516151,9.28787614980289,0.0,,0.9999242684189779,7.573158109761955e-05,6.680443376779487e-05,0,0,5644743,5644826,83.96798038482666,0,90,347,34120.8808597456,360983808.65405715
542,19481600,5654206,3.4455058765103357,279.2069999999853,66.54239171117119,9.287460578186597,0.0,,0.9999321000297169,6.789997032622946e-05,6.753573738779206e-05,0,0,5644487,5644694,207.8719801902771,0,50,347,33509.06992465342,357301560.6306781
543,19481600,5654464,3.4453486661158332,266.58349999999587,69.69336647804643,9.287884362680684,0.0,,0.9999290841164733,7.091588356185455e-05,6.93706316829653e-05,0,0,5644743,5644818,75.77597999572754,0,51,347,33363.50528286251,359038270.91958404
544,19481600,5654202,3.4455083139937344,292.90724999998474,63.429981888468,9.287454007884362,0.0,,0.9999178466631111,8.215333693601072e-05,6.728957624299528e-05,0,0,5644487,5644686,199.67997980117798,0,50,347,34278.88400299241,364333115.2545383
545,19481600,5654459,3.4453517126925846,276.7101249999939,67.1428324586981,9.28787614980289,0.0,,0.999924236497826,7.57635022008348e-05,6.715694725319674e-05,0,0,5644743,5644810,67.58397960662842,0,90,347,33733.05523565283,367516714.0145942
546,19481600,5654205,3.445506485880862,302.64870800002086,61.38833925733699,9.287458935611038,0.0,,0.9999281242479079,7.187575216536298e-05,6.817507480047167e-05,0,0,5644487,5644678,191.48797941207886,0,52,347,33328.58152750082,333918149.0931584
547,19481600,5654465,3.4453480568011297,274.55387499998096,67.67014875496217,9.287886005256242,0.0,,0.9999435084356363,5.6491564378426926e-05,6.806634927885861e-05,0,0,5644743,5644802,59.3919792175293,0,90,347,33494.39799901449,330627831.6415277
548,19481600,5654205,3.445506485880862,274.11945799997284,67.777390551027,9.287458935611038,0.0,,0.9999299142426646,7.008575733881905e-05,6.870123448788139e-05,0,0,5644487,5644670,183.29597902297974,0,52,347,32421.787512653777,329903772.182999
549,19481600,5654462,3.4453498847458874,285.26995800001487,65.12813929919334,9.287881077529565,0.0,,0.9999231619494281,7.683805055746956e-05,6.794375137209301e-05,0,0,5644743,5644794,51.199978828430176,0,51,347,32780.7452899625,322445319.4132749
550,19481600,5654206,3.4455058765103357,265.7307499999888,69.91701774258637,9.287460578186597,0.0,,0.9999274041987902,7.259580122963782e-05,6.774447449335401e-05,0,0,5644487,5644662,175.10397863388062,0,50,347,32543.825009395732,329514425.98096097
551,19481600,5654461,3.4453504940612376,262.8152499999885,70.69263127805868,9.287879434954007,0.0,,0.9999243521368512,7.564786310884206e-05,6.759111207191128e-05,0,0,5644743,5644786,43.007978439331055,0,50,347,32545.474088972744,329878102.1020713
552,19481600,5654198,3.4455107514805814,273.62362499999904,67.90020986857427,9.287447437582129,0.0,,0.9999199140726001,8.008592745180722e-05,6.713343908311733e-05,0,0,5644487,5644653,166.9119782447815,0,51,347,33067.7186947584,319893694.412652
553,19481600,5654455,3.4453541499578653,284.34737499998164,65.3394516566267,9.287869579500658,0.0,,0.9999253432278686,7.465677216962678e-05,6.696791141958138e-05,0,0,5644743,5644777,34.815978050231934,0,50,347,33338.2478256176,319447250.3621465
554,19481600,5654207,3.445505267140025,272.3100420000151,68.22775034678659,9.287462220762155,0.0,,0.9999293528735003,7.064712655296197e-05,6.900768219738518e-05,0,0,5644487,5644645,158.71997785568237,0,52,347,34147.703958780825,325186553.6626978
555,19481600,5654465,3.4453480568011297,264.38400000000684,70.27316918761922,9.287886005256242,0.0,,0.9999310665780067,6.893342201536785e-05,6.781416470454197e-05,0,0,5644743,5644769,26.623977661132812,0,90,347,34034.38116984217,326832074.07054454
556,19481600,5654205,3.445506485880862,278.79004199999713,66.64191241988547,9.287458935611038,0.0,,0.9999340663241459,6.593367580912182e-05,6.799832098689916e-05,0,0,5644487,5644637,150.52797746658325,0,52,347,32771.583272516546,318576442.42806226
557,19481600,5654459,3.4453517126925846,294.1000830000178,63.1727178482261,9.28787614980289,0.0,,0.9999236043689618,7.639563107808194e-05,6.82457652749742e-05,0,0,5644743,5644761,18.43197727203369,0,90,347,33421.18234641991,319353408.37585133
558,19481600,5654207,3.445505267140025,265.8774580000056,69.87843836877516,9.287462220762155,0.0,,0.9999351400725734,6.485992747087427e-05,6.760773589116944e-05,0,0,5644487,5644629,142.33597707748413,0,52,347,32698.382825800887,316277321.1740828
559,19481600,5654459,3.4453517126925846,272.31612500000324,68.22622627470106,9.28787614980289,0.0,,0.9999209016034687,7.90983965277469e-05,6.970718477408106e-05,0,0,5644743,5644753,10.23997688293457,0,90,347,31255.317523883554,311223596.480796
560,19481600,5654198,3.4455107514805814,265.3507079999997,70.01715466498781,9.287447437582129,0.0,,0.9999247565509796,7.524344903638397e-05,6.852655135382208e-05,0,0,5644487,5644621,134.143976688385,0,51,347,31437.516592279477,308406173.06671894
561,19481600,5654462,3.4453498847458874,269.6598329999915,68.89829069389279,9.287881077529565,0.0,,0.9999305597317428,6.944026823960057e-05,6.857503461722689e-05,0,0,5644743,5644745,2.047976493835449,0,51,347,30833.128134824077,300506312.69522345
562,19481600,5654206,3.4455058765103357,264.5758330000092,70.22221701745282,9.287460578186597,0.0,,0.9999447877277933,5.521227223755859e-05,6.742963768223617e-05,0,0,5644487,5644612,125.95197629928589,0,52,347,30891.84853964588,296149940.57363284
563,19481600,5654201,3.445508923365123,278.85458399998697,66.62648788481407,9.287452365308804,0.0,,0.9999259164910946,7.40835089341768e-05,6.870560774029441e-05,0,0,5644487,5644736,249.85597610473633,0,50,347,30815.734666921133,291893667.84089285
564,19481600,5654456,3.445353540641222,315.29937499999505,58.925272409754356,9.287871222076216,0.0,,0.9999232535962126,7.67464037950979e-05,6.85337068047995e-05,0,0,5644743,5644860,117.75997591018677,0,51,347,30777.663538653873,285860112.67506015
565,19481600,5654206,3.4455058765103357,287.70987499999023,64.575821606751,9.287460578186597,0.0,,0.9999351965632173,6.480343676693457e-05,6.835937766615497e-05,0,0,5644487,5644728,241.6639757156372,0,50,347,31413.40977352889,289390929.66601104
566,19481600,5654462,3.4453498847458874,293.7268329999938,63.25299385398811,9.287881077529565,0.0,,0.9999562670641526,4.373293584603089e-05,6.87500062621821e-05,0,0,5644743,5644852,109.56797552108765,0,51,347,32182.318958720294,294263225.70220387
567,19481600,5654208,3.4455046577699298,281.99862499999995,65.88366011536405,9.287463863337713,0.0,,0.9999293608648848,7.063913511774658e-05,6.798928902022635e-05,0,0,5644487,5644720,233.4719753265381,0,52,347,31943.762824601745,295488501.26727074
568,19481600,5654462,3.4453498847458874,304.25374999998667,61.064494891191366,9.287881077529565,0.0,,0.9999212951586467,7.870484138968944e-05,6.911360136651077e-05,0,0,5644743,5644844,101.37597513198853,0,51,347,31823.600649140244,301933028.6678089
569,19481600,5654209,3.4455040484000503,265.31712500002413,70.02601721429896,9.287465505913271,0.0,,0.9999306242367964,6.937576320294906e-05,6.852978900234571e-05,0,0,5644487,5644712,225.27997493743896,0,89,347,31423.291917358438,297811780.0325397
570,19481600,5654462,3.4453498847458874,286.84004199999436,64.77164566340555,9.287881077529565,0.0,,0.9999467478053471,5.3252194661891117e-05,6.533835843175287e-05,0,0,5644743,5644836,93.1839747428894,0,53,347,31209.40657953997,293126913.8417422
571,19481600,5654206,3.4455058765103357,282.95349999999075,65.66132443140165,9.287460578186597,0.0,,0.9999248602205413,7.513977948116248e-05,6.630693964924653e-05,0,0,5644487,5644704,217.08797454833984,0,50,347,29090.182920438445,295485681.4502927
572,19481600,5654461,3.4453504940612376,278.9967080000224,66.5925476170798,9.287879434954007,0.0,,0.9999228831218205,7.711687820918456e-05,6.993296419974725e-05,0,0,5644743,5644827,84.99197435379028,0,50,347,28761.818640043104,299368929.58126587
573,19481600,5654203,3.4455077046225613,287.3944579999943,64.64669392650698,9.287455650459922,0.0,,0.999942670508313,5.7329491687995826e-05,6.907729704181147e-05,0,0,5644487,5644695,208.89597415924072,0,89,347,29702.173787040847,297429124.49635774
574,19481600,5654462,3.4453498847458874,267.66887499999825,69.41076568017152,9.287881077529565,0.0,,0.9999318440463157,6.815595366558178e-05,6.835598632561129e-05,0,0,5644743,5644819,76.79997396469116,0,53,347,29920.566277975413,294083464.0108821
575,19481600,5654198,3.4455107514805814,268.1125409999936,69.29590646228087,9.287447437582129,0.0,,0.9999154535072404,8.454649279834495e-05,6.599341914081254e-05,0,0,5644487,5644687,200.7039737701416,0,51,347,29282.787371211478,293997833.62642497
576,19481600,5654461,3.4453504940612376,349.90295800000126,53.097869388403204,9.287879434954007,0.0,,0.9999230569168058,7.694308325071033e-05,6.728769944100503e-05,0,0,5644743,5644811,68.60797357559204,0,50,347,29684.872746476605,295991308.2792433
577,19481600,5654203,3.4455077046225613,462.44433300000765,40.1758660160718,9.287455650459922,0.0,,0.9999244644773256,7.553552270681655e-05,6.624392659342754e-05,0,0,5644487,5644679,192.51197338104248,0,89,347,29729.399548497015,294026571.73725206
578,19481600,5654462,3.4453498847458874,314.2717500000174,59.117949871405784,9.287881077529565,0.0,,0.9999268301664856,7.316983353472291e-05,6.754346124965457e-05,0,0,5644743,5644803,60.41597318649292,0,51,347,30117.915247343866,292219371.9698332
579,19481600,5654206,3.4455058765103357,297.0628749999946,62.54265721524555,9.287460578186597,0.0,,0.9999335548329787,6.644516703805357e-05,6.877251823934374e-05,0,0,5644487,5644671,184.31997299194336,0,50,347,30127.73887754329,293127333.725272
580,19481600,5654455,3.4453541499578653,275.2273330000037,67.50456562575401,9.287869579500658,0.0,,0.9999207969845529,7.920301546920881e-05,6.894808853663847e-05,0,0,5644743,5644795,52.2239727973938,0,50,347,29874.11266005111,297688106.5250346
581,19481600,5654204,3.445507095251604,306.43237499998577,60.63034809067045,9.28745729303548,0.0,,0.9999294629757967,7.053702423699817e-05,6.913636230514659e-05,0,0,5644487,5644663,176.12797260284424,0,51,347,30314.691278318074,297459621.00254697
582,19481600,5654460,3.4453511033768036,263.97870799999623,70.3810610456517,9.287877792378449,0.0,,0.9999328647695354,6.713523046420507e-05,6.85278798976098e-05,0,0,5644743,5644787,44.03197240829468,0,52,347,30601.936295254058,301498760.17856157
583,19481600,5654199,3.4455101421085463,281.346458999991,66.03637958884208,9.287449080157687,0.0,,0.9999186580582661,8.134194171628649e-05,6.907596916226072e-05,0,0,5644487,5644654,167.93597221374512,0,52,347,29936.40140698951,305432352.4291413
584,19481600,5654455,3.4453541499578653,291.79979200000616,63.67071557919276,9.287869579500658,0.0,,0.9999258477491848,7.415225081142201e-05,6.790960310584919e-05,0,0,5644743,5644778,35.83997201919556,0,53,347,30072.959803869322,302777112.1650301
585,19481600,5654211,3.4455028296609376,278.97929099998464,66.59670506690414,9.28746879106439,0.0,,0.9999313748154304,6.86251845501175e-05,6.79684199300787e-05,0,0,5644487,5644646,159.743971824646,0,89,347,30697.036585357397,302729914.08031845
586,19481600,5654461,3.4453504940612376,312.89787500000443,59.37752553448865,9.287879434954007,0.0,,0.9999223139840715,7.768601592761063e-05,6.639375018098026e-05,0,0,5644743,5644770,27.647971630096436,0,53,347,29290.77513485832,301228941.33746755
587,19481600,5654207,3.445505267140025,286.5218329999948,64.84358056755953,9.287462220762155,0.0,,0.9999396070371693,6.0392962863757666e-05,6.796426726044357e-05,0,0,5644487,5644638,151.55197143554688,0,50,347,29144.50145237558,293972387.2746413
588,19481600,5654463,3.4453492754307526,297.23329199998716,62.506798742116686,9.287882720105126,0.0,,0.9999481378393689,5.186216065220549e-05,6.844187288875275e-05,0,0,5644743,5644762,19.455971240997314,0,51,347,28942.339351813993,295949378.7108743
589,19481600,5654203,3.4455077046225613,267.9250829999944,69.34439043357649,9.287455650459922,0.0,,0.9999285131332022,7.148686680391577e-05,6.714640188506509e-05,0,0,5644487,5644630,143.35997104644775,0,89,347,29192.877834298408,299215199.01994765
590,19481600,5654456,3.445353540641222,264.0633749999779,70.35849467008272,9.287871222076216,0.0,,0.9999255921320473,7.440786799808028e-05,6.813413007636149e-05,0,0,5644743,5644754,11.263970851898193,0,51,347,28133.878094838503,293603399.83761287
591,19481600,5654200,3.4455095327367267,271.4224999999999,68.4508526835469,9.287450722733245,0.0,,0.9999249488424979,7.505115749504593e-05,6.618320667167101e-05,0,0,5644487,5644622,135.16797065734863,0,50,347,28438.902469273453,296419973.67839843
592,19481600,5654462,3.4453498847458874,272.839332999979,68.09539283876431,9.287881077529565,0.0,,0.9999259434812998,7.405651869669174e-05,6.793485313347464e-05,0,0,5644743,5644746,3.0719704627990723,0,51,347,28039.34532465903,295006885.59403086
593,19481600,5654204,3.445507095251604,309.49875000001725,60.029649756255765,9.28745729303548,0.0,,0.999930183086111,6.981691395070773e-05,6.605682696569687e-05,0,0,5644487,5644613,126.97597026824951,0,89,347,28007.818508287,293407504.7717155
594,19481600,5654207,3.445505267140025,266.0614579999958,69.83011256933085,9.287462220762155,0.0,,0.9999325667707166,6.743322925819056e-05,6.6631955741089e-05,0,0,5644487,5644737,250.87997007369995,0,50,347,27347.002209835668,289885694.37580436
595,19481600,5654459,3.4453517126925846,286.2593340000217,64.9030419476159,9.28787614980289,0.0,,0.9999222862443282,7.771375568745611e-05,6.335535555288552e-05,0,0,5644743,5644861,118.78396987915039,0,90,347,26187.2870344626,291422880.59148526
596,19481600,5654204,3.445507095251604,280.99637500000085,66.11865210894605,9.28745729303548,0.0,,0.9999303784844102,6.962151557793679e-05,6.382146746149255e-05,0,0,5644487,5644729,242.68796968460083,0,89,347,26560.945587435213,284038279.0080449
597,19481600,5654462,3.4453498847458874,287.2484170000007,64.67956118449194,9.287881077529565,0.0,,0.9999270288993486,7.297110066511344e-05,6.852701207663418e-05,0,0,5644743,5644853,110.59196949005127,0,51,347,25918.87106919026,283109180.69107014
598,19481600,5654200,3.4455095327367267,286.58183300001383,64.83000463779958,9.287450722733245,0.0,,0.9999271095362571,7.289046380447764e-05,6.777533036920722e-05,0,0,5644487,5644721,234.4959692955017,0,50,347,25504.466057212558,280168789.5492005
599,19481600,5654458,3.4453523220085818,277.2205420000091,67.0192094296511,9.287874507227333,0.0,,0.9999321294122689,6.787058776682543e-05,6.557572016733598e-05,0,0,5644743,5644845,102.39996910095215,0,51,347,24951.350648394182,272322707.4494339
600,19481600,5654207,3.445505267140025,283.96225000000186,65.4280685636907,9.287462220762155,0.0,,0.9999452334650595,5.476653497470783e-05,6.581261561506805e-05,0,0,5644487,5644713,226.3039689064026,0,50,347,24919.29042692413,270340766.3678972
601,19481600,5654457,3.445352931324794,267.0919170000161,69.56070318855392,9.287872864651774,0.0,,0.9999288055342398,7.119446577742829e-05,6.905722801512906e-05,0,0,5644743,5644837,94.20796871185303,0,51,347,23954.42392893685,271136478.7022793
602,19481600,5654203,3.4455077046225613,281.5422920000117,65.99044651699869,9.287455650459922,0.0,,0.9999293072065466,7.069279345830877e-05,6.610837894130617e-05,0,0,5644487,5644705,218.11196851730347,0,89,347,24002.30827995084,268454272.8059909
603,19481600,5654458,3.4453523220085818,269.85358400000337,68.84882271009515,9.287874507227333,0.0,,0.9999249961659009,7.50038341152272e-05,6.816783551651204e-05,0,0,5644743,5644829,86.0159683227539,0,51,347,23905.555507283076,253771789.08493182
604,19481600,5654205,3.445506485880862,288.1849580000164,64.46936610237285,9.287458935611038,0.0,,0.9999280838449373,7.191615508968466e-05,6.700777392678765e-05,0,0,5644487,5644696,209.91996812820435,0,52,347,23894.09215710492,251841992.96145308
605,19481600,5654463,3.4453492754307526,419.6455840000226,44.27331603351031,9.287882720105126,0.0,,0.9999362307093639,6.376929068244568e-05,6.931142016821416e-05,0,0,5644743,5644820,77.82396793365479,0,50,347,24189.684462948462,244622992.35516575
606,19481600,5654207,3.445505267140025,274.0929999999935,67.78393305374614,9.287462220762155,0.0,,0.9999533018488415,4.66981511411143e-05,6.137996530268903e-05,0,0,5644487,5644688,201.72796773910522,0,54,347,23902.390709932115,245654551.9801629
607,19481600,5654463,3.4453492754307526,262.7607090000197,70.70730488285677,9.287882720105126,0.0,,0.9999439740327181,5.6025967281260975e-05,6.852491703473436e-05,0,0,5644743,5644812,69.63196754455566,0,51,347,24340.644374928503,249617739.02695867
608,19481600,5654211,3.4455028296609376,271.204584000003,68.50585373033294,9.28746879106439,0.0,,0.9999356258591907,6.437414083011401e-05,6.926399315237348e-05,0,0,5644487,5644680,193.5359673500061,0,89,347,24454.441752336126,256089657.74344823
609,19481600,5654462,3.4453498847458874,265.7201250000014,69.91981342211058,9.287881077529565,0.0,,0.9999388865572811,6.11134426707669e-05,6.894670609133078e-05,0,0,5644743,5644804,61.43996715545654,0,51,347,24289.08633426711,260045381.07901126
610,19481600,5654208,3.4455046577699298,290.87599999999725,63.87292716655955,9.287463863337713,0.0,,0.9999477635165043,5.223648352062553e-05,6.55867779682375e-05,0,0,5644487,5644672,185.34396696090698,0,50,347,23868.411693856688,260102694.93613082
611,19481600,5654459,3.4453517126925846,282.198582999996,65.83697680190075,9.28787614980289,0.0,,0.9999256532853228,7.434671468271787e-05,6.892781979828389e-05,0,0,5644743,5644796,53.24796676635742,0,90,347,24196.734245672833,264200145.95808333
612,19481600,5654208,3.4455046577699298,271.22933300000795,68.49960274208047,9.287463863337713,0.0,,0.9999480596606997,5.1940339320184866e-05,6.607081794176125e-05,0,0,5644487,5644664,177.15196657180786,0,52,347,23961.772325875638,262805633.20234737
613,19481600,5654456,3.445353540641222,266.76566699998716,69.64577477843464,9.287871222076216,0.0,,0.999917878540372,8.212145963486856e-05,6.558072347279421e-05,0,0,5644743,5644788,45.0559663772583,0,51,347,24264.08995396577,263246494.26727074
614,19481600,5654206,3.4455058765103357,279.32250000000636,66.5148763973528,9.287460578186597,0.0,,0.9999515397538837,4.8460246135845883e-05,6.863696173357865e-05,0,0,5644487,5644655,168.95996618270874,0,50,347,24779.17041258791,257967533.46394137
615,19481600,5654459,3.4453517126925846,265.1944579999963,70.0584080927523,9.28787614980289,0.0,,0.9999213245783071,7.867542171957486e-05,6.27168422613492e-05,0,0,5644743,5644779,36.86396598815918,0,90,347,25125.89819378065,258731594.77540013
616,19481600,5654204,3.445507095251604,285.03999999998086,65.18068187798642,9.28745729303548,0.0,,0.9999279592953919,7.20407046277513e-05,6.652743352348016e-05,0,0,5644487,5644647,160.76796579360962,0,89,347,25195.607518930705,248339305.7106898
617,19481600,5654460,3.4453511033768036,287.62195799998835,64.5955604074594,9.287877792378449,0.0,,0.9999205275024231,7.947249759823543e-05,6.539523318497454e-05,0,0,5644743,5644771,28.67196559906006,0,52,347,24932.664780045925,247972750.2701378
618,19481600,5654199,3.4455101421085463,287.9388750000089,64.5244639595797,9.287449080157687,0.0,,0.9999235467310261,7.645326899308462e-05,6.944985485619087e-05,0,0,5644487,5644639,152.5759654045105,0,52,347,25307.38949758215,243347437.10353014
619,19481600,5654456,3.445353540641222,271.5301659999909,68.42371083918765,9.287871222076216,0.0,,0.999924094891144,7.590510883581312e-05,6.59616643949398e-05,0,0,5644743,5644763,20.479965209960938,0,51,347,25491.65467455879,233573971.0676284
620,19481600,5654206,3.4455058765103357,345.58283399999823,53.761644776893334,9.287460578186597,0.0,,0.9999233330192169,7.666698082252762e-05,6.636487234967209e-05,0,0,5644487,5644631,144.38396501541138,0,50,347,25773.188940250453,232501100.42445004
621,19481600,5654462,3.4453498847458874,285.2587920000076,65.13068863623143,9.287881077529565,0.0,,0.9999399914452648,6.000855472754739e-05,6.696527823634811e-05,0,0,5644743,5644755,12.287964820861816,0,51,347,25661.794236122063,233503842.26293647
622,19481600,5654205,3.445506485880862,285.9117499999968,64.98194482213553,9.287458935611038,0.0,,0.9999350932463534,6.490675365382127e-05,6.636690523559068e-05,0,0,5644487,5644623,136.19196462631226,0,89,347,25566.630022410784,231778898.15488565
623,19481600,5654461,3.4453504940612376,287.6624589999892,64.58646577341779,9.287879434954007,0.0,,0.9999324676409664,6.753235901188393e-05,6.745832967083707e-05,0,0,5644743,5644747,4.095964431762695,0,53,347,25156.815253856566,229663031.4725107
624,19481600,5654201,3.445508923365123,271.4645419999897,68.4402516277824,9.287452365308804,0.0,,0.9999277656171249,7.22343829395524e-05,6.804928722200223e-05,0,0,5644487,5644614,127.99996423721313,0,51,347,24484.804099763434,230530518.94365203
625,19481600,5654206,3.4455058765103357,337.6084589999948,55.03150489040408,9.287460578186597,0.0,,0.999944754733675,5.524526633558842e-05,6.713995027991768e-05,0,0,5644487,5644738,251.90396404266357,0,51,347,24955.782801907575,220974530.1617711
626,19481600,5654465,3.4453480568011297,329.98912499999733,56.30216317734759,9.287886005256242,0.0,,0.9999494847462423,5.051525379100139e-05,6.247938748957543e-05,0,0,5644743,5644862,119.80796384811401,0,51,347,25664.266231649046,218160698.74641547
627,19481600,5654198,3.4455107514805814,353.6446669999975,52.53607164532791,9.287447437582129,0.0,,0.9999233938905867,7.660610947927394e-05,6.688511722976205e-05,0,0,5644487,5644730,243.71196365356445,0,51,347,25450.615747125168,222364470.17080024
628,19481600,5654465,3.4453480568011297,301.05187499998465,61.713953990490666,9.287886005256242,0.0,,0.9999380394363229,6.196056366620107e-05,6.775681847170754e-05,0,0,5644743,5644854,111.61596345901489,0,90,347,25628.02503733912,220653467.54261678
629,19481600,5654206,3.4455058765103357,288.9485000000036,64.29900678667572,9.287460578186597,0.0,,0.9999265105066792,7.348949334590005e-05,6.995912585619314e-05,0,0,5644487,5644722,235.51996326446533,0,54,347,25303.2043988272,223826372.52522227
630,19481600,5654455,3.4453541499578653,285.3244169999982,65.11570849017144,9.287869579500658,0.0,,0.9999240994894855,7.590051053167743e-05,6.660334599996612e-05,0,0,5644743,5644846,103.42396306991577,0,53,347,26137.555845071834,226949716.5863675
631,19481600,5654205,3.445506485880862,265.0158749999889,70.10561749367194,9.287458935611038,0.0,,0.9999207680251617,7.923197490621643e-05,6.824944833658422e-05,0,0,5644487,5644714,227.3279628753662,0,52,347,26609.319873139153,223980208.89596686
632,19481600,5654455,3.4453541499578653,306.6303329999869,60.591205640770035,9.287869579500658,0.0,,0.9999226558626356,7.734413739465992e-05,6.749771863706687e-05,0,0,5644743,5644838,95.23196268081665,0,53,347,26741.979494408413,218587135.24393067
633,19481600,5654206,3.4455058765103357,291.2381250000067,63.79350767520418,9.287460578186597,0.0,,0.9999251930814671,7.480691855981773e-05,6.796555382243018e-05,0,0,5644487,5644706,219.1359624862671,0,50,347,26813.574153684815,224771694.54126224
634,19481600,5654456,3.445353540641222,274.1270420000035,67.77551542142189,9.287871222076216,0.0,,0.99991808869632,8.191130365742604e-05,6.61595141698933e-05,0,0,5644743,5644830,87.03996229171753,0,51,347,27056.89002977042,222919956.2845815
635,19481600,5654206,3.4455058765103357,272.83862499999145,68.09556954225444,9.287460578186597,0.0,,0.9999242277893421,7.577221069894132e-05,6.916578418007842e-05,0,0,5644487,5644697,210.94396209716797,0,50,347,27018.707120682644,225355402.85579276
636,19481600,5654461,3.4453504940612376,309.609082999998,60.00825745315786,9.287879434954007,0.0,,0.999924246102478,7.575389754019892e-05,6.987297006565824e-05,0,0,5644743,5644821,78.84796190261841,0,53,347,27001.29651011428,228588549.9055593
637,19481600,5654204,3.445507095251604,301.55608300000836,61.610766984592665,9.28745729303548,0.0,,0.9999309256121695,6.907438784393958e-05,6.874575073109699e-05,0,0,5644487,5644689,202.75196170806885,0,54,347,27459.051569483865,232080980.22576693
638,19481600,5654455,3.4453541499578653,309.74979100000155,59.98099789678278,9.287869579500658,0.0,,0.9999104638008004,8.953619919273455e-05,6.562782282743321e-05,0,0,5644743,5644813,70.65596151351929,0,53,347,27614.983945361924,236272604.20917735
639,19481600,5654206,3.4455058765103357,279.5903330000158,66.45115860461081,9.287460578186597,0.0,,0.999922363757411,7.763624261793024e-05,6.831105787566572e-05,0,0,5644487,5644681,194.55996131896973,0,50,347,27687.20212009246,232266887.56548437
640,19481600,5654464,3.4453486661158332,291.83337500001016,63.663388611735556,9.287884362680684,0.0,,0.9999350195551693,6.498044485862e-05,6.807149511115424e-05,0,0,5644743,5644805,62.463961124420166,0,51,347,27694.727777809658,232505162.68465585
641,19481600,5654206,3.4455058765103357,269.86470800000006,68.84598471653432,9.287460578186597,0.0,,0.9999288972647145,7.11027352958105e-05,6.571359223854507e-05,0,0,5644487,5644673,186.3679609298706,0,50,347,28078.033298032995,233827149.22598842
642,19481600,5654462,3.4453498847458874,305.1518329999965,60.884777849262385,9.287881077529565,0.0,,0.9999262158642488,7.378413574021944e-05,6.869225985722642e-05,0,0,5644743,5644797,54.271960735321045,0,51,347,28807.73834567451,232593710.87399256
643,19481600,5654200,3.4455095327367267,274.9840419999998,67.5642900125092,9.287450722733245,0.0,,0.9999212710829121,7.872891708878696e-05,6.599672223125182e-05,0,0,5644487,5644665,178.17596054077148,0,50,347,28895.66759727439,233359761.18104738
644,19481600,5654456,3.445353540641222,313.2339580000121,59.31381667915866,9.287871222076216,0.0,,0.9999288739037018,7.112609630611121e-05,6.688109622727329e-05,0,0,5644743,5644789,46.079960346221924,0,53,347,28676.084270580308,217944289.28439316
645,19481600,5654209,3.4455040484000503,291.09229200000186,63.82546729371962,9.287465505913271,0.0,,0.9999267763652514,7.32236348453865e-05,6.815380609214464e-05,0,0,5644487,5644656,169.98396015167236,0,89,347,28711.294101049814,216566333.7558779
646,19481600,5654454,3.445354759274724,295.68112499998733,62.834925842834224,9.287867936925098,0.0,,0.9999239526813041,7.604731868635196e-05,6.800168287394564e-05,0,0,5644743,5644780,37.8879599571228,0,52,347,28130.967070542825,214990759.16076297
647,19481600,5654206,3.4455058765103357,263.8392920000001,70.41825128343656,9.287460578186597,0.0,,0.999931666341023,6.833365899466474e-05,6.737223602127409e-05,0,0,5644487,5644648,161.79195976257324,0,50,347,28392.54056429524,210218909.64224577
648,19481600,5654466,3.4453474474866415,296.07045800000265,62.75229784154904,9.2878876478318,0.0,,0.9999365549162867,6.34450837032191e-05,6.53667604179244e-05,0,0,5644743,5644772,29.69595956802368,0,90,347,27880.930554667284,202577860.54170966
649,19481600,5654209,3.4455040484000503,281.61379100001227,65.97369218505067,9.287465505913271,0.0,,0.9999460386436236,5.396135637268262e-05,6.745816173751261e-05,0,0,5644487,5644640,153.59995937347412,0,89,347,27179.587654436986,200938968.60114828
650,19481600,5654466,3.4453474474866415,268.7507500000095,69.13134777298052,9.2878876478318,0.0,,0.9999339588476801,6.604115228882202e-05,6.832912567879287e-05,0,0,5644743,5644764,21.50395917892456,0,90,347,27160.118714213368,201570345.00295794
651,19481600,5654204,3.445507095251604,288.3788750000065,64.42601443153416,9.28745729303548,0.0,,0.9999404460289298,5.955397106826823e-05,6.989817039261668e-05,0,0,5644487,5644632,145.407958984375,0,51,347,27597.589871413,203879748.8742612
652,19481600,5654459,3.4453517126925846,305.89691700001254,60.73647863047681,9.28787614980289,0.0,,0.999925718107123,7.428189290491024e-05,6.760771739921778e-05,0,0,5644743,5644756,13.31195878982544,0,90,347,27980.095298271055,206561006.0168351
653,19481600,5654207,3.445505267140025,297.9722499999866,62.35178464605625,9.287462220762155,0.0,,0.9999585185565457,4.148144343684506e-05,6.847260469622055e-05,0,0,5644487,5644624,137.21595859527588,0,51,347,27868.5704046723,208975116.97948843
654,19481600,5654456,3.445353540641222,311.1005000000091,59.720577634878296,9.287871222076216,0.0,,0.9999187249574437,8.12750425729183e-05,6.726846941777769e-05,0,0,5644743,5644748,5.119958400726318,0,51,347,28130.791607188294,211766565.81811476
655,19481600,5654206,3.4455058765103357,279.9432500000023,66.36738539864722,9.287460578186597,0.0,,0.9999299134504726,7.008654953102455e-05,6.80496259979253e-05,0,0,5644487,5644616,129.02395820617676,0,52,347,28208.615438738172,215627158.88050908
656,19481600,5654205,3.445506485880862,284.0480829999876,65.4082976595931,9.287458935611038,0.0,,0.9999369918909952,6.300810903562884e-05,6.736749335288457e-05,0,0,5644487,5644739,252.9279580116272,0,52,347,28514.637558369417,215595164.74587572
657,19481600,5654461,3.4453504940612376,319.1207079999856,58.21966765785954,9.287879434954007,0.0,,0.9999259205906537,7.407940935196004e-05,6.865729824800724e-05,0,0,5644743,5644863,120.83195781707764,0,50,347,27788.421182550443,215741993.4948012
658,19481600,5654205,3.445506485880862,272.80829100001824,68.10314119998192,9.287458935611038,0.0,,0.9999318125114067,6.818748860575094e-05,6.717108198332944e-05,0,0,5644487,5644731,244.73595762252808,0,89,347,28333.10954848457,216030217.15150875
659,19481600,5654461,3.4453504940612376,280.3878750000024,66.2621433344785,9.287879434954007,0.0,,0.9999489936148961,5.100638514400554e-05,6.835704364529396e-05,0,0,5644743,5644855,112.63995742797852,0,50,347,27845.177998272015,217279385.7295892
660,19481600,5654206,3.4455058765103357,276.5829169999847,67.1737132720349,9.287460578186597,0.0,,0.9999453042784584,5.469572154964958e-05,6.42892681373354e-05,0,0,5644487,5644723,236.54395723342896,0,52,347,28548.749078488872,216128132.11278608
661,19481600,5654457,3.445352931324794,291.2159999999915,63.79835435724872,9.287872864651774,0.0,,0.9999272114576236,7.278854240243115e-05,6.703854748366682e-05,0,0,5644743,5644847,104.4479570388794,0,51,347,28004.21570228179,218680889.09834167
662,19481600,5654200,3.4455095327367267,283.06204099999377,65.63614639696748,9.287450722733245,0.0,,0.9999405577545681,5.944224543965339e-05,6.889106922689895e-05,0,0,5644487,5644715,228.35195684432983,0,50,347,27665.220632946475,216047842.64567357
663,19481600,5654456,3.445353540641222,367.6643340000112,50.53278179139191,9.287871222076216,0.0,,0.9999353028405914,6.469715938276863e-05,6.768539059112605e-05,0,0,5644743,5644839,96.25595664978027,0,51,347,27879.98450251447,217497534.8889299
664,19481600,5654206,3.4455058765103357,344.44887499998345,53.938633309517684,9.287460578186597,0.0,,0.9999363945277054,6.360547229285584e-05,6.908723114934181e-05,0,0,5644487,5644707,220.1599564552307,0,51,347,27954.45733773984,221423186.4752498
665,19481600,5654461,3.4453504940612376,325.2831659999913,57.116701706292716,9.287879434954007,0.0,,0.9999273195347791,7.268046524902449e-05,6.636588531180113e-05,0,0,5644743,5644831,88.06395626068115,0,53,347,28683.02409759637,224625418.2358495
666,19481600,5654209,3.4455040484000503,267.100207999988,69.55854396976297,9.287465505913271,0.0,,0.9999302558776936,6.974412233753165e-05,6.834690041618726e-05,0,0,5644487,5644698,211.9679560661316,0,89,347,29099.96577637475,229646344.54095817
667,19481600,5654463,3.4453492754307526,308.62087500000257,60.2004046631643,9.287882720105126,0.0,,0.9999367845133453,6.321548667568068e-05,6.804034144658873e-05,0,0,5644743,5644822,79.87195587158203,0,51,347,28575.231078520173,235159679.3332586
668,19481600,5654206,3.4455058765103357,272.848874999994,68.093011424366,9.287460578186597,0.0,,0.9999555166842562,4.4483315758437817e-05,6.801865057141849e-05,0,0,5644487,5644690,203.77595567703247,0,52,347,27259.770499732313,238257514.0145678
669,19481600,5654456,3.445353540641222,274.71349999999006,67.63082834480531,9.287871222076216,0.0,,0.9999181719821544,8.182801782343079e-05,6.7217653905604e-05,0,0,5644743,5644814,71.67995548248291,0,51,347,27476.43455472961,240127851.84692934
670,19481600,5654206,3.4455058765103357,371.08499999999367,50.06697000013559,9.287460578186597,0.0,,0.999925220699645,7.47793004026474e-05,4.716524560869917e-05,0,0,5644487,5644682,195.58395528793335,0,50,347,27834.433860225643,243931457.77159294
671,19481600,5654461,3.4453504940612376,270.9888330000183,68.56039548500047,9.287879434954007,0.0,,0.9999311926421655,6.880735784485478e-05,6.838943284416163e-05,0,0,5644743,5644806,63.48795509338379,0,53,347,27173.97702425144,240024035.82331547
672,19481600,5654205,3.445506485880862,267.31204199998615,69.50342163223968,9.287458935611038,0.0,,0.9999298231284982,7.017687151005091e-05,6.79151165082403e-05,0,0,5644487,5644674,187.39195489883423,0,52,347,26705.28504167306,240197789.53761014
673,19481600,5654467,3.4453468381723686,280.92070799999647,66.13646140497494,9.287889290407358,0.0,,0.9999332139032794,6.678609669723368e-05,6.867267870580949e-05,0,0,5644743,5644798,55.29595470428467,0,90,347,26532.65747980338,241332186.06364584
674,19481600,5654200,3.4455095327367267,264.7792500000037,70.16826870874414,9.287450722733245,0.0,,0.999928237413389,7.176258665740605e-05,6.714041565491246e-05,0,0,5644487,5644666,179.1999545097351,0,50,347,26381.555223610492,235033533.50404274
675,19481600,5654461,3.4453504940612376,279.18337500000234,66.54802264819617,9.287879434954007,0.0,,0.999944811261969,5.518873804488679e-05,6.972830048181614e-05,0,0,5644743,5644790,47.10395431518555,0,50,347,26639.01034674629,239123783.0286718
676,19481600,5654198,3.4455107514805814,294.60754100000486,63.06390358996172,9.287447437582129,0.0,,0.9999211962408951,7.880375908315074e-05,6.859925320393839e-05,0,0,5644487,5644658,171.007954120636,0,51,347,26839.882436495405,242619464.6709919
677,19481600,5654456,3.445353540641222,274.41295899998863,67.70489859591788,9.287871222076216,0.0,,0.9999193628183801,8.06371816255403e-05,6.684654803797611e-05,0,0,5644743,5644781,38.911953926086426,0,51,347,27363.180975982006,241603570.10991785
678,19481600,5654209,3.4455040484000503,264.0525839999839,70.36137000083716,9.287465505913271,0.0,,0.9999344838422357,6.551615778236232e-05,6.829909848274262e-05,0,0,5644487,5644649,162.81595373153687,0,89,347,27069.282383565063,242879608.8192003
679,19481600,5654454,3.445354759274724,275.42070900000226,67.45716990547668,9.287867936925098,0.0,,0.9999224788759505,7.752112405542973e-05,6.9527628698571e-05,0,0,5644743,5644773,30.719953536987305,0,52,347,25793.86539923598,245938393.41272062
680,19481600,5654203,3.4455077046225613,278.41629200000284,66.73137347328729,9.287455650459922,0.0,,0.9999288744989312,7.112550107114534e-05,6.442182192041203e-05,0,0,5644487,5644641,154.62395334243774,0,89,347,26317.113175189363,247958003.4725859
681,19481600,5654457,3.445352931324794,295.52345800001945,62.86844938887653,9.287872864651774,0.0,,0.9999315278232286,6.84721767559135e-05,6.580294967252545e-05,0,0,5644743,5644765,22.527953147888184,0,51,347,26260.396571181573,248924919.93079334
682,19481600,5654203,3.4455077046225613,260.8169579999924,71.23425449391425,9.287455650459922,0.0,,0.9999277769346965,7.222306531407917e-05,6.710179188863989e-05,0,0,5644487,5644633,146.43195295333862,0,92,347,26528.80373084742,249091944.3447365
683,19481600,5654456,3.445353540641222,278.9725419999911,66.59831619737183,9.287871222076216,0.0,,0.9999209371390597,7.906286098104687e-05,6.872009560434206e-05,0,0,5644743,5644757,14.335952758789062,0,51,347,26754.48330295008,247773137.5079286
684,19481600,5654206,3.4455058765103357,285.02941700000406,65.1831020041687,9.287460578186597,0.0,,0.9999343992124601,6.560078753091478e-05,6.88114050426644e-05,0,0,5644487,5644625,138.2399525642395,0,50,347,26439.73379051613,248902015.31225297
685,19481600,5654460,3.4453511033768036,305.945166000015,60.72690020047282,9.287877792378449,0.0,,0.9999341604619596,6.58395380640225e-05,6.921506319748268e-05,0,0,5644743,5644749,6.143952369689941,0,52,347,25794.94135044391,248028212.92722923
686,19481600,5654203,3.4455077046225613,275.22041599999625,67.50626218986694,9.287455650459922,0.0,,0.9999210851483463,7.891485168876957e-05,6.770395199805452e-05,0,0,5644487,5644617,130.04795217514038,0,89,347,26344.551744473654,248641570.99640512
687,19481600,5654205,3.445506485880862,303.29404200000454,61.25772019781293,9.287458935611038,0.0,,0.9999469550185173,5.304498150136879e-05,6.645564266412439e-05,0,0,5644487,5644740,253.95195198059082,0,54,347,25607.812978598475,246855084.4491323
688,19481600,5654456,3.445353540641222,313.98300000000745,59.17231685314032,9.287871222076216,0.0,,0.9999220498275879,7.79501724346343e-05,6.799841997515307e-05,0,0,5644743,5644864,121.85595178604126,0,51,347,25706.32614829224,245731166.35737216
689,19481600,5654206,3.4455058765103357,273.6121669999818,67.90305331159207,9.287460578186597,0.0,,0.9999322275410893,6.777245892424823e-05,6.782925245034579e-05,0,0,5644487,5644732,245.7599515914917,0,52,347,26013.328571765313,247167251.6360046
690,19481600,5654455,3.4453541499578653,275.46175000000517,67.44711947302902,9.287869579500658,0.0,,0.9999204979211808,7.950207883152678e-05,6.838262121039128e-05,0,0,5644743,5644856,113.66395139694214,0,53,347,25988.255290372203,239155497.2083402
691,19481600,5654203,3.4455077046225613,270.8714999999984,68.59009368833603,9.287455650459922,0.0,,0.9999249760812555,7.502391875336457e-05,6.783290530199385e-05,0,0,5644487,5644724,237.56795120239258,0,89,347,26293.287895129815,234267703.56860307
692,19481600,5654455,3.4453541499578653,279.8216669999931,66.39622214279946,9.287869579500658,0.0,,0.999921451969212,7.854803081084935e-05,6.723552850288725e-05,0,0,5644743,5644848,105.47195100784302,0,53,347,25205.598447722143,230358918.56938094
693,19481600,5654206,3.4455058765103357,290.84383399998615,63.87999122065241,9.287460578186597,0.0,,0.9999335505508028,6.644944921116505e-05,6.937261613933333e-05,0,0,5644487,5644716,229.37595081329346,0,54,347,25588.516977314863,234026090.01287976
694,19481600,5654457,3.445352931324794,276.3784580000106,67.22340697949508,9.287872864651774,0.0,,0.9999261523270063,7.384767300898957e-05,6.456563267107168e-05,0,0,5644743,5644840,97.2799506187439,0,51,347,25685.534222266833,230311983.2827279
695,19481600,5654206,3.4455058765103357,269.36270900000636,68.97428983942822,9.287460578186597,0.0,,0.9999259079575933,7.409204242261319e-05,6.800284788710614e-05,0,0,5644487,5644708,221.18395042419434,0,50,347,25963.022519863873,233057538.8822461
696,19481600,5654465,3.4453480568011297,272.65495800000394,68.14144037131257,9.287886005256242,0.0,,0.9999314526289513,6.854737105839892e-05,6.915352184717073e-05,0,0,5644743,5644832,89.08795022964478,0,90,347,26388.548843576038,231742587.10442346
697,19481600,5654206,3.4455058765103357,295.6692500000031,62.83744948958948,9.287460578186597,0.0,,0.9999254869508861,7.451304908956391e-05,6.818594804871723e-05,0,0,5644487,5644699,212.99195003509521,0,50,347,26031.67216206011,233664404.12511554
698,19481600,5654460,3.4453511033768036,302.46979099999294,61.42465170183039,9.287877792378449,0.0,,0.9999238079720275,7.619202795766965e-05,6.776202470813951e-05,0,0,5644743,5644823,80.89594984054565,0,90,347,25518.22228349812,235199891.39503095
699,19481600,5654207,3.445505267140025,301.4779999999746,61.62672421371233,9.287462220762155,0.0,,0.9999415644506181,5.8435549381044575e-05,6.673927237499062e-05,0,0,5644487,5644691,204.7999496459961,0,50,347,25548.56740541361,238389522.47635353
700,19481600,5654465,3.4453480568011297,306.36791699998867,60.643104357760436,9.287886005256242,0.0,,0.9999368061996924,6.319380033523247e-05,6.678197485077916e-05,0,0,5644743,5644815,72.70394945144653,0,90,347,25504.634598239987,242014469.3829353
701,19481600,5654200,3.4455095327367267,310.7842919999939,59.7813404369239,9.287450722733245,0.0,,0.9999286622025079,7.133779753078054e-05,6.891391424239289e-05,0,0,5644487,5644683,196.60794925689697,0,52,347,25110.0196556558,246229666.62431043
702,19481600,5654458,3.4453523220085818,288.0017499999781,64.51037732410103,9.287874507227333,0.0,,0.9999311152168973,6.888478310921472e-05,6.528069957858129e-05,0,0,5644743,5644807,64.51194906234741,0,51,347,25597.80674208762,248367228.14312032
703,19481600,5654208,3.4455046577699298,305.2145830000086,60.8722603614896,9.287463863337713,0.0,,0.9999384175081242,6.158249188603942e-05,6.664502370914821e-05,0,0,5644487,5644675,188.41594886779785,0,91,347,25562.983518117475,250700202.77279535
704,19481600,5654461,3.4453504940612376,280.26591600001893,66.29097761034468,9.287879434954007,0.0,,0.9999376357145747,6.236428542934623e-05,6.762604294684619e-05,0,0,5644743,5644799,56.31994867324829,0,53,347,25440.516681138484,243346486.4187199
705,19481600,5654199,3.4455101421085463,278.6790829999859,66.66844659633439,9.287449080157687,0.0,,0.9999237044611173,7.629553890994332e-05,6.789812624841365e-05,0,0,5644487,5644667,180.22394847869873,0,52,347,25855.378670687795,238855414.5610109
706,19481600,5654459,3.4453517126925846,275.63416699999266,67.40492938417353,9.28787614980289,0.0,,0.9999330711568654,6.692884313190833e-05,6.572346300642128e-05,0,0,5644743,5644791,48.12794828414917,0,51,347,25795.361689307465,240679951.55894297
707,19481600,5654209,3.4455040484000503,294.5037500000183,63.086128996655724,9.287465505913271,0.0,,0.9999353111833886,6.468881661583593e-05,6.837681288008839e-05,0,0,5644487,5644659,172.0319480895996,0,89,347,25700.831991105908,239048173.87065786
708,19481600,5654462,3.4453498847458874,317.51124999999547,58.51478195654568,9.287881077529565,0.0,,0.9999305913709299,6.940862909343529e-05,6.832957118471147e-05,0,0,5644743,5644782,39.93594789505005,0,51,347,25841.119519325523,241290714.6210712
709,19481600,5654203,3.4455077046225613,307.97137499999394,60.327365043262105,9.287455650459922,0.0,,0.9999297622674415,7.02377325815597e-05,6.82602097095057e-05,0,0,5644487,5644650,163.8399477005005,0,89,347,26043.902453920688,240339643.4010225
710,19481600,5654456,3.445353540641222,289.0013329999874,64.28725213700245,9.287871222076216,0.0,,0.9999207334372583,7.926656273089818e-05,6.876258421492724e-05,0,0,5644743,5644774,31.743947505950928,0,51,347,26372.596426784763,241617647.2054596
711,19481600,5654206,3.4455058765103357,275.479292,67.44282456809857,9.287460578186597,0.0,,0.9999233159851093,7.668401491339604e-05,7.008765515080369e-05,0,0,5644487,5644642,155.64794731140137,0,50,347,26299.70723426841,242328110.85568693
712,19481600,5654457,3.445352931324794,291.05566699999486,63.833498773622324,9.287872864651774,0.0,,0.9999167092010945,8.329079889215416e-05,6.825813937795205e-05,0,0,5644743,5644766,23.551947116851807,0,51,347,26457.417761485078,244285095.1574697
713,19481600,5654204,3.445507095251604,280.3078340000127,66.2810642762812,9.28745729303548,0.0,,0.9999292159749509,7.078402506104157e-05,6.619015680353813e-05,0,0,5644487,5644634,147.45594692230225,0,89,347,26641.578826090332,246321591.25353524
714,19481600,5654461,3.4453504940612376,279.3617089999998,66.50554089537022,9.287879434954007,0.0,,0.999927847915776,7.215208424714878e-05,6.854504150476909e-05,0,0,5644743,5644758,15.359946727752686,0,50,347,26588.778444137395,252826146.0271335
715,19481600,5654209,3.4455040484000503,358.8172919999977,51.778724093654105,9.287465505913271,0.0,,0.999927457704471,7.254229555375235e-05,6.908676792435706e-05,0,0,5644487,5644626,139.26394653320312,0,50,347,26221.772903149867,256434626.23834085
716,19481600,5654456,3.445353540641222,345.78174999998623,53.730717605832986,9.287871222076216,0.0,,0.9999261368979393,7.386310205681255e-05,6.524943952222375e-05,0,0,5644743,5644750,7.1679463386535645,0,51,347,26258.960420330575,256682456.58663043
717,19481600,5654210,3.4455034390303863,327.5937079999949,56.7138534983715,9.287467148488831,0.0,,0.9999384140780605,6.158592193216624e-05,6.710053770906504e-05,0,0,5644487,5644618,131.071946144104,0,89,347,26390.685049038526,261376709.9505999
718,19481600,5654206,3.4455058765103357,269.2167090000055,69.0116955649273,9.287460578186597,0.0,,0.9999282166385627,7.178336145646696e-05,6.599186926124937e-05,0,0,5644487,5644741,254.97594594955444,0,50,347,26000.29768240965,262451767.7342816
719,19481600,5654466,3.4453474474866415,272.2704589999978,68.23766937749258,9.2878876478318,0.0,,0.9999358641095341,6.413589050134356e-05,6.770792994116938e-05,0,0,5644743,5644865,122.87994575500488,0,90,347,26287.091670064347,267131230.7456987
720,19481600,5654206,3.4455058765103357,290.59112500002016,63.935543669816866,9.287460578186597,0.0,,0.9999258327655173,7.416723454011946e-05,6.902448087291379e-05,0,0,5644487,5644733,246.78394556045532,0,50,347,25916.440018562833,271418507.7634754
721,19481600,5654465,3.4453480568011297,267.7332080000099,69.39408712608902,9.287886005256242,0.0,,0.9999297270656999,7.027293432224999e-05,6.855513939517938e-05,0,0,5644743,5644857,114.68794536590576,0,90,347,25722.487231738112,276466807.14742625
722,19481600,5654200,3.4455095327367267,279.3690419999848,66.50379522903977,9.287450722733245,0.0,,0.9999366436188198,6.33563812033019e-05,6.950945687438448e-05,0,0,5644487,5644725,238.5919451713562,0,52,347,24965.90066720871,275216337.4475963
723,19481600,5654459,3.4453517126925846,261.738500000007,70.98344936835622,9.28787614980289,0.0,,0.9999214265576354,7.857344238249288e-05,6.7083173162536e-05,0,0,5644743,5644849,106.49594497680664,0,90,347,25208.12875085678,268361173.5986662
724,19481600,5654207,3.445505267140025,268.85145899998975,69.10545187891545,9.287462220762155,0.0,,0.9999255243077755,7.447569222377242e-05,6.853625634264878e-05,0,0,5644487,5644717,230.39994478225708,0,52,347,24893.237843692354,272551864.9583253
725,19481600,5654463,3.4453492754307526,271.4515410000047,68.4435295303764,9.287882720105126,0.0,,0.9999383940849786,6.160591505519252e-05,6.908355275210917e-05,0,0,5644743,5644841,98.30394458770752,0,51,347,25652.247324653956,271731008.2813223
726,19481600,5654206,3.4455058765103357,289.2345419999742,64.23541750591343,9.287460578186597,0.0,,0.9999515640551091,4.843594488305214e-05,6.769718120944683e-05,0,0,5644487,5644709,222.20794439315796,0,52,347,25484.07830374656,272737165.5130405
727,19481600,5654462,3.4453498847458874,277.8761669999881,66.86108334904733,9.287881077529565,0.0,,0.9999302327528992,6.976724712402998e-05,6.902055279198188e-05,0,0,5644743,5644833,90.1119441986084,0,51,347,25581.76804064803,275657647.6564568
728,19481600,5654205,3.445506485880862,290.0052079999966,64.06471694294613,9.287458935611038,0.0,,0.9999435920221517,5.640797785286634e-05,6.797080675359038e-05,0,0,5644487,5644701,214.01594400405884,0,52,347,26036.747629999856,273388201.38690084
729,19481600,5654457,3.445352931324794,292.5539590000028,63.50658055015356,9.287872864651774,0.0,,0.9999186242792963,8.137572074460412e-05,6.792442196876644e-05,0,0,5644743,5644824,81.91994380950928,0,51,347,26500.548063440405,271516135.9904751
730,19481600,5654206,3.4455058765103357,299.89037500001814,61.95297719207853,9.287460578186597,0.0,,0.9999283504704013,7.164952960853226e-05,6.992398092368814e-05,0,0,5644487,5644692,205.82394361495972,0,50,347,26981.583850455943,270684464.3123701
731,19481600,5654460,3.4453511033768036,275.160249999999,67.52102297661115,9.287877792378449,0.0,,0.9999578476722317,4.2152327793332434e-05,6.600192463551007e-05,0,0,5644743,5644816,73.72794342041016,0,52,347,27457.39008433401,266633187.2165891
732,19481600,5654205,3.445506485880862,286.28233399999203,64.89782761971095,9.287458935611038,0.0,,0.9999208489004231,7.915109960479917e-05,6.357018741485217e-05,0,0,5644487,5644684,197.6319432258606,0,52,347,27810.403461241684,270184666.6240319
733,19481600,5654460,3.4453511033768036,299.5022499999891,62.0332620623073,9.287877792378449,0.0,,0.9999274160126428,7.258398736986202e-05,6.856005650970088e-05,0,0,5644743,5644808,65.53594303131104,0,52,347,28172.52318032578,271556669.0499808
734,19481600,5654205,3.445506485880862,271.32058399999437,68.47656483925445,9.287458935611038,0.0,,0.9999270823280163,7.291767201783704e-05,6.791280080242956e-05,0,0,5644487,5644676,189.43994283676147,0,52,347,28716.109177375492,271580973.1913058
735,19481600,5654463,3.4453492754307526,272.2864579999964,68.23365987044514,9.287882720105126,0.0,,0.9999362626247431,6.373737526900108e-05,6.757382018221124e-05,0,0,5644743,5644800,57.343942642211914,0,51,347,28945.125889878425,274044424.8435518
736,19481600,5654206,3.4455058765103357,308.5410830000228,60.21597312698428,9.287460578186597,0.0,,0.9999319570328791,6.804296714745362e-05,6.847181603724476e-05,0,0,5644487,5644668,181.24794244766235,0,52,347,28644.36369059048,274575543.9686
737,19481600,5654466,3.4453474474866415,275.4623750000178,67.4469664414198,9.2878876478318,0.0,,0.999935611997694,6.438800232266713e-05,6.737480746656861e-05,0,0,5644743,5644792,49.15194225311279,0,90,347,28915.373856859558,272929569.6791232
738,19481600,5654206,3.4455058765103357,290.66745799997307,63.9187533765879,9.287460578186597,0.0,,0.9999363902286134,6.360977138851859e-05,6.861561506874255e-05,0,0,5644487,5644660,173.05594205856323,0,50,347,28590.065092150533,272643210.0498059
739,19481600,5654463,3.4453492754307526,288.39499999998,64.42241218641547,9.287882720105126,0.0,,0.9999549650359036,4.503496411084488e-05,6.658753589359834e-05,0,0,5644743,5644783,40.95994186401367,0,52,347,28111.573098876834,271488084.4176598
740,19481600,5654199,3.4455101421085463,271.8405419999499,68.34558754853948,9.287449080157687,0.0,,0.999921540990595,7.845900940260241e-05,6.869840980840243e-05,0,0,5644487,5644651,164.8639416694641,0,52,347,26391.508405148797,275371569.3599659
741,19481600,5654462,3.4453498847458874,298.3152920000407,62.28008439640253,9.287881077529565,0.0,,0.9999425667090703,5.743329093689947e-05,6.801568723188836e-05,0,0,5644743,5644775,32.76794147491455,0,53,347,27202.317183375377,277718170.98585194
742,19481600,5654205,3.445506485880862,324.1415830000278,57.31785903722944,9.287458935611038,0.0,,0.9999345380718782,6.546192813143004e-05,6.665559037265871e-05,0,0,5644487,5644643,156.671941280365,0,51,347,26559.956998993726,276113846.24924093
743,19481600,5654456,3.445353540641222,263.0793330000074,70.62166894918909,9.287871222076216,0.0,,0.9999205543213374,7.944567866416284e-05,6.7237550224857e-05,0,0,5644743,5644767,24.57594108581543,0,51,347,25723.160895377852,276231132.72392744
744,19481600,5654207,3.445505267140025,271.50716699998156,68.42950691795646,9.287462220762155,0.0,,0.9999481653311683,5.183466888064226e-05,6.904904101506035e-05,0,0,5644487,5644635,148.47994089126587,0,50,347,26093.69525061477,274863539.2843518
745,19481600,5654465,3.4453480568011297,264.06950000000506,70.35686272931801,9.287886005256242,0.0,,0.9999252869267232,7.471307331578239e-05,6.714837763068868e-05,0,0,5644743,5644759,16.38394069671631,0,90,347,26098.821784104875,278079761.574475
746,19481600,5654206,3.4455058765103357,271.70358400002215,68.38003860301852,9.287460578186597,0.0,,0.9999321202078274,6.787979216943337e-05,7.03254544080135e-05,0,0,5644487,5644627,140.28794050216675,0,50,347,26051.444041029765,276906364.67506623
747,19481600,5654465,3.4453480568011297,268.2378750000112,69.26352798798166,9.287886005256242,0.0,,0.9999269723204032,7.302767960883734e-05,6.938700650458632e-05,0,0,5644743,5644751,8.191940307617188,0,90,347,25826.41907619322,270076189.6023608
748,19481600,5654198,3.4455107514805814,274.17591699997956,67.76343365891391,9.287447437582129,0.0,,0.9999254550227374,7.454497731758687e-05,6.851850170230327e-05,0,0,5644487,5644619,132.09594011306763,0,51,347,25897.391214325347,271809985.5240194
749,19481600,5654205,3.445506485880862,314.13341699999364,59.14398327924589,9.287458935611038,0.0,,0.9999256359950222,7.436400499571719e-05,6.798179675722309e-05,0,0,5644487,5644742,255.99993991851807,0,52,347,26003.45267221065,272394873.40120596
750,19481600,5654461,3.4453504940612376,279.1952089999654,66.54520193612026,9.287879434954007,0.0,,0.9999230859614998,7.691403852180741e-05,6.70984884872277e-05,0,0,5644743,5644866,123.9039397239685,0,50,347,26357.807439599834,273087474.6550929
751,19481600,5654206,3.4455058765103357,309.64899999997897,60.00052176012602,9.287460578186597,0.0,,0.9999384528846413,6.154711537943757e-05,6.760568227819264e-05,0,0,5644487,5644734,247.80793952941895,0,50,347,26251.528850579118,270304788.590492
752,19481600,5654460,3.4453511033768036,275.9583750000161,67.3257391173539,9.287877792378449,0.0,,0.9999266393769224,7.336062309539031e-05,6.753337946489712e-05,0,0,5644743,5644858,115.71193933486938,0,52,347,25816.248102729573,267573535.54385406
753,19481600,5654206,3.4455058765103357,306.0493340000221,60.70623098463811,9.287460578186597,0.0,,0.9999266932885699,7.330671144913736e-05,6.868045873087121e-05,0,0,5644487,5644726,239.61593914031982,0,50,347,26417.975346958196,261483384.33263758
754,19481600,5654462,3.4453498847458874,266.07179100000167,69.82740069013886,9.287881077529565,0.0,,0.9999407322536342,5.926774638654295e-05,6.739212408337569e-05,0,0,5644743,5644850,107.51993894577026,0,51,347,26669.426028539277,260174636.87212107
755,19481600,5654203,3.4455077046225613,287.2429999999895,64.68078095027792,9.287455650459922,0.0,,0.9999263972000804,7.36027999380761e-05,6.813852982735276e-05,0,0,5644487,5644718,231.4239387512207,0,89,347,25736.50430435795,256128080.06572306
756,19481600,5654464,3.4453486661158332,272.38358299996435,68.20932949730098,9.287884362680684,0.0,,0.9999290647240267,7.09352759853417e-05,6.939130512759203e-05,0,0,5644743,5644842,99.32793855667114,0,51,347,25634.406498229884,252086946.72258884
757,19481600,5654205,3.445506485880862,287.0500839999863,64.72425056841608,9.287458935611038,0.0,,0.9999345773817595,6.542261823734936e-05,6.658788969764183e-05,0,0,5644487,5644710,223.23193836212158,0,52,347,26297.183868483997,251820848.0317791
758,19481600,5654456,3.445353540641222,322.0719999999915,57.68617440355104,9.287871222076216,0.0,,0.9999284662476651,7.1533752363377e-05,6.72317702698823e-05,0,0,5644743,5644834,91.13593816757202,0,51,347,25304.70732449696,252248288.83045733
759,19481600,5654206,3.4455058765103357,297.2624579999774,62.500665867808344,9.287460578186597,0.0,,0.9999307146953583,6.928530464617151e-05,6.941877924192621e-05,0,0,5644487,5644702,215.03993797302246,0,50,347,25009.698016584254,247824595.74419516
760,19481600,5654465,3.4453480568011297,271.82116700004144,68.35045911820829,9.287886005256242,0.0,,0.999931377464704,6.862253532746258e-05,6.410900269489993e-05,0,0,5644743,5644825,82.94393825531006,0,90,347,24457.425870488514,247135300.89121634
761,19481600,5654209,3.4455040484000503,266.45758399996566,69.72630046252462,9.287465505913271,0.0,,0.9999360454993164,6.395450067887467e-05,6.893738636899677e-05,0,0,5644487,5644693,206.84793853759766,0,89,347,24397.502606490696,239887373.30464363
762,19481600,5654463,3.4453492754307526,279.39445800001295,66.49774550109058,9.287882720105126,0.0,,0.9999344465235931,6.55534764196725e-05,6.674536215178013e-05,0,0,5644743,5644817,74.75193881988525,0,51,347,24341.3056958218,238325300.48914552
763,19481600,5654201,3.445508923365123,271.04816600001413,68.54538747367518,9.287452365308804,0.0,,0.9999237375224868,7.626247749914962e-05,6.76396140381285e-05,0,0,5644487,5644685,198.65593910217285,0,50,347,24807.55090860531,242340822.7616653
764,19481600,5654465,3.4453480568011297,287.59695799999463,64.60117551904129,9.287886005256242,0.0,,0.9999355871651581,6.441283486803326e-05,6.733368031260793e-05,0,0,5644743,5644809,66.55993938446045,0,90,347,25190.77829710844,246283851.5381552
765,19481600,5654205,3.445506485880862,274.8231670000223,67.60384055430994,9.287458935611038,0.0,,0.9999292373758094,7.076262421915252e-05,6.482127270623801e-05,0,0,5644487,5644677,190.46393966674805,0,52,347,24349.10730135154,252041398.7337116
766,19481600,5654457,3.445352931324794,282.8241670000011,65.69135077661142,9.287872864651774,0.0,,0.9999243672310895,7.563276894134127e-05,6.671778746648448e-05,0,0,5644743,5644801,58.367939949035645,0,51,347,24208.166397695186,254408916.62726924
767,19481600,5654206,3.4455058765103357,297.0390830000156,62.54766670720912,9.287460578186597,0.0,,0.9999410984744452,5.8901525595717486e-05,6.772996364169925e-05,0,0,5644487,5644669,182.27194023132324,0,50,347,24477.30265077866,257271738.76806393
768,19481600,5654462,3.4453498847458874,308.09966699996494,60.302244865789206,9.287881077529565,0.0,,0.9999295101766943,7.048982330531926e-05,6.848843502408846e-05,0,0,5644743,5644793,50.17594051361084,0,51,347,24547.434812050364,261263006.7049507
769,19481600,5654205,3.445506485880862,283.6371250000411,65.50306685874533,9.287458935611038,0.0,,0.999939905250452,6.009474957095765e-05,6.791786225380393e-05,0,0,5644487,5644661,174.07994079589844,0,51,347,25127.59322244559,266042824.45251268
770,19481600,5654456,3.445353540641222,328.48599999999806,56.55979725924426,9.287871222076216,0.0,,0.9999322850392149,6.77149608049634e-05,6.813689780181256e-05,0,0,5644743,5644784,41.983941078186035,0,53,347,24689.86837786835,266630920.30750924
771,19481600,5654199,3.4455101421085463,275.60216599999876,67.41275597413151,9.287449080157687,0.0,,0.9999186843006809,8.131569931854196e-05,6.656549679439788e-05,0,0,5644487,5644652,165.88794136047363,0,52,347,24994.5181784307,269098796.49502504
772,19481600,5654463,3.4453492754307526,280.57150000000775,66.21877689822198,9.287882720105126,0.0,,0.9999332482570246,6.675174299850538e-05,6.964712467097125e-05,0,0,5644743,5644776,33.79194164276123,0,50,347,25145.267415667462,273343483.12140125
773,19481600,5654199,3.4455101421085463,277.2242500000175,67.01831301734545,9.287449080157687,0.0,,0.9999221429239205,7.785707608344497e-05,6.647816382684079e-05,0,0,5644487,5644644,157.69594192504883,0,52,347,25332.104919072717,272554837.83687866
774,19481600,5654457,3.445352931324794,277.5527499999839,66.93899290315473,9.287872864651774,0.0,,0.999925677256957,7.432274306191272e-05,6.662837714378086e-05,0,0,5644743,5644768,25.599942207336426,0,51,347,25526.055642872423,271542044.90233284
775,19481600,5654206,3.4455058765103357,275.33933300003355,67.47710673976877,9.287460578186597,0.0,,0.9999210843080475,7.891569196945652e-05,6.453705300318284e-05,0,0,5644487,5644636,149.50394248962402,0,50,347,25994.03632762747,268999288.1238694
776,19481600,5654462,3.4453498847458874,279.40699999999197,66.49476055539243,9.287881077529565,0.0,,0.999937096052052,6.29039479626048e-05,6.836761583245792e-05,0,0,5644743,5644760,17.40794277191162,0,51,347,26501.52507295275,265210865.74853987
777,19481600,5654200,3.4455095327367267,284.399207999968,65.32754325568337,9.287450722733245,0.0,,0.999923072388564,7.692761145107757e-05,6.752758649514637e-05,0,0,5644487,5644628,141.31194305419922,0,52,347,26043.661274701302,266375654.20909312
778,19481600,5654454,3.445354759274724,307.0564169999557,60.50712681410167,9.287867936925098,0.0,,0.9999223989243509,7.760107566037726e-05,6.817196858801212e-05,0,0,5644743,5644752,9.215943336486816,0,52,347,26352.677790702615,264774611.27905074
779,19481600,5654206,3.4455058765103357,288.9384580000183,64.30124148616736,9.287460578186597,0.0,,0.9999304448040579,6.95551959418536e-05,6.772814131326777e-05,0,0,5644487,5644620,133.1199436187744,0,51,347,26507.240107381385,266517077.07814634
780,19481600,5654465,3.4453480568011297,282.86962499998936,65.68079397885404,9.287886005256242,0.0,,0.9999225486263278,7.745137368805447e-05,6.77134050660096e-05,0,0,5644743,5644744,1.0239439010620117,0,90,347,26859.50133338948,264119806.95493573
781,19481600,5654207,3.445505267140025,282.07924999998113,65.86482898866628,9.287462220762155,0.0,,0.9999390879038982,6.091209610601461e-05,6.86179024512198e-05,0,0,5644487,5644611,124.92794418334961,0,50,347,27065.799487700002,265860938.23641124
782,19481600,5654205,3.445506485880862,266.1476670000411,69.8074936065366,9.287458935611038,0.0,,0.9999371945420532,6.280545794583305e-05,6.832776448016408e-05,0,0,5644487,5644735,248.8319444656372,0,52,347,26519.40299781083,267712376.03037807
783,19481600,5654465,3.4453480568011297,277.2863330000064,67.00330795784144,9.287886005256242,0.0,,0.9999257830485946,7.421695140930822e-05,6.753973577572673e-05,0,0,5644743,5644859,116.7359447479248,0,90,347,26398.724204208545,267323725.41569033
784,19481600,5654200,3.4455095327367267,278.4453749999898,66.72440352977917,9.287450722733245,0.0,,0.9999233741927055,7.66258072579183e-05,6.85461787569113e-05,0,0,5644487,5644727,240.6399450302124,0,50,347,26043.156327320557,268341388.85412842
785,19481600,5654464,3.4453486661158332,286.2276249999809,64.91023206617893,9.287884362680684,0.0,,0.9999300303209377,6.996967908074993e-05,6.84039562854583e-05,0,0,5644743,5644851,108.5439453125,0,92,347,26318.352440067865,264122035.14440975
786,19481600,5654210,3.4455034390303863,298.1204590000175,62.32078678806445,9.287467148488831,0.0,,0.9999378963436556,6.210365636004743e-05,6.741336734800717e-05,0,0,5644487,5644719,232.4479455947876,0,89,347,26370.51583728722,266953672.11247674
787,19481600,5654464,3.4453486661158332,289.8074999999949,64.10842218541731,9.287884362680684,0.0,,0.9999321936278777,6.780637213515384e-05,6.810507603942924e-05,0,0,5644743,5644843,100.3519458770752,0,51,347,25962.115577214616,267978220.66166383
788,19481600,5654205,3.445506485880862,310.8582500000239,59.767117528643915,9.287458935611038,0.0,,0.9999203938259844,7.96061740686855e-05,6.911788851090927e-05,0,0,5644487,5644711,224.2559461593628,0,52,347,26274.403181534373,262500158.5442383
789,19481600,5654459,3.4453517126925846,282.8789590000156,65.67862674614473,9.28787614980289,0.0,,0.9999304684021683,6.953159781806402e-05,6.730537950256392e-05,0,0,5644743,5644835,92.15994644165039,0,90,347,26276.158695524195,261623467.53364557
790,19481600,5654211,3.4455028296609376,295.4245000000242,62.88950835999885,9.28746879106439,0.0,,0.9999387915207258,6.120847928971874e-05,6.688383850955249e-05,0,0,5644487,5644703,216.063946723938,0,89,347,26072.32658847904,257917178.71022147
791,19481600,5654461,3.4453504940612376,287.94708300000593,64.52262467440804,9.287879434954007,0.0,,0.9999306570863138,6.934291369886241e-05,6.813385549262026e-05,0,0,5644743,5644826,83.96794700622559,0,50,347,25361.374352966817,255032199.37996745
792,19481600,5654205,3.445506485880862,266.39229200003456,69.74339018224143,9.287458935611038,0.0,,0.9999282528971877,7.174710281667754e-05,6.695099015677473e-05,0,0,5644487,5644694,207.87194728851318,0,52,347,25637.828175693547,258161100.48416588
793,19481600,5654456,3.445353540641222,290.7069999999976,63.910059140303304,9.287871222076216,0.0,,0.9999270318701905,7.296812982588497e-05,6.704300959167235e-05,0,0,5644743,5644818,75.77594757080078,0,51,347,25413.732873753503,256138414.34007883
794,19481600,5654210,3.4455034390303863,308.2728750000001,60.26836309389852,9.287467148488831,0.0,,0.9999408685798497,5.913142016649069e-05,6.673703899227039e-05,0,0,5644487,5644686,199.67994785308838,0,89,347,25922.997634802217,258294148.66658884
795,19481600,5654460,3.4453511033768036,268.92266700002665,69.0871534547817,9.287877792378449,0.0,,0.9999301328883513,6.986711169473065e-05,6.815229777519564e-05,0,0,5644743,5644810,67.58394813537598,0,52,347,25379.724632621866,261406755.71888518
796,19481600,5654202,3.4455083139937344,296.39370800003917,62.6838595456876,9.287454007884362,0.0,,0.999935442059044,6.45579409593035e-05,6.809883232741157e-05,0,0,5644487,5644678,191.48794841766357,0,52,347,25333.19735877968,265881231.69554266
797,19481600,5654461,3.4453504940612376,285.07458299998234,65.1727746717467,9.287879434954007,0.0,,0.9999212135430346,7.878645700701809e-05,6.782753659929131e-05,0,0,5644743,5644802,59.39194869995117,0,53,347,25795.35711402431,265667206.82629353
798,19481600,5654206,3.4455058765103357,271.54066600002125,68.42106501461754,9.287460578186597,0.0,,0.9999311969759638,6.880302404096168e-05,6.888649897248912e-05,0,0,5644487,5644670,183.29594898223877,0,52,347,26001.97283505241,260962465.60967666
799,19481600,5654465,3.4453480568011297,265.07608299999674,70.08969406908065,9.287886005256242,0.0,,0.9999288940932308,7.110590678106227e-05,6.907851740394356e-05,0,0,5644743,5644794,51.19994926452637,0,90,347,25475.53438806657,261638090.3037708
800,19481600,5654199,3.4455101421085463,269.9758750000001,68.81763625175766,9.287449080157687,0.0,,0.9999228117530046,7.718824699598944e-05,6.833924481657277e-05,0,0,5644487,5644662,175.10394954681396,0,52,347,24978.45544226951,260079999.69693616
801,19481600,5654461,3.4453504940612376,288.7623330000224,64.34046078474701,9.287879434954007,0.0,,0.999920174721301,7.982527874568406e-05,6.767173291106622e-05,0,0,5644743,5644786,43.00794982910156,0,53,347,25300.340822104594,260736475.27540162
802,19481600,5654208,3.4455046577699298,288.78970800002435,64.33436181353954,9.287463863337713,0.0,,0.9999482819820277,5.171801796520948e-05,6.605902197142709e-05,0,0,5644487,5644653,166.91195011138916,0,52,347,25977.596847369015,250963000.28606024
803,19481600,5654466,3.4453474474866415,295.9709159999875,62.77340291943005,9.2878876478318,0.0,,0.9999436082201864,5.639177984279513e-05,6.682412750202764e-05,0,0,5644743,5644777,34.81595039367676,0,53,347,25339.37312921488,251326256.4848513
804,19481600,5654205,3.445506485880862,282.62129199998753,65.73850622160775,9.287458935611038,0.0,,0.9999331564754095,6.684352460437059e-05,6.776553316823398e-05,0,0,5644487,5644645,158.71995067596436,0,52,347,25072.129235704517,255042149.84563002
805,19481600,5654455,3.4453541499578653,308.74908300000925,60.175406456185144,9.287869579500658,0.0,,0.9999249396959949,7.506030403224048e-05,6.76918345039441e-05,0,0,5644743,5644769,26.623950958251953,0,53,347,25134.5313594183,255334334.22187564
806,19481600,5654203,3.4455077046225613,342.9475410000009,54.17476243837523,9.287455650459922,0.0,,0.999943213753384,5.678624662182369e-05,6.877478456422765e-05,0,0,5644487,5644637,150.52795124053955,0,89,347,25438.140598760867,256433244.7298075
807,19481600,5654461,3.4453504940612376,326.45604100002856,56.91149566596127,9.287879434954007,0.0,,0.9999322305903162,6.776940968079722e-05,6.775774465547813e-05,0,0,5644743,5644761,18.43195152282715,0,53,347,25523.0479556298,259599508.14183795
808,19481600,5654199,3.4455101421085463,327.8657920000114,56.66678871609562,9.287449080157687,0.0,,0.9999217678234461,7.823217656582531e-05,6.819595861900389e-05,0,0,5644487,5644629,142.33595180511475,0,52,347,25820.819953461694,263699673.5687799
809,19481600,5654461,3.4453504940612376,287.6577920000045,64.58751363321215,9.287879434954007,0.0,,0.9999230754431008,7.69245568982802e-05,6.784127435646303e-05,0,0,5644743,5644753,10.239952087402344,0,53,347,26143.526548626283,254434111.00272033
810,19481600,5654205,3.445506485880862,266.74529199999597,69.65109458239391,9.287458935611038,0.0,,0.9999387927675807,6.120723242752602e-05,6.959412822535348e-05,0,0,5644487,5644621,134.14395236968994,0,51,347,26253.045213359186,254476181.25420037
811,19481600,5654466,3.4453474474866415,287.88804200002005,64.53585718054488,9.2878876478318,0.0,,0.9999471908289812,5.280917104790659e-05,6.885796197066988e-05,0,0,5644743,5644745,2.047952651977539,0,53,347,26680.17100842008,253437669.20466527
812,19481600,5654206,3.4455058765103357,280.63912500005017,66.20282030346509,9.287460578186597,0.0,,0.9999309160267018,6.908397330370752e-05,6.946548996442576e-05,0,0,5644487,5644612,125.95195293426514,0,51,347,27168.350559529175,253713810.1299641
813,19481600,5654206,3.4455058765103357,277.58324999996375,66.93163785099578,9.287460578186597,0.0,,0.9999275052485747,7.249475146641736e-05,6.813020892736726e-05,0,0,5644487,5644736,249.85595321655273,0,52,347,27375.59557602945,253300623.56659514
814,19481600,5654455,3.4453541499578653,276.8533330000196,67.10810146720786,9.287869579500658,0.0,,0.9999215630339128,7.843696607097874e-05,6.646653890944017e-05,0,0,5644743,5644860,117.75995349884033,0,53,347,27693.22915001253,247010141.99784082
815,19481600,5654207,3.445505267140025,287.92783299996927,64.52693846552161,9.287462220762155,0.0,,0.9999456670374639,5.433296256279559e-05,6.758225713437159e-05,0,0,5644487,5644728,241.66395378112793,0,50,347,28200.880611753746,250388015.54744807
816,19481600,5654463,3.4453492754307526,278.33233400002655,66.75150276467062,9.287882720105126,0.0,,0.9999249972308275,7.500276916645341e-05,6.93931202065669e-05,0,0,5644743,5644852,109.56795406341553,0,51,347,27647.509273209937,249803053.97593388
817,19481600,5654205,3.445506485880862,291.031165999982,63.838872715443635,9.287458935611038,0.0,,0.999932988324232,6.701167576273405e-05,6.70840925304805e-05,0,0,5644487,5644720,233.47195434570312,0,89,347,27665.440871038245,254158301.34042582
818,19481600,5654461,3.4453504940612376,309.9769170000286,59.937048675460844,9.287879434954007,0.0,,0.9999391058968217,6.089410320457855e-05,6.845206924100925e-05,0,0,5644743,5644844,101.37595462799072,0,53,347,26972.38567069343,254696146.23251113
819,19481600,5654203,3.4455077046225613,271.5941670000461,68.4075868333978,9.287455650459922,0.0,,0.9999303300700841,6.966992992262656e-05,6.768881098700045e-05,0,0,5644487,5644712,225.27995491027832,0,89,347,27093.22377234943,256956633.57677835
820,19481600,5654459,3.4453517126925846,276.3119589999974,67.23958539376927,9.28787614980289,0.0,,0.9999271232745776,7.287672543299145e-05,6.765666300370741e-05,0,0,5644743,5644836,93.18395519256592,0,90,347,26734.161775559573,261915403.82476416
821,19481600,5654209,3.4455040484000503,283.6257499999988,65.50569390296924,9.287465505913271,0.0,,0.9999359811815758,6.401881842631294e-05,6.674124853167792e-05,0,0,5644487,5644704,217.08795547485352,0,89,347,26268.557838334127,266347683.83329245
822,19481600,5654455,3.4453541499578653,309.44662500002096,60.03976150167655,9.287869579500658,0.0,,0.9999235594574385,7.644054256401117e-05,6.793301637534582e-05,0,0,5644743,5644827,84.99195575714111,0,50,347,24765.539410670972,252269188.5906653
823,19481600,5654209,3.4455040484000503,265.355374999956,70.01592322184196,9.287465505913271,0.0,,0.9999323761681224,6.762383189744088e-05,6.84723074263497e-05,0,0,5644487,5644695,208.8959560394287,0,89,347,25453.49558915359,251670530.29825875
824,19481600,5654457,3.445352931324794,272.55991699996684,68.1652011308114,9.287872864651774,0.0,,0.9999297695511731,7.023044884055496e-05,6.68739412061521e-05,0,0,5644743,5644819,76.79995632171631,0,51,347,25670.61143901635,255983727.69344097
825,19481600,5654206,3.4455058765103357,339.2932079999582,54.75824780583963,9.287460578186597,0.0,,0.9999264430596528,7.355694033322128e-05,6.876738170676135e-05,0,0,5644487,5644687,200.7039566040039,0,50,347,25630.681937228386,255229080.59897265
826,19481600,5654466,3.4453474474866415,321.4541250000025,57.797054439727155,9.2878876478318,0.0,,0.9999335840535666,6.641594642858236e-05,6.815323420936811e-05,0,0,5644743,5644811,68.6079568862915,0,90,347,25749.29195405812,256678535.92144722
827,19481600,5654201,3.445508923365123,299.3744170000241,62.05975029088242,9.287452365308804,0.0,,0.9999318404157556,6.815958427050372e-05,6.832631336429469e-05,0,0,5644487,5644679,192.5119571685791,0,52,347,26003.78253879837,260085470.05152032
828,19481600,5654465,3.4453480568011297,278.6645410000119,66.6719256631191,9.287886005256242,0.0,,0.9999343109341126,6.568906589099101e-05,6.861034580149849e-05,0,0,5644743,5644803,60.4159574508667,0,90,347,26453.365070645254,249170240.66117647
829,19481600,5654199,3.4455101421085463,279.2540000000372,66.53119225686123,9.287449080157687,0.0,,0.9999319658221294,6.803417789549616e-05,6.776533740918528e-05,0,0,5644487,5644671,184.3199577331543,0,52,347,25857.60621491987,251419892.20989394
830,19481600,5654457,3.445352931324794,338.3358329999737,54.91319496892144,9.287872864651774,0.0,,0.9999322013224563,6.779867755071271e-05,6.732432956535814e-05,0,0,5644743,5644795,52.223958015441895,0,53,347,25783.993510756263,253999336.42488286
831,19481600,5654207,3.445505267140025,278.3631249999985,66.74411908006888,9.287462220762155,0.0,,0.9999313719494889,6.862805054538231e-05,6.863198577164697e-05,0,0,5644487,5644663,176.1279582977295,0,50,347,25996.07825140226,253613549.99840018
832,19481600,5654461,3.4453504940612376,314.3417920000502,59.10477714174586,9.287879434954007,0.0,,0.999932136000925,6.7863999072882e-05,6.586102572580769e-05,0,0,5644743,5644787,44.03195858001709,0,53,347,26424.524549374943,254605308.52495894
833,19481600,5654207,3.445505267140025,265.81924999999273,69.893740060212,9.287462220762155,0.0,,0.9999384562528657,6.154374713235879e-05,6.702834807453768e-05,0,0,5644487,5644654,167.9359588623047,0,50,347,26581.615116382814,256823685.88810748
834,19481600,5654465,3.4453480568011297,268.76779100001613,69.12696455692075,9.287886005256242,0.0,,0.999932246664075,6.77533359174132e-05,6.827836839315581e-05,0,0,5644743,5644778,35.839959144592285,0,90,347,27108.01737237013,258627971.13850415
835,19481600,5654209,3.4455040484000503,267.2836250000046,69.51081108129868,9.287465505913271,0.0,,0.9999334370738283,6.656292620043005e-05,6.789990937240844e-05,0,0,5644487,5644646,159.74395942687988,0,89,347,27303.062160514874,260209565.27784625
836,19481600,5654456,3.445353540641222,280.6976659999805,66.18901335111669,9.287871222076216,0.0,,0.9999188932223372,8.110677765972185e-05,6.825311266661235e-05,0,0,5644743,5644770,27.64795970916748,0,53,347,27157.23677685807,261271094.07304922
837,19481600,5654205,3.445506485880862,300.2703330000145,61.87458273641407,9.287458935611038,0.0,,0.999921429841691,7.85701583401635e-05,6.767463727167167e-05,0,0,5644487,5644638,151.55195999145508,0,52,347,27151.36689381223,262377167.36877948
838,19481600,5654463,3.4453492754307526,307.2620830000119,60.46662634419256,9.287882720105126,0.0,,0.999941955289097,5.8044710918692576e-05,6.973113012390303e-05,0,0,5644743,5644762,19.455960273742676,0,51,347,27204.901049122418,234698828.1915336
839,19481600,5654205,3.445506485880862,450.4213330000084,41.2482717875613,9.287458935611038,0.0,,0.9999316954075175,6.83045925010109e-05,6.794393459669377e-05,0,0,5644487,5644630,143.35996055603027,0,52,347,27734.717535271524,237140677.83636653
840,19481600,5654465,3.4453480568011297,277.5921659999767,66.92948806956447,9.287886005256242,0.0,,0.999928634440245,7.136555976666667e-05,6.83492349215151e-05,0,0,5644743,5644754,11.263960838317871,0,51,347,27865.673580073995,233039758.71167275
841,19481600,5654205,3.445506485880862,277.43312500001593,66.96785599231863,9.287458935611038,0.0,,0.999922367661652,7.76323383986679e-05,6.882602655531426e-05,0,0,5644487,5644622,135.16796112060547,0,52,347,28137.237264157247,232119947.97613946
842,19481600,5654462,3.4453498847458874,274.5575419999682,67.6692449501247,9.287881077529565,0.0,,0.9999230331875335,7.696681247429327e-05,6.812458377162997e-05,0,0,5644743,5644746,3.0719614028930664,0,50,347,28428.01247571555,234822296.18352777
843,19481600,5654206,3.4455058765103357,281.24833300000773,66.05941931929421,9.287460578186597,0.0,,0.999940140792646,5.98592073395484e-05,6.859364946102345e-05,0,0,5644487,5644613,126.97596168518066,0,52,347,29083.68075799751,236889948.01657772
844,19481600,5654206,3.4455058765103357,289.141667000024,64.25605052107021,9.287460578186597,0.0,,0.9999258113505853,7.41886494354818e-05,6.808926277025107e-05,0,0,5644487,5644737,250.87996196746826,0,50,347,27966.40705095321,239337379.27889422
845,19481600,5654455,3.4453541499578653,279.8572919999742,66.3877701014191,9.287869579500658,0.0,,0.999928941285955,7.105871403849268e-05,6.731968668030628e-05,0,0,5644743,5644861,118.78396224975586,0,50,347,27757.60176811188,239280037.1822786
846,19481600,5654206,3.4455058765103357,280.257167000002,66.29304706594664,9.287460578186597,0.0,,0.9999347016022668,6.529839773301147e-05,6.846253092126669e-05,0,0,5644487,5644729,242.68796253204346,0,50,347,27988.933474023397,235726916.67211923
847,19481600,5654465,3.4453480568011297,286.69116700001496,64.80528073785764,9.287886005256242,0.0,,0.9999334359781504,6.656402188446793e-05,6.841052116956229e-05,0,0,5644743,5644853,110.59196281433105,0,90,347,27378.373802636135,240506789.72935888
848,19481600,5654198,3.4455107514805814,288.4111669999925,64.41880096307257,9.287447437582129,0.0,,0.9999202664823154,7.973351772048884e-05,6.806191138056975e-05,0,0,5644487,5644721,234.49596309661865,0,51,347,26550.832164664836,246528500.7640379
849,19481600,5654462,3.4453498847458874,291.9520410000018,63.63751217104827,9.287881077529565,0.0,,0.9999332664005218,6.673359950976537e-05,6.804413711395996e-05,0,0,5644743,5644845,102.39996337890625,0,51,347,27057.357383844428,245713074.30124682
850,19481600,5654208,3.4455046577699298,289.1916670000114,64.24494092528353,9.287463863337713,0.0,,0.9999387000681343,6.129993188979657e-05,6.795048434007396e-05,0,0,5644487,5644713,226.30396366119385,0,50,347,27432.299489216028,246548554.52851176
851,19481600,5654459,3.4453517126925846,285.5180830000563,65.07154071392506,9.28787614980289,0.0,,0.9999353048067259,6.469519327644514e-05,6.979349251911848e-05,0,0,5644743,5644837,94.20796394348145,0,90,347,28064.261136042423,248418449.92979258
852,19481600,5654206,3.4455058765103357,296.9594999999572,62.56442902989357,9.287460578186597,0.0,,0.9999306299100791,6.937008994980688e-05,6.854646161382536e-05,0,0,5644487,5644705,218.11196422576904,0,50,347,28344.839241767822,247716394.78324333
853,19481600,5654456,3.445353540641222,283.9542919999758,65.42990222701611,9.287871222076216,0.0,,0.9999296278521875,7.037214783071751e-05,6.874434504322987e-05,0,0,5644743,5644829,86.01596450805664,0,51,347,28075.830661544587,250108613.7110596
854,19481600,5654208,3.4455046577699298,291.54870899998286,63.72554907283466,9.287463863337713,0.0,,0.9999387879293024,6.121207070493141e-05,6.783860360506241e-05,0,0,5644487,5644696,209.91996479034424,0,50,347,28483.80860437066,251787170.81875315
855,19481600,5654463,3.4453492754307526,272.5233749999916,68.17434123770327,9.287882720105126,0.0,,0.9999368696490306,6.313035096711053e-05,6.77193656560127e-05,0,0,5644743,5644820,77.82396507263184,0,51,347,29143.36483930052,252365292.78199175
856,19481600,5654205,3.445506485880862,296.1444160000042,62.73662631714028,9.287458935611038,0.0,,0.9999291105530271,7.088944695060725e-05,6.806262856902555e-05,0,0,5644487,5644688,201.72796535491943,0,52,347,28486.90500912907,252738928.66564777
857,19481600,5654456,3.445353540641222,272.2930830000223,68.23199971810698,9.287871222076216,0.0,,0.999923917886302,7.608211370293127e-05,6.794790140428973e-05,0,0,5644743,5644812,69.63196563720703,0,51,347,28350.146888626092,251834080.09215197
858,19481600,5654200,3.4455095327367267,283.3835830000453,65.56167215408887,9.287450722733245,0.0,,0.9999170829679142,8.291703210704308e-05,6.723361080967274e-05,0,0,5644487,5644680,193.53596591949463,0,52,347,28252.259468907214,252611237.02964184
859,19481600,5654464,3.4453486661158332,282.9497920000108,65.66218490982065,9.287884362680684,0.0,,0.9999348219922454,6.517800777149283e-05,6.820378714875792e-05,0,0,5644743,5644804,61.43996620178223,0,51,347,28655.14714322342,255590046.9465099
860,19481600,5654206,3.4455058765103357,263.7054159999934,70.4540006963697,9.287460578186597,0.0,,0.9999376784183143,6.232158169841897e-05,6.815533200234231e-05,0,0,5644487,5644672,185.34396648406982,0,50,347,28798.26484351639,256090998.92548618
861,19481600,5654456,3.445353540641222,289.22279199997547,64.23802714172531,9.287871222076216,0.0,,0.9999222773166385,7.772268338104283e-05,6.85424698628703e-05,0,0,5644743,5644796,53.24796676635742,0,50,347,28482.655908105982,260856777.53259775
862,19481600,5654206,3.4455058765103357,265.0365000000079,70.10016191165914,9.287460578186597,0.0,,0.999928930280426,7.10697196103514e-05,6.633000219251587e-05,0,0,5644487,5644664,177.15196704864502,0,50,347,28758.2665941849,258693177.41035596
863,19481600,5654461,3.4453504940612376,266.3339169999972,69.7586765207234,9.287879434954007,0.0,,0.9999368002972161,6.319970279931784e-05,6.72452362358042e-05,0,0,5644743,5644788,45.05596733093262,0,53,347,28796.426291217314,248106653.7312162
864,19481600,5654200,3.4455095327367267,268.42670900003895,69.21480217714588,9.287450722733245,0.0,,0.999924834015424,7.516598461674563e-05,6.757818234292351e-05,0,0,5644487,5644655,168.95996761322021,0,52,347,27880.919592262973,249374378.73688507
865,19481600,5654454,3.445354759274724,276.05666699997755,67.30176729439941,9.287867936925098,0.0,,0.9999228309159646,7.716908404491135e-05,6.398227863114676e-05,0,0,5644743,5644779,36.86396789550781,0,52,347,27805.329230528765,250001016.1159123
866,19481600,5654205,3.445506485880862,285.1620839999782,65.15277663106649,9.287458935611038,0.0,,0.9999272585478949,7.274145213971498e-05,6.732882830775934e-05,0,0,5644487,5644647,160.7679681777954,0,52,347,28246.11283862667,251188687.10716224
867,19481600,5654462,3.4453498847458874,273.0272499999842,68.04852468938934,9.287881077529565,0.0,,0.9999337975940611,6.62024059646417e-05,6.85535335511702e-05,0,0,5644743,5644771,28.671968460083008,0,51,347,28603.41265679124,251489245.8413815
868,19481600,5654198,3.4455107514805814,302.87987500003055,61.34148583658167,9.287447437582129,0.0,,0.9999237052196531,7.629478038163236e-05,6.887602339197001e-05,0,0,5644487,5644639,152.5759687423706,0,54,347,29018.545279914993,248005136.4146001
869,19481600,5654461,3.4453504940612376,290.4349169999705,63.969930869234595,9.287879434954007,0.0,,0.9999523793265704,4.762067344098014e-05,6.572816016805551e-05,0,0,5644743,5644763,20.479969024658203,0,53,347,29254.946373197185,248125878.784264
870,19481600,5654204,3.445507095251604,272.79091599996264,68.10747892537061,9.28745729303548,0.0,,0.9999358266893936,6.417331062552123e-05,6.78350117317341e-05,0,0,5644487,5644631,144.3839693069458,0,54,347,28443.419196427778,253106583.86629152
871,19481600,5654456,3.445353540641222,353.77149999999347,52.517236584915246,9.287871222076216,0.0,,0.9999240189247836,7.598107522667223e-05,6.797900724397294e-05,0,0,5644743,5644755,12.287969589233398,0,51,347,28627.86844703538,250745557.0872431
872,19481600,5654200,3.4455095327367267,508.4287500000073,36.54219310473637,9.287450722733245,0.0,,0.999920597926994,7.940207301544747e-05,6.83200156436114e-05,0,0,5644487,5644623,136.191969871521,0,50,347,29065.322816924752,250431057.1974157
873,19481600,5654466,3.4453474474866415,417.1074579999754,44.5427220399907,9.2878876478318,0.0,,0.9999446515600178,5.534844000014514e-05,6.812767363911291e-05,0,0,5644743,5644747,4.095970153808594,0,90,347,28830.25449517195,252281571.38127407
874,19481600,5654206,3.4455058765103357,308.57766700000866,60.20883411014796,9.287460578186597,0.0,,0.9999257026640597,7.429733597396368e-05,6.782746100757532e-05,0,0,5644487,5644614,127.99997043609619,0,50,347,27118.282085168987,255260107.4842705
875,19481600,5654203,3.4455077046225613,281.7877090000138,65.93297354392092,9.287455650459922,0.0,,0.9999282528738039,7.174712621988376e-05,6.795285088658929e-05,0,0,5644487,5644738,251.9039707183838,0,89,347,27016.773630837593,248560015.58455706
876,19481600,5654464,3.4453486661158332,296.4043750000087,62.68160367909365,9.287884362680684,0.0,,0.9999358527922096,6.414720779092935e-05,6.77947421156925e-05,0,0,5644743,5644862,119.80797100067139,0,51,347,27467.28490425265,248222832.61524582
877,19481600,5654210,3.4455034390303863,279.1679999999701,66.55168773821494,9.287467148488831,0.0,,0.9999496074021089,5.039259789420874e-05,6.78715850991534e-05,0,0,5644487,5644730,243.71197128295898,0,92,347,27004.087125218462,248074989.41503772
878,19481600,5654463,3.4453492754307526,289.3589170000155,64.20780722820788,9.287882720105126,0.0,,0.9999416219094075,5.837809058496395e-05,6.807063883987769e-05,0,0,5644743,5644854,111.61597156524658,0,51,347,26194.599050522775,245545936.06683803
879,19481600,5654208,3.4455046577699298,276.9642920000024,67.08121624032256,9.287463863337713,0.0,,0.9999487969696149,5.120303040529933e-05,6.840724698357247e-05,0,0,5644487,5644722,235.51997184753418,0,52,347,26112.660115519157,247537005.12824106
880,19481600,5654456,3.445353540641222,316.4792910000074,58.70558387499537,9.287871222076216,0.0,,0.9999242033585534,7.579664147090269e-05,6.912801829182467e-05,0,0,5644743,5644846,103.42397212982178,0,51,347,25704.51815126218,252531082.50954458
881,19481600,5654200,3.4455095327367267,293.26462500000616,63.35268552250245,9.287450722733245,0.0,,0.9999244529690341,7.55470309649101e-05,6.789939490340342e-05,0,0,5644487,5644714,227.32797241210938,0,50,347,26093.34079784596,254279070.64507493
882,19481600,5654456,3.445353540641222,299.0014169999995,62.13716894358407,9.287871222076216,0.0,,0.9999239484499124,7.605155010119026e-05,6.714748118268708e-05,0,0,5644743,5644838,95.23197269439697,0,53,347,25914.098378288647,255123693.74247053
883,19481600,5654209,3.4455040484000503,301.1051249999923,61.70303996818544,9.287465505913271,0.0,,0.9999448756334407,5.512436656532747e-05,6.701705707692257e-05,0,0,5644487,5644706,219.13597297668457,0,89,347,26606.655137686357,256948464.42580062
884,19481600,5654463,3.4453492754307526,311.87074999996867,59.57308135662567,9.287882720105126,0.0,,0.999940587059095,5.941294091770743e-05,6.752806444344808e-05,0,0,5644743,5644830,87.03997325897217,0,52,347,25532.057865934126,257352328.67005676
885,19481600,5654206,3.4455058765103357,328.8367499999936,56.49946839123171,9.287460578186597,0.0,,0.9999378187176241,6.218128240167827e-05,6.869826955501085e-05,0,0,5644487,5644697,210.94397354125977,0,50,347,25694.182524903863,253821174.9803551
886,19481600,5654456,3.445353540641222,299.2180409999605,62.09218368120541,9.287871222076216,0.0,,0.9999265284743446,7.34715256755195e-05,6.774702511383351e-05,0,0,5644743,5644821,78.84797382354736,0,51,347,25862.349060816006,255598212.97606194
887,19481600,5654205,3.445506485880862,314.3468339999913,59.103829124299416,9.287458935611038,0.0,,0.9999344630879428,6.55369120760878e-05,7.014269711207726e-05,0,0,5644487,5644689,202.75197410583496,0,52,347,26310.758187693755,253570110.49384534
888,19481600,5654465,3.4453480568011297,293.92470900000944,63.21041067186836,9.287886005256242,0.0,,0.999937135791123,6.286420888483232e-05,6.727968127805835e-05,0,0,5644743,5644813,70.65597438812256,0,90,347,26039.303042316376,254341519.38192979
889,19481600,5654203,3.4455077046225613,290.49812499999916,63.95601197942346,9.287455650459922,0.0,,0.9999329153568066,6.708464322318679e-05,6.849598332245792e-05,0,0,5644487,5644681,194.55997467041016,0,89,347,25200.262860641407,255125848.17212752
890,19481600,5654462,3.4453498847458874,320.9150409999779,57.894143897422616,9.287881077529565,0.0,,0.9999325397326941,6.746026730809202e-05,6.780218238778937e-05,0,0,5644743,5644805,62.463974952697754,0,51,347,25318.520840664856,254544531.0138698
891,19481600,5654199,3.4455101421085463,273.49299999997356,67.93264018640987,9.287449080157687,0.0,,0.9999237456926612,7.625430735253023e-05,6.905147139480692e-05,0,0,5644487,5644673,186.36797523498535,0,52,347,25811.406543988094,248017039.06758815
892,19481600,5654460,3.4453511033768036,278.6036659999809,66.68649350257033,9.287877792378449,0.0,,0.999932304353009,6.769564699941977e-05,6.605439258478968e-05,0,0,5644743,5644797,54.27197551727295,0,90,347,26312.281415918107,249742887.4758038
893,19481600,5654205,3.445506485880862,326.0772919999795,56.977600152853235,9.287458935611038,0.0,,0.9999309584154713,6.904158454679797e-05,6.694437338281794e-05,0,0,5644487,5644665,178.17597579956055,0,52,347,26654.856963694616,248186345.91001183
894,19481600,5654465,3.4453480568011297,350.7755840000186,52.96577757960205,9.287886005256242,0.0,,0.999928213233556,7.178676646079654e-05,6.987692617369342e-05,0,0,5644743,5644789,46.079976081848145,0,90,347,26667.266619156762,245601628.19900605
895,19481600,5654207,3.445505267140025,318.65537499999164,58.30468594010218,9.287462220762155,0.0,,0.9999340214813919,6.597851860484736e-05,6.896381675740898e-05,0,0,5644487,5644656,169.98397636413574,0,50,347,26646.50924440845,245121792.7242759
896,19481600,5654459,3.4453517126925846,352.4652920000335,52.7118612362497,9.28787614980289,0.0,,0.9999243178643439,7.568213567100515e-05,6.915800304261594e-05,0,0,5644743,5644780,37.88797664642334,0,90,347,26964.681660437105,245595119.9710067
897,19481600,5654206,3.4455058765103357,275.5271660000176,67.4311060946303,9.287460578186597,0.0,,0.9999315512179514,6.844878206210576e-05,6.920998087293841e-05,0,0,5644487,5644648,161.79197692871094,0,50,347,27304.688054829985,247032765.0424643
898,19481600,5654462,3.4453498847458874,359.2245000000389,51.72002901388404,9.287881077529565,0.0,,0.9999310377404352,6.896225958408732e-05,6.987601691736129e-05,0,0,5644743,5644772,29.695977210998535,0,51,347,27869.26717237504,246925852.28574783
899,19481600,5654206,3.4455058765103357,317.980083000009,58.42850717948732,9.287460578186597,0.0,,0.999925662617981,7.433738206564441e-05,6.858633682723046e-05,0,0,5644487,5644640,153.59997749328613,0,50,347,27660.027718597994,248237497.50329
900,19481600,5654456,3.445353540641222,282.78154100001984,65.70125297711245,9.287871222076216,0.0,,0.9999243986304209,7.560136960265161e-05,6.695538311884661e-05,0,0,5644743,5644764,21.50397777557373,0,51,347,28019.15457967614,250083585.1620222
901,19481600,5654205,3.445506485880862,320.74020799996106,57.925701546287755,9.287458935611038,0.0,,0.9999320768451377,6.792315489103592e-05,6.336017729343214e-05,0,0,5644487,5644632,145.40797805786133,0,52,347,27526.510390255095,253121532.28207192
902,19481600,5654456,3.445353540641222,307.60979199999383,60.398277446578724,9.287871222076216,0.0,,0.9999296939221719,7.0306077846421e-05,6.855828776443349e-05,0,0,5644743,5644756,13.311978340148926,0,51,347,27489.02141022035,237783863.1345264
903,19481600,5654210,3.4455034390303863,288.31695900004206,64.43984990316608,9.287467148488831,0.0,,0.9999458297229361,5.417027707098556e-05,6.676358094841821e-05,0,0,5644487,5644624,137.21597862243652,0,89,347,27729.327650388328,241054358.1119999
904,19481600,5654462,3.4453498847458874,278.0497079999691,66.81935289966952,9.287881077529565,0.0,,0.9999355974749904,6.44025250141559e-05,6.752685147522215e-05,0,0,5644743,5644748,5.119978904724121,0,51,347,26128.371924347757,244955472.43626496
905,19481600,5654210,3.4455034390303863,303.3723749999808,61.24190299957659,9.287467148488831,0.0,,0.9999385750865278,6.142491349560087e-05,6.859882635893494e-05,0,0,5644487,5644616,129.02397918701172,0,89,347,25546.99976810729,247091902.95643148
906,19481600,5654200,3.4455095327367267,291.64054200003875,63.7054829040111,9.287450722733245,0.0,,0.9999225532212714,7.744677876445378e-05,6.808385737906991e-05,0,0,5644487,5644739,252.92797946929932,0,50,347,24685.921310728754,250854404.61326584
907,19481600,5654462,3.4453498847458874,293.36704100001043,63.33056876181036,9.287881077529565,0.0,,0.9999294127804333,7.058721960849132e-05,6.777973930972533e-05,0,0,5644743,5644863,120.83197975158691,0,53,347,24777.818639511588,245026939.02928188
908,19481600,5654209,3.4455040484000503,280.31974999998965,66.27824676106727,9.287465505913271,0.0,,0.9999434450305517,5.655496944966463e-05,6.666880617636363e-05,0,0,5644487,5644731,244.7359800338745,0,89,347,25178.315186077503,245922207.9005945
909,19481600,5654462,3.4453498847458874,353.07766699997956,52.62043821792069,9.287881077529565,0.0,,0.9999410054601614,5.899453986037824e-05,6.800271986205345e-05,0,0,5644743,5644855,112.63998031616211,0,51,347,24181.793259015878,247059234.2560702
910,19481600,5654208,3.4455046577699298,294.4133750000333,63.105494315595884,9.287463863337713,0.0,,0.9999332507155414,6.674928447851783e-05,6.795147458769162e-05,0,0,5644487,5644723,236.5439805984497,0,50,347,23515.391129889387,251325072.40211937
911,19481600,5654462,3.4453498847458874,303.80358300004673,61.15497842070263,9.287881077529565,0.0,,0.9999299459541612,7.005404585726225e-05,6.776081931785055e-05,0,0,5644743,5644847,104.4479808807373,0,51,347,23864.229778703662,252609224.0863503
912,19481600,5654205,3.445506485880862,311.061790999986,59.72800935393842,9.287458935611038,0.0,,0.9999409596092675,5.9040390730339296e-05,6.655356732429277e-05,0,0,5644487,5644715,228.3519811630249,0,52,347,24172.34669936718,249523531.78066304
913,19481600,5654460,3.4453511033768036,279.66320800004496,66.43384267585536,9.287877792378449,0.0,,0.9999416807058192,5.831929418234255e-05,6.9105957435463e-05,0,0,5644743,5644839,96.2559814453125,0,52,347,24519.55220657296,249927437.96502915
914,19481600,5654210,3.4455034390303863,294.2832499999781,63.1333980527311,9.287467148488831,0.0,,0.9999459185306606,5.4081469378651445e-05,6.69648687377306e-05,0,0,5644487,5644707,220.1599817276001,0,89,347,24350.948640787057,250423086.73119688
915,19481600,5654462,3.4453498847458874,314.515125000014,59.07220380100694,9.287881077529565,0.0,,0.9999231117413878,7.688825862886641e-05,6.917017616748882e-05,0,0,5644743,5644831,88.0639820098877,0,51,347,23730.957289081412,251361104.50024527
916,19481600,5654200,3.4455095327367267,288.4832080000024,64.40271408275468,9.287450722733245,0.0,,0.999933888188323,6.611181170562077e-05,6.882854788087973e-05,0,0,5644487,5644698,211.9679822921753,0,52,347,24111.96344608511,248865192.8644613
917,19481600,5654465,3.4453480568011297,317.03737499998397,58.60224386005259,9.287886005256242,0.0,,0.9999482922020685,5.170779792982034e-05,6.786064104084031e-05,0,0,5644743,5644822,79.87198257446289,0,51,347,24561.635930490724,249503716.87145653
918,19481600,5654205,3.445506485880862,317.8099170000337,58.4597917455736,9.287458935611038,0.0,,0.999932330234438,6.766976559240746e-05,6.895190561217489e-05,0,0,5644487,5644690,203.7759828567505,0,52,347,24201.455209973195,247041336.39176288
919,19481600,5654461,3.4453504940612376,301.478459000009,61.62663038721265,9.287879434954007,0.0,,0.9999368367173226,6.316328270753827e-05,6.819264528440442e-05,0,0,5644743,5644814,71.67998313903809,0,53,347,24325.644685458166,246348424.7848333
920,19481600,5654209,3.4455040484000503,309.88550000000714,59.95473025520578,9.287465505913271,0.0,,0.9999314136356667,6.858636432186643e-05,6.866097543957241e-05,0,0,5644487,5644682,195.58398342132568,0,50,347,24370.870366588704,247822293.83684933
921,19481600,5654459,3.4453517126925846,328.69720799999413,56.523454140505905,9.28787614980289,0.0,,0.9999435264277592,5.647357224936003e-05,6.971004330219603e-05,0,0,5644743,5644806,63.48798370361328,0,90,347,25066.19592852196,248340213.59462985
922,19481600,5654199,3.4455101421085463,323.34841599998754,57.45845856409179,9.287449080157687,0.0,,0.9999238449358572,7.615506415528156e-05,6.886825761253439e-05,0,0,5644487,5644674,187.39198398590088,0,52,347,25234.940152618805,248753781.3876132
923,19481600,5654465,3.4453480568011297,287.62287500001094,64.59535446372023,9.287886005256242,0.0,,0.999934129338418,6.587066159095313e-05,6.760884641202159e-05,0,0,5644743,5644798,55.29598426818848,0,90,347,25557.659410375047,252460252.29093957
924,19481600,5654203,3.4455077046225613,279.05779200000325,66.57797092617928,9.287455650459922,0.0,,0.9999208789965013,7.912100350545593e-05,6.96303583449872e-05,0,0,5644487,5644666,179.19998455047607,0,89,347,25233.55003767038,245048308.70592642
925,19481600,5654456,3.445353540641222,301.6990000000419,61.58158151832595,9.287871222076216,0.0,,0.99992041579243,7.958420758637078e-05,6.791402532394502e-05,0,0,5644743,5644790,47.10398483276367,0,53,347,25191.027008175955,245459492.13491276
926,19481600,5654200,3.4455095327367267,282.26083300000937,65.8224570693426,9.287450722733245,0.0,,0.9999203614178918,7.963858212321912e-05,6.890474028573743e-05,0,0,5644487,5644658,171.00798511505127,0,50,347,25196.22103568694,242671336.32515192
927,19481600,5654461,3.4453504940612376,291.31291699997064,63.77712925960599,9.287879434954007,0.0,,0.9999290827258855,7.091727412836326e-05,6.852879619132785e-05,0,0,5644743,5644781,38.91198539733887,0,53,347,24674.7560732223,245017859.15106186
928,19481600,5654205,3.445506485880862,285.305625000035,65.11999741504474,9.287458935611038,0.0,,0.9999277483093935,7.225169063323456e-05,6.72926220895438e-05,0,0,5644487,5644649,162.81598567962646,0,52,347,25030.30797948243,247025270.0400544
929,19481600,5654461,3.4453504940612376,305.54870800000344,60.80569505304467,9.287879434954007,0.0,,0.9999294282735229,7.057172650502637e-05,6.814993772388487e-05,0,0,5644743,5644773,30.719985961914062,0,53,347,25357.93807852562,245343036.5964494
930,19481600,5654203,3.4455077046225613,305.4914159999953,60.81709858093127,9.287455650459922,0.0,,0.9999326069018295,6.73930981846984e-05,6.861408437713302e-05,0,0,5644487,5644641,154.62398624420166,0,89,347,25637.783950893558,242683731.30541295
931,19481600,5654462,3.4453498847458874,278.6479159999544,66.67590351726527,9.287881077529565,0.0,,0.9999471937095985,5.2806290427147876e-05,6.784394287334602e-05,0,0,5644743,5644765,22.527986526489258,0,50,347,25509.447969340148,245673375.52148855
932,19481600,5654207,3.445505267140025,284.4631660000232,65.31285517119811,9.287462220762155,0.0,,0.9999320250117547,6.797498827372789e-05,6.721041505424652e-05,0,0,5644487,5644633,146.43198680877686,0,50,347,25152.458179961122,244453494.07275844
933,19481600,5654466,3.4453474474866415,274.78937500001166,67.61215408164603,9.2878876478318,0.0,,0.9999395463583688,6.045364163830673e-05,6.84249698776284e-05,0,0,5644743,5644757,14.335987091064453,0,90,347,25453.08985720424,245236266.99805662
934,19481600,5654206,3.4455058765103357,330.7676250000213,56.169649500911106,9.287460578186597,0.0,,0.9999272509523589,7.274904764418966e-05,6.874586537050467e-05,0,0,5644487,5644625,138.23998737335205,0,50,347,25001.76815156058,251261878.9343979
935,19481600,5654462,3.4453498847458874,296.2960419999945,62.70452158959432,9.287881077529565,0.0,,0.9999237696263172,7.623037370599725e-05,6.936038818163457e-05,0,0,5644743,5644749,6.143987655639648,0,51,347,25121.434655836267,253470949.52893004
936,19481600,5654208,3.4455046577699298,282.26962499996944,65.82040686277176,9.287463863337713,0.0,,0.9999291679013302,7.083209869558441e-05,6.656766597983354e-05,0,0,5644487,5644617,130.04798793792725,0,50,347,25357.911737423583,255656850.5144698
937,19481600,5654203,3.4455077046225613,279.20666699998264,66.5424710739488,9.287455650459922,0.0,,0.9999275408140579,7.245918596544802e-05,6.800353705234442e-05,0,0,5644487,5644740,253.95198822021484,0,89,347,25827.746645192023,248392135.7431676
938,19481600,5654462,3.4453498847458874,294.6979999999826,63.04454581470216,9.287881077529565,0.0,,0.9999309250120838,6.907498793592237e-05,6.88281247312337e-05,0,0,5644743,5644864,121.85598850250244,0,55,347,25944.3357991488,251768982.23650512
939,19481600,5654209,3.4455040484000503,271.4197919999606,68.45153562899606,9.287465505913271,0.0,,0.9999320126458051,6.798735422128853e-05,6.909962248442772e-05,0,0,5644487,5644732,245.75998878479004,0,89,347,26444.100625911404,248094328.74504262
940,19481600,5654464,3.4453486661158332,309.599583000022,60.01009879428255,9.287884362680684,0.0,,0.9999401818873629,5.981811265692839e-05,6.816441578428906e-05,0,0,5644743,5644856,113.66398906707764,0,51,347,25770.89131856922,249970143.17908382
941,19481600,5654207,3.445505267140025,295.8504169999969,62.79897034081312,9.287462220762155,0.0,,0.9999318395306126,6.816046942311554e-05,7.015242500093997e-05,0,0,5644487,5644724,237.56798934936523,0,52,347,24957.508673076238,257987500.68510962
942,19481600,5654460,3.4453511033768036,284.583208000015,65.28530510661409,9.287877792378449,0.0,,0.9999204127296556,7.958727037716206e-05,6.788018851298903e-05,0,0,5644743,5644848,105.47198963165283,0,90,347,25209.24885567753,261189387.77606747
943,19481600,5654199,3.4455101421085463,280.7662499999992,66.1728450713006,9.287449080157687,0.0,,0.9999208801235056,7.911987651607974e-05,6.690922044777864e-05,0,0,5644487,5644716,229.37598991394043,0,52,347,25763.690190994144,262755121.32149565
944,19481600,5654456,3.445353540641222,294.25537499997745,63.13937871993476,9.287871222076216,0.0,,0.9999214861526288,7.851384735572289e-05,6.755360832422767e-05,0,0,5644743,5644840,97.27999019622803,0,51,347,26393.873034725573,266498456.98738974
945,19481600,5654205,3.445506485880862,280.66724999996495,66.19618627574938,9.287458935611038,0.0,,0.9999373480127453,6.265198725572364e-05,6.843656824820582e-05,0,0,5644487,5644708,221.18399047851562,0,52,347,26667.913105838015,271569588.309406
946,19481600,5654463,3.4453492754307526,293.8261670000202,63.231609873938574,9.287882720105126,0.0,,0.9999396201261671,6.0379873863606747e-05,6.847422301040745e-05,0,0,5644743,5644832,89.08799076080322,0,51,347,26972.05309507854,266645566.06479284
947,19481600,5654204,3.445507095251604,322.60641700003134,57.59061377411533,9.28745729303548,0.0,,0.9999250340305234,7.4965969496299e-05,6.868937095112312e-05,0,0,5644487,5644699,212.99199104309082,0,51,347,26782.310141225775,269345891.50813836
948,19481600,5654463,3.4453492754307526,280.4359579999982,66.25078215718727,9.287882720105126,0.0,,0.9999370481781031,6.295182189834462e-05,6.693095218803484e-05,0,0,5644743,5644823,80.89599132537842,0,51,347,26735.389760003574,270521152.59550864
949,19481600,5654205,3.445506485880862,311.047292000012,59.73079348493181,9.287458935611038,0.0,,0.9999240630365922,7.593696343301299e-05,6.82806501800643e-05,0,0,5644487,5644691,204.79999160766602,0,52,347,26555.551677100957,268275022.30687204
950,19481600,5654462,3.4453498847458874,303.25275000001284,61.26606127231893,9.287881077529565,0.0,,0.9999313097217386,6.869027826260254e-05,6.885497964383048e-05,0,0,5644743,5644815,72.70399188995361,0,51,347,26999.691508494358,269549499.1504042
951,19481600,5654199,3.4455101421085463,310.99212500004114,59.74138915092317,9.287449080157687,0.0,,0.9999337513171507,6.624868287677715e-05,6.645029009305239e-05,0,0,5644487,5644683,196.6079921722412,0,52,347,26935.53142191358,268001692.9252989
952,19481600,5654456,3.445353540641222,284.97295899995834,65.19601588760818,9.287871222076216,0.0,,0.9999285003407639,7.14996592611795e-05,6.719610485272966e-05,0,0,5644743,5644807,64.51199245452881,0,50,347,27119.19499579751,267497314.6504182
953,19481600,5654209,3.4455040484000503,323.00370799998745,57.519777954068324,9.287465505913271,0.0,,0.9999339468158163,6.605318421153973e-05,6.839250548599862e-05,0,0,5644487,5644675,188.4159927368164,0,89,347,27254.951773276553,267882030.81472516
954,19481600,5654462,3.4453498847458874,279.1275829999904,66.56132426189008,9.287881077529565,0.0,,0.9999249178856858,7.508211434241127e-05,6.892195087477975e-05,0,0,5644743,5644799,56.319993019104004,0,51,347,26727.113613653666,271061077.4671604
955,19481600,5654205,3.445506485880862,285.0233340000159,65.1844931492485,9.287458935611038,0.0,,0.9999306845686746,6.931543132315735e-05,6.700347695054333e-05,0,0,5644487,5644667,180.2239933013916,0,89,347,26754.028625704217,273966280.80381805
956,19481600,5654462,3.4453498847458874,315.08483400000387,58.965394578463815,9.287881077529565,0.0,,0.999921763281994,7.82367180005916e-05,6.830516222735245e-05,0,0,5644743,5644791,48.1279935836792,0,51,347,27121.343119094687,275106860.1935388
957,19481600,5654206,3.4455058765103357,271.1271250000209,68.52542534244247,9.287460578186597,0.0,,0.9999271103073882,7.288969262093507e-05,6.751027879957653e-05,0,0,5644487,5644659,172.0319938659668,0,50,347,26907.304326019657,275145746.145018
958,19481600,5654465,3.4453480568011297,293.1847080000125,63.36995435143639,9.287886005256242,0.0,,0.9999249525213197,7.504747867915479e-05,7.02884019152964e-05,0,0,5644743,5644782,39.935994148254395,0,90,347,27187.282954927217,262837146.73046923
959,19481600,5654210,3.4455034390303863,293.70079199998145,63.2586021848425,9.287467148488831,0.0,,0.9999504602449875,4.9539755025626744e-05,6.711158183314152e-05,0,0,5644487,5644650,163.839994430542,0,89,347,27178.686082428812,262964215.3886774
960,19481600,5654462,3.4453498847458874,277.84216700001707,66.86926524906804,9.287881077529565,0.0,,0.9999394946513112,6.0505348716659956e-05,6.936318820210756e-05,0,0,5644743,5644774,31.74399471282959,0,90,347,26453.6292323186,269995091.5491559
961,19481600,5654205,3.445506485880862,289.7626670000477,64.11834124406697,9.287458935611038,0.0,,0.9999263064489659,7.369355104058382e-05,6.858559692922204e-05,0,0,5644487,5644642,155.6479949951172,0,52,347,26150.28695510344,275284578.25606537
962,19481600,5654461,3.4453504940612376,295.02045899999985,62.97563777602288,9.287879434954007,0.0,,0.9999220241538225,7.7975846202291e-05,6.95754060127322e-05,0,0,5644743,5644766,23.551995277404785,0,53,347,26753.309271634647,273847407.38736916
963,19481600,5654206,3.4455058765103357,305.2260419999584,60.86997505443042,9.287460578186597,0.0,,0.9999265494915659,7.345050844211795e-05,6.886774350056598e-05,0,0,5644487,5644634,147.45599555969238,0,50,347,27082.631786747737,275685360.05255234
964,19481600,5654465,3.4453480568011297,291.61849999997,63.71029808637624,9.287886005256242,0.0,,0.9999484373900532,5.156260995715587e-05,6.549921240987637e-05,0,0,5644743,5644758,15.35999584197998,0,51,347,26736.494168601323,274645500.865368
965,19481600,5654205,3.445506485880862,287.9178329999945,64.52917962361975,9.287458935611038,0.0,,0.9999358944657243,6.410553428189322e-05,6.742369286590321e-05,0,0,5644487,5644626,139.26399612426758,0,51,347,25770.184780585143,279968691.6089562
966,19481600,5654459,3.4453517126925846,279.1947500000447,66.54531133732647,9.28787614980289,0.0,,0.9999204720238195,7.952797621374785e-05,6.879492958383068e-05,0,0,5644743,5644750,7.167996406555176,0,90,347,25546.954258890713,281635862.4426655
967,19481600,5654205,3.445506485880862,300.94429199999695,61.73601578892943,9.287458935611038,0.0,,0.9999244515549561,7.554844505313512e-05,6.884117116106823e-05,0,0,5644487,5644618,131.07199668884277,0,52,347,26087.61238416768,278550471.4420773
968,19481600,5654203,3.4455077046225613,283.88312499998847,65.44630492742658,9.287455650459922,0.0,,0.9999380805554776,6.191944452696289e-05,6.960757025318168e-05,0,0,5644487,5644741,254.97599697113037,0,89,347,26321.707455277672,271217275.9406555
969,19481600,5654463,3.4453492754307526,305.37241700000095,60.84079808196934,9.287882720105126,0.0,,0.999942426018972,5.7573981040975554e-05,6.725271131273984e-05,0,0,5644743,5644865,122.87999725341797,0,51,347,26623.06053339574,276086655.9577103
970,19481600,5654210,3.4455034390303863,279.85995799997454,66.38713767870175,9.287467148488831,0.0,,0.9999556273290009,4.437267100332201e-05,6.628704169639758e-05,0,0,5644487,5644733,246.78399753570557,0,89,347,26666.766145555095,273845756.25922555
971,19481600,5654456,3.445353540641222,293.78837500001964,63.239743786658536,9.287871222076216,0.0,,0.9999362275033125,6.377249670283271e-05,6.755327191173157e-05,0,0,5644743,5644857,114.68799781799316,0,51,347,25565.326217955244,275855976.8173376
972,19481600,5654206,3.4455058765103357,274.52812500001755,67.67649603296132,9.287460578186597,0.0,,0.999927574956429,7.242504359642915e-05,6.848253876576406e-05,0,0,5644487,5644725,238.59199810028076,0,50,347,25629.390886097008,279291422.50446326
973,19481600,5654462,3.4453498847458874,272.4055000000476,68.20384156155714,9.287881077529565,0.0,,0.9999451889704987,5.4811029510388214e-05,6.879759123821553e-05,0,0,5644743,5644849,106.49599838256836,0,51,347,26194.963702441462,270938252.64726555
974,19481600,5654209,3.4455040484000503,322.217500000022,57.660125730286936,9.287465505913271,0.0,,0.9999348040588737,6.519594113932286e-05,6.808181472284541e-05,0,0,5644487,5644717,230.39999866485596,0,89,347,26401.405820157997,274812874.7928696
975,19481600,5654461,3.4453504940612376,282.4547499999994,65.77726719943651,9.287879434954007,0.0,,0.9999230933535475,7.690664647659659e-05,6.862390555041944e-05,0,0,5644743,5644841,98.30399894714355,0,53,347,26045.5977142902,277072669.3996327
976,19481600,5654200,3.4455095327367267,282.39249999995764,65.79176699984167,9.287450722733245,0.0,,0.9999222623883713,7.773761166402326e-05,6.819815110615106e-05,0,0,5644487,5644709,222.20799922943115,0,50,347,26224.476346302108,277146278.6926636
977,19481600,5654467,3.4453468381723686,274.44458399997984,67.69709677528694,9.287889290407358,0.0,,0.9999282666068005,7.173339322502792e-05,6.910943404858316e-05,0,0,5644743,5644833,90.11199951171875,0,90,347,26774.547226621722,279871320.1355808
978,19481600,5654207,3.445505267140025,297.8520830000093,62.37694017570264,9.287462220762155,0.0,,0.9999386985098607,6.130149014229394e-05,6.874283506295063e-05,0,0,5644487,5644701,214.01599979400635,0,50,347,26383.406693900495,281179008.1784402
979,19481600,5654463,3.4453492754307526,302.6350829999842,61.391103035139416,9.287882720105126,0.0,,0.9999318921419017,6.810785813415566e-05,6.921595148926113e-05,0,0,5644743,5644824,81.92000007629395,0,53,347,26167.104588100246,284622446.09146136
980,19481600,5654206,3.4455058765103357,318.00741700004664,58.42348501732359,9.287460578186597,0.0,,0.9999240914276877,7.590857234123978e-05,6.927925960619164e-05,0,0,5644487,5644692,205.82400035858154,0,50,347,26243.853819592005,283629704.27039427
981,19481600,5654462,3.4453498847458874,349.4561669999712,53.16575672994643,9.287881077529565,0.0,,0.9999263768161828,7.362318383341886e-05,6.46310637384797e-05,0,0,5644743,5644816,73.72800064086914,0,51,347,26330.240257453195,285105655.56542677
982,19481600,5654204,3.445507095251604,350.2133750000098,53.05080527692433,9.28745729303548,0.0,,0.9999314553408857,6.854465912462458e-05,6.614758691280739e-05,0,0,5644487,5644684,197.63200092315674,0,89,347,26617.298772229857,283882759.1974153
983,19481600,5654460,3.4453511033768036,310.26074999999764,59.882217014237675,9.287877792378449,0.0,,0.9999355332414873,6.446675854247085e-05,6.925223532504938e-05,0,0,5644743,5644808,65.53600120544434,0,52,347,27049.251337059253,284510858.86152554
984,19481600,5654205,3.445506485880862,336.95233299999927,55.13866426471675,9.287458935611038,0.0,,0.9999277128898141,7.22871101685592e-05,6.873200230475046e-05,0,0,5644487,5644676,189.44000148773193,0,52,347,26903.370169890954,283574988.2719862
985,19481600,5654456,3.445353540641222,284.27691600001026,65.35564626182777,9.287871222076216,0.0,,0.9999257795833538,7.422041667659715e-05,6.775743548430095e-05,0,0,5644743,5644800,57.34400177001953,0,51,347,27302.704101077703,283100890.50845194
986,19481600,5654200,3.4455095327367267,297.3627499999907,62.47958617042848,9.287450722733245,0.0,,0.9999242065670492,7.579343297522196e-05,6.823120057393721e-05,0,0,5644487,5644668,181.24800205230713,0,50,347,27762.856865368147,286286851.6290856
987,19481600,5654462,3.4453498847458874,303.8341249999803,61.14883100277562,9.287881077529565,0.0,,0.9999256848416209,7.431515840474697e-05,6.783283175717119e-05,0,0,5644743,5644792,49.15200233459473,0,51,347,28110.35015874768,286786499.32952815
988,19481600,5654206,3.4455058765103357,312.6237079999896,59.42959886618905,9.287460578186597,0.0,,0.9999265491158021,7.345088423688381e-05,6.864693432574791e-05,0,0,5644487,5644660,173.05600261688232,0,50,347,27856.509691818057,285283728.5332433
989,19481600,5654460,3.4453511033768036,289.04066600000533,64.27850385073378,9.287877792378449,0.0,,0.9999236212020813,7.637879793415249e-05,6.804668476008816e-05,0,0,5644743,5644783,40.96000289916992,0,90,347,28124.24857723958,285073516.94737023
990,19481600,5654199,3.4455101421085463,315.1522919999934,58.952773100886695,9.287449080157687,0.0,,0.9999322340649617,6.776593504885011e-05,6.683062754959993e-05,0,0,5644487,5644651,164.86400318145752,0,52,347,28100.661248261567,275233485.5272066
991,19481600,5654462,3.4453498847458874,288.8771250000559,64.31489361608817,9.287881077529565,0.0,,0.9999480102676181,5.198973239509325e-05,6.849251457002542e-05,0,0,5644743,5644775,32.76800346374512,0,53,347,28191.03176206829,276599061.05448014
992,19481600,5654205,3.445506485880862,272.5305420000268,68.17254839091822,9.287458935611038,0.0,,0.999924618147123,7.538185288713193e-05,6.859952608021156e-05,0,0,5644487,5644643,156.67200374603271,0,52,347,27411.870749912396,278689651.33308613
993,19481600,5654465,3.4453480568011297,292.173417000015,63.58929485531891,9.287886005256242,0.0,,0.9999357096783514,6.42903216841887e-05,6.611238032624437e-05,0,0,5644743,5644767,24.576004028320312,0,90,347,27864.916115826294,271997830.49552083
994,19481600,5654206,3.4455058765103357,314.1145420000271,59.147537214301906,9.287460578186597,0.0,,0.9999303741978015,6.962580221505026e-05,6.780822768383104e-05,0,0,5644487,5644635,148.4800043106079,0,50,347,28075.55568835878,274463018.80684406
995,19481600,5654457,3.445352931324794,306.14816600001404,60.6866335514783,9.287872864651774,0.0,,0.999927521191367,7.247880864448787e-05,6.826782638474141e-05,0,0,5644743,5644759,16.384004592895508,0,51,347,28547.65398678736,276799580.62587297
996,19481600,5654206,3.4455058765103357,318.9395830000308,58.25273046305515,9.287460578186597,0.0,,0.9999236867385988,7.631326141216409e-05,6.703810193508734e-05,0,0,5644487,5644627,140.2880048751831,0,50,347,28657.32328375628,283356033.11028266
997,19481600,5654462,3.4453498847458874,300.8490839999922,61.7555530350243,9.287881077529565,0.0,,0.9999222327984695,7.776720155454367e-05,6.987677686482898e-05,0,0,5644743,5644751,8.192005157470703,0,51,347,28342.67700502455,278783897.2032915
998,19481600,5654206,3.4455058765103357,298.8956659999644,62.15915343015449,9.287460578186597,0.0,,0.9999363585989013,6.364140111417778e-05,6.75020229433849e-05,0,0,5644487,5644619,132.0960054397583,0,50,347,28569.577959820523,274422049.41243005
999,19481600,5654464,3.4453486661158332,309.1064999999844,60.10582618774092,9.287884362680684,0.0,,0.9999331377258186,6.686227420406367e-05,6.716077585450807e-05,0,0,5644743,5644743,5.7220458984375e-06,0,92,347,28967.571891158776,280804766.58337
