step,tensor_name,rows,columns,values,energy,temporal_previous_r2,temporal_oracle_scalar_r2,shared_basis_layers,tensorization_shape,oracle_rank8_scalar_entropy_bpv,oracle_rank8_quantized_relative_sse,causal_rank8_scalar_entropy_bpv,causal_rank8_quantized_relative_sse,self_rank1_energy_fraction,self_rank1_gaussian_residual_bpv,self_rank1_fp16_factor_bpv,causal_rank1_left_energy_fraction,causal_rank1_right_energy_fraction,causal_rank1_two_sided_energy_fraction,causal_rank1_gaussian_residual_bpv,causal_rank1_fp16_core_bpv,shared_causal_rank1_two_sided_energy_fraction,kronecker_rank1_energy_fraction,tt_rank1_energy_fraction,tt_rank1_parameters,tt_rank1_fp16_factor_bpv,self_rank2_energy_fraction,self_rank2_gaussian_residual_bpv,self_rank2_fp16_factor_bpv,causal_rank2_left_energy_fraction,causal_rank2_right_energy_fraction,causal_rank2_two_sided_energy_fraction,causal_rank2_gaussian_residual_bpv,causal_rank2_fp16_core_bpv,shared_causal_rank2_two_sided_energy_fraction,kronecker_rank2_energy_fraction,tt_rank2_energy_fraction,tt_rank2_parameters,tt_rank2_fp16_factor_bpv,self_rank4_energy_fraction,self_rank4_gaussian_residual_bpv,self_rank4_fp16_factor_bpv,causal_rank4_left_energy_fraction,causal_rank4_right_energy_fraction,causal_rank4_two_sided_energy_fraction,causal_rank4_gaussian_residual_bpv,causal_rank4_fp16_core_bpv,shared_causal_rank4_two_sided_energy_fraction,kronecker_rank4_energy_fraction,tt_rank4_energy_fraction,tt_rank4_parameters,tt_rank4_fp16_factor_bpv,self_rank8_energy_fraction,self_rank8_gaussian_residual_bpv,self_rank8_fp16_factor_bpv,causal_rank8_left_energy_fraction,causal_rank8_right_energy_fraction,causal_rank8_two_sided_energy_fraction,causal_rank8_gaussian_residual_bpv,causal_rank8_fp16_core_bpv,shared_causal_rank8_two_sided_energy_fraction,kronecker_rank8_energy_fraction,tt_rank8_energy_fraction,tt_rank8_parameters,tt_rank8_fp16_factor_bpv,self_rank16_energy_fraction,self_rank16_gaussian_residual_bpv,self_rank16_fp16_factor_bpv,causal_rank16_left_energy_fraction,causal_rank16_right_energy_fraction,causal_rank16_two_sided_energy_fraction,causal_rank16_gaussian_residual_bpv,causal_rank16_fp16_core_bpv,shared_causal_rank16_two_sided_energy_fraction,kronecker_rank16_energy_fraction,tt_rank16_energy_fraction,tt_rank16_parameters,tt_rank16_fp16_factor_bpv,self_rank32_energy_fraction,self_rank32_gaussian_residual_bpv,self_rank32_fp16_factor_bpv,causal_rank32_left_energy_fraction,causal_rank32_right_energy_fraction,causal_rank32_two_sided_energy_fraction,causal_rank32_gaussian_residual_bpv,causal_rank32_fp16_core_bpv,shared_causal_rank32_two_sided_energy_fraction,kronecker_rank32_energy_fraction,self_rank64_energy_fraction,self_rank64_gaussian_residual_bpv,self_rank64_fp16_factor_bpv,causal_rank64_left_energy_fraction,causal_rank64_right_energy_fraction,causal_rank64_two_sided_energy_fraction,causal_rank64_gaussian_residual_bpv,causal_rank64_fp16_core_bpv,shared_causal_rank64_two_sided_energy_fraction,kronecker_rank64_energy_fraction,fft_best_0p001_energy_fraction,fft_fixed_low_0p001_energy_fraction,fft_best_0p005_energy_fraction,fft_fixed_low_0p005_energy_fraction,fft_best_0p01_energy_fraction,fft_fixed_low_0p01_energy_fraction,fft_best_0p05_energy_fraction,fft_fixed_low_0p05_energy_fraction
0,position_embedding,256,256,65536,0.0287391977811194,,,0,256x8x32,0.0,0.005804661110535023,,,0.8856021393837734,1.7579940835227206,0.125244140625,,,,,,,0.1765970480564519,0.24372628522079098,296,0.072265625,0.9731785375709407,0.7116939508663712,0.25048828125,,,,,,,0.34602911908021294,0.41155303304325364,608,0.1484375,0.9884772177020299,0.10224455642971322,0.5009765625,,,,,,,0.6109289171165814,0.6377597790523887,1280,0.3125,0.9941953389121961,0.0,1.001953125,,,,,,,0.8658081375061533,0.915081668537383,2816,0.6875,0.99779931743472,0.0,2.00390625,,,,,,,0.9816569338695083,0.9850167738347124,6656,1.625,0.9992600819920205,0.0,4.0078125,,,,,,,0.9981637765579153,0.9998143823614029,0.0,8.015625,,,,,,,0.9995824458080098,0.08309881299144092,0.010656294206735646,0.24749385187256234,0.033597349840700674,0.35872769701613266,0.0592275798708093,0.6530477352616255,0.16166694249652863
0,token_embedding.weight,257,256,65792,0.21282222620552954,,,0,257x8x32,0.0,0.0022221191625746194,,,0.9773674870383382,0.5891983903149505,0.125,,,,,,,,0.24774813322958059,297,0.07222762645914396,0.9931519036594681,0.0,0.25,,,,,,,,0.4105691237629525,610,0.14834630350194553,0.9955617432305485,0.0,0.5,,,,,,,,0.6909677350011745,1284,0.3122568093385214,0.997782219830011,0.0,1.0,,,,,,,,0.9829851501520781,2824,0.6867704280155642,0.9994211166179959,0.0,2.0,,,,,,,,0.9963674316090994,6672,1.622568093385214,0.9999491052843612,0.0,4.0,,,,,,,,0.9999980700168107,0.0,8.0,,,,,,,,0.031679245624308565,0.00951650343958737,0.10077917207717266,0.02713093350652499,0.15381747343834073,0.035246226900415935,0.36576423476652314,0.09056109974381708
0,transformer.layers.0.self_attn.in_proj_weight,768,256,196608,0.022324081488322538,,,0,3x8x32x8x32,0.0,0.00595753601285954,,,0.9362849597180231,1.3358169843490368,0.08341471354166667,,,,,,,0.041630449598180325,0.04685856099302658,83,0.006754557291666667,0.9804994160504867,0.4817586632298261,0.16682942708333334,,,,,,,0.07857232001683566,0.15601118534270114,262,0.021321614583333332,0.9886916762148681,0.08869254839080185,0.3336588541666667,,,,,,,0.14429108488208597,0.4362203275286472,873,0.071044921875,0.9939898007841691,0.0,0.6673177083333334,,,,,,,0.25238878332032144,0.9491993092576791,3017,0.24552408854166666,0.9977543578052847,0.0,1.3346354166666667,,,,,,,0.4227464842602508,0.9877038516401125,11145,0.906982421875,0.9994587816685833,0.0,2.6692708333333335,,,,,,,0.6599060002371578,0.9999124565875146,0.0,5.338541666666667,,,,,,,0.8898838063078204,0.014698556802052742,0.0008590288611788072,0.055740840612592116,0.004633788938533154,0.09560114154462164,0.009315975618578734,0.3012381856124383,0.046058063837154904
0,transformer.layers.0.self_attn.out_proj.weight,256,256,65536,0.11693070705012802,,,0,8x32x8x32,0.0,0.0018095160011943725,,,0.9542503785654662,1.096879902771778,0.125244140625,,,,,,,0.06080295586973475,0.07346307950009016,80,0.01953125,0.9904960895500587,0.0,0.25048828125,,,,,,,0.10178995959834167,0.20941473198507088,240,0.05859375,0.9963042901303868,0.0,0.5009765625,,,,,,,0.1714279001518152,0.5040968620390823,800,0.1953125,0.9981904842568042,0.0,1.001953125,,,,,,,0.2755140989650413,0.9659700999747712,2880,0.703125,0.9993908615254089,0.0,2.00390625,,,,,,,0.42654475006809733,0.9953646732929226,6720,1.640625,0.9998620687589007,0.0,4.0078125,,,,,,,0.6143854265547181,0.9999785114397918,0.0,8.015625,,,,,,,0.8138204911916699,0.021817734853362653,0.0010969770800438037,0.07370556986848646,0.006196381806157085,0.12018882050505615,0.01288234649164753,0.3345071740774068,0.06200519087652502
0,transformer.layers.0.linear1.weight,1024,256,262144,0.08064714230773803,,,0,4x8x32x8x32,0.0,0.002962697994890561,,,0.9694947570601545,0.8045286100798578,0.07818603515625,,,,,,,0.024732215991929846,0.01596720504126536,84,0.005126953125,0.9905142153552983,0.0,0.1563720703125,,,,,,,0.04596439325509396,0.06967936730465991,264,0.01611328125,0.9947165438163363,0.0,0.312744140625,,,,,,,0.08295377641858562,0.2734257083818066,912,0.0556640625,0.9970091102008302,0.0,0.62548828125,,,,,,,0.1434003362120098,0.6040813611471529,3088,0.1884765625,0.9987183035698035,0.0,1.2509765625,,,,,,,0.23978336391346536,0.8841993293947945,11280,0.6884765625,0.999629142713473,0.0,2.501953125,,,,,,,0.38913310852814464,0.9999148644730955,0.0,5.00390625,,,,,,,0.5925731482066267,0.016532029642228874,0.001030110738127016,0.06027364097998295,0.004355305679946787,0.1023254197649082,0.010089401753226727,0.31605669968431505,0.04470169289118309
0,transformer.layers.0.linear2.weight,256,1024,262144,0.096860745749715,,,0,8x32x4x8x32,0.0,0.001251538307482,,,0.977450148918548,0.5865589529984195,0.07818603515625,,,,,,,0.033880236258379944,0.03742014839481301,84,0.005126953125,0.9949078985077575,0.0,0.1563720703125,,,,,,,0.06229015144278541,0.10699558909668648,256,0.015625,0.9976306551570535,0.0,0.312744140625,,,,,,,0.10873779638340825,0.2983823861722377,864,0.052734375,0.9987152453322972,0.0,0.62548828125,,,,,,,0.17538837777431424,0.6397813619248831,3136,0.19140625,0.9994712516071188,0.0,1.2509765625,,,,,,,0.274770317388638,0.8901772928483039,7744,0.47265625,0.9998766143889332,0.0,2.501953125,,,,,,,0.41609896826399423,0.9999807463013151,0.0,5.00390625,,,,,,,0.6072148968006024,0.1375192340073991,0.005556576392012485,0.18304854638554385,0.01597744300349001,0.22239759519929825,0.023041003610133743,0.4062813558260754,0.07711036394567213
0,transformer.layers.1.self_attn.in_proj_weight,768,256,196608,0.017026357193209163,,,0,3x8x32x8x32,0.0,0.0013362370274427387,,,0.9662394799671019,0.8776685634429413,0.08341471354166667,,,,,,,0.049779483867339165,0.05304521420082514,83,0.006754557291666667,0.9954419592880623,0.0,0.16682942708333334,,,,,,,0.09333723368301815,0.17663743614154076,262,0.021321614583333332,0.9975347182791702,0.0,0.3336588541666667,,,,,,,0.16901810158705008,0.4771871010489046,873,0.071044921875,0.9986675248310865,0.0,0.6673177083333334,,,,,,,0.27541892579690197,0.9731142620983662,3017,0.24552408854166666,0.999564773119529,0.0,1.3346354166666667,,,,,,,0.4467012213117984,0.9972770398903222,11145,0.906982421875,0.9999283679947891,0.0,2.6692708333333335,,,,,,,0.672563493694813,0.9999917442494313,0.0,5.338541666666667,,,,,,,0.908612137070517,0.023184466528832742,0.0009374692594743035,0.07529840426938535,0.004990763499109194,0.12154246042643,0.008804078978661915,0.3323841210803965,0.0530395462227763
0,transformer.layers.1.self_attn.out_proj.weight,256,256,65536,0.08365280311466608,,,0,8x32x8x32,0.0,0.0004043852016119123,,,0.9697270176053038,0.7990154058695982,0.125244140625,,,,,,,0.04851369068556994,0.05564784220844489,80,0.01953125,0.9970550368387125,0.0,0.25048828125,,,,,,,0.09435860354682775,0.1850755662360504,240,0.05859375,0.9988953636813633,0.0,0.5009765625,,,,,,,0.16474400247143736,0.46811992112848977,800,0.1953125,0.9995956146859496,0.0,1.001953125,,,,,,,0.2718462469775226,0.9759799224257728,2880,0.703125,0.9999096778046995,0.0,2.00390625,,,,,,,0.4197771271615103,0.9985909868974835,6720,1.640625,0.9999891921969235,0.0,4.0078125,,,,,,,0.6141180332856815,0.9999992063967814,0.0,8.015625,,,,,,,0.8176025756732268,0.017053536797851935,0.001574260955974649,0.06263037421728254,0.00663383903443378,0.1055778619142211,0.01220265101862832,0.3178534557004765,0.04734069639170703
0,transformer.layers.1.linear1.weight,1024,256,262144,0.021762885059972804,,,0,4x8x32x8x32,0.0,0.001369602337978662,,,0.9771903657812544,0.5948216557004525,0.07818603515625,,,,,,,0.025806596953165627,0.017543318924925905,84,0.005126953125,0.9950024554901131,0.0,0.1563720703125,,,,,,,0.04987703004853014,0.07041863162059381,264,0.01611328125,0.9973057986440699,0.0,0.312744140625,,,,,,,0.09150977979930232,0.2586915005630182,912,0.0556640625,0.998630413711629,0.0,0.62548828125,,,,,,,0.15515287111194115,0.6123375948072823,3088,0.1884765625,0.9994829870879318,0.0,1.2509765625,,,,,,,0.25735503091846024,0.8839049323375688,11280,0.6884765625,0.9998622870417614,0.0,2.501953125,,,,,,,0.40947239682375414,0.9999756037143145,0.0,5.00390625,,,,,,,0.6124737128895557,0.020298567254266656,0.0005464295236020238,0.06897626499397433,0.002381434965482051,0.11441072450817473,0.005420248527345425,0.33823626375961413,0.03926667554564021
0,transformer.layers.1.linear2.weight,256,1024,262144,0.023882681693754723,,,0,8x32x4x8x32,0.0,0.0008534784316073706,,,0.9770989951178082,0.5977054521468635,0.07818603515625,,,,,,,0.026308258329027275,0.020069021364046792,84,0.005126953125,0.9962288765588849,0.0,0.1563720703125,,,,,,,0.0501563689324226,0.07481450312838994,256,0.015625,0.9981205654111573,0.0,0.312744140625,,,,,,,0.08810040650352331,0.25125356905535834,864,0.052734375,0.9991512712982775,0.0,0.62548828125,,,,,,,0.15100521381521742,0.6367263151127913,3136,0.19140625,0.9996782354329841,0.0,1.2509765625,,,,,,,0.2507425216386271,0.8902288167848325,7744,0.47265625,0.999923046026837,0.0,2.501953125,,,,,,,0.4029505491023368,0.9999892472295412,0.0,5.00390625,,,,,,,0.6011070224254861,0.0783870340557534,0.0053797298913702786,0.12480860521065375,0.014689747563065025,0.16526083264296368,0.02048676884949381,0.3606705732536224,0.0680640633899649
0,transformer.layers.2.self_attn.in_proj_weight,768,256,196608,0.010716837637433974,,,0,3x8x32x8x32,0.0,0.0005541286591035771,,,0.9751578294481876,0.656395616318827,0.08341471354166667,,,,,,,0.05575895189853251,0.06501740447707802,83,0.006754557291666667,0.9977052799492186,0.0,0.16682942708333334,,,,,,,0.10463882517694134,0.20486323840324563,262,0.021321614583333332,0.9988214814620263,0.0,0.3336588541666667,,,,,,,0.17268384744808005,0.5060545649929945,873,0.071044921875,0.9994426998902245,0.0,0.6673177083333334,,,,,,,0.28267909673393066,0.9804815137322014,3017,0.24552408854166666,0.9998242901618433,0.0,1.3346354166666667,,,,,,,0.4587306272062681,0.9986331179117339,11145,0.906982421875,0.9999697774415557,0.0,2.6692708333333335,,,,,,,0.68874200129186,0.999997728484771,0.0,5.338541666666667,,,,,,,0.9173104444752672,0.01733843339502509,0.0005326193482690646,0.06673903837008373,0.002217784435819447,0.11405124934872059,0.005261831925425037,0.3408716875972171,0.04244320815360834
0,transformer.layers.2.self_attn.out_proj.weight,256,256,65536,0.05785676931606461,,,0,8x32x8x32,0.0,0.0002479956466984963,,,0.9787918744391118,0.5423085583476678,0.125244140625,,,,,,,0.03828049257813209,0.04143486711002537,80,0.01953125,0.9984134081602088,0.0,0.25048828125,,,,,,,0.07511389500893012,0.15039632800376815,240,0.05859375,0.9993122489373849,0.0,0.5009765625,,,,,,,0.13458554298125994,0.4548860909651489,800,0.1953125,0.9997520043414475,0.0,1.001953125,,,,,,,0.2338807854583841,0.9832089774597165,2880,0.703125,0.999946334312933,0.0,2.00390625,,,,,,,0.38527648766246697,0.9991489732080824,6720,1.640625,0.9999944590141536,0.0,4.0078125,,,,,,,0.5977532933713398,0.9999997870978067,0.0,8.015625,,,,,,,0.819387479749737,0.021081590059313888,0.0013029375196206474,0.07410133673716256,0.005359154054876512,0.12365048986956578,0.008149747084694686,0.35853543188537107,0.04088368014175271
0,transformer.layers.2.linear1.weight,1024,256,262144,0.01360195786492225,,,0,4x8x32x8x32,0.0,0.0009713690446026942,,,0.978318125219135,0.558244754271105,0.07818603515625,,,,,,,0.023590365303594422,0.01462829244015834,84,0.005126953125,0.9967376711186572,0.0,0.1563720703125,,,,,,,0.04507749685706003,0.07064896677730229,264,0.01611328125,0.9979599988402232,0.0,0.312744140625,,,,,,,0.08231883514376359,0.28696908091998874,912,0.0556640625,0.999019006464629,0.0,0.62548828125,,,,,,,0.14760851097805616,0.6040410566278098,3088,0.1884765625,0.9996686016024355,0.0,1.2509765625,,,,,,,0.251579349089065,0.8960032709161879,11280,0.6884765625,0.9999170554220106,0.0,2.501953125,,,,,,,0.4137743076939354,0.99998640926469,0.0,5.00390625,,,,,,,0.6327981335602658,0.021684162567197268,0.0006906492318242294,0.07457807609925296,0.003544792031847333,0.12187328413919629,0.006524203079825565,0.3359348640348637,0.0380068493814309
0,transformer.layers.2.linear2.weight,256,1024,262144,0.01346361515130657,,,0,8x32x4x8x32,0.0,0.0006807659625686677,,,0.9786188223729593,0.5481706578178702,0.07818603515625,,,,,,,0.026295377149852594,0.024065830178834974,84,0.005126953125,0.9976606446423592,0.0,0.1563720703125,,,,,,,0.049816183594961885,0.07906550578503063,256,0.015625,0.9985269960940908,0.0,0.312744140625,,,,,,,0.08800244129256102,0.2833023852901437,864,0.052734375,0.9993167952750711,0.0,0.62548828125,,,,,,,0.15271407260105904,0.6470797210287536,3136,0.19140625,0.9997630547725711,0.0,1.2509765625,,,,,,,0.25382844726507037,0.9093358590115508,7744,0.47265625,0.9999479823164034,0.0,2.501953125,,,,,,,0.4062622545987527,0.9999934906298185,0.0,5.00390625,,,,,,,0.6095371644088101,0.07064454519630177,0.003818393094844771,0.12326562319116625,0.010014731130306554,0.16879706714109716,0.016142646521610852,0.3790780680216458,0.05505356023884933
0,transformer.layers.3.self_attn.in_proj_weight,768,256,196608,0.007232791016855155,,,0,3x8x32x8x32,0.0,0.00039676244592750645,,,0.9845592441892616,0.313371686462214,0.08341471354166667,,,,,,,0.0442230162822821,0.056347841182267544,83,0.006754557291666667,0.998281370612994,0.0,0.16682942708333334,,,,,,,0.08242550721833454,0.183676053350822,262,0.021321614583333332,0.9991242955783614,0.0,0.3336588541666667,,,,,,,0.15044562606197656,0.5072932989628187,873,0.071044921875,0.9996002589170571,0.0,0.6673177083333334,,,,,,,0.26678981018732806,0.9888900153216581,3017,0.24552408854166666,0.9998779016478129,0.0,1.3346354166666667,,,,,,,0.4524627338648232,0.9990337186186199,11145,0.906982421875,0.9999798362394958,0.0,2.6692708333333335,,,,,,,0.6884984793445651,0.9999987015339799,0.0,5.338541666666667,,,,,,,0.9073800555304784,0.02995343682415587,0.00015226996951319083,0.09684914059736156,0.0017332924217908234,0.15271488638131286,0.004473286125076624,0.38998351953496196,0.04163327145968895
0,transformer.layers.3.self_attn.out_proj.weight,256,256,65536,0.04041718625523219,,,0,8x32x8x32,0.0,0.0002354524323499609,,,0.9854417054731675,0.2709206783934667,0.125244140625,,,,,,,0.05001125498270179,0.05904827535384352,80,0.01953125,0.9987225046476261,0.0,0.25048828125,,,,,,,0.08691890799142818,0.18346779062735005,240,0.05859375,0.9994083796089807,0.0,0.5009765625,,,,,,,0.1552853903592885,0.4948714351842824,800,0.1953125,0.999764547484997,0.0,1.001953125,,,,,,,0.2624695298842931,0.9889858219857824,2880,0.703125,0.9999553439569187,0.0,2.00390625,,,,,,,0.4206142984591886,0.9993622919503343,6720,1.640625,0.9999956680251437,0.0,4.0078125,,,,,,,0.6278605132163936,0.999999863579969,0.0,8.015625,,,,,,,0.8385424927724685,0.01757528148160847,0.0008485384899154772,0.06527085804097221,0.003973213803512304,0.11256101011604437,0.009144006860809661,0.33739857685315294,0.03562264306097198
0,transformer.layers.3.linear1.weight,1024,256,262144,0.009773171855458871,,,0,4x8x32x8x32,0.0,0.0008987610537872578,,,0.9828360885197758,0.3896891828894109,0.07818603515625,,,,,,,0.028428524752630094,0.01584784568118918,84,0.005126953125,0.9968595168903552,0.0,0.1563720703125,,,,,,,0.051093510790323565,0.06813422117150789,264,0.01611328125,0.9981223041213594,0.0,0.312744140625,,,,,,,0.0906655947851398,0.28015475377513127,912,0.0556640625,0.9991022102430053,0.0,0.62548828125,,,,,,,0.1578153192884858,0.620932979478688,3088,0.1884765625,0.9997179442552735,0.0,1.2509765625,,,,,,,0.26162718736415946,0.89282021745956,11280,0.6884765625,0.9999359351040836,0.0,2.501953125,,,,,,,0.4170553552017736,0.9999894208369772,0.0,5.00390625,,,,,,,0.6168879313328977,0.02641837922830683,0.000728007560812557,0.08591705912681928,0.0049845736149222684,0.13742034898378236,0.010182845634490833,0.36487542744301327,0.05315015500336331
0,transformer.layers.3.linear2.weight,256,1024,262144,0.01072993208108199,,,0,8x32x4x8x32,0.0,0.0005391759757761657,,,0.986691943410759,0.20614995302633046,0.07818603515625,,,,,,,0.031207883476745638,0.02994877919594943,84,0.005126953125,0.9980798027614378,0.0,0.1563720703125,,,,,,,0.05628139339513432,0.08966626779797145,256,0.015625,0.9988761696734545,0.0,0.312744140625,,,,,,,0.09944274860110931,0.30310580700703427,864,0.052734375,0.999471938393228,0.0,0.62548828125,,,,,,,0.1668376610006608,0.6622736310845482,3136,0.19140625,0.9998278941728973,0.0,1.2509765625,,,,,,,0.2726717404271341,0.9024918084058768,7744,0.47265625,0.999965845972893,0.0,2.501953125,,,,,,,0.42780009436690497,0.9999958194545318,0.0,5.00390625,,,,,,,0.6273794840208174,0.08108713424291002,0.0033927354626788896,0.13469479996448055,0.011254596158114843,0.17986556974445553,0.024759933107051237,0.39046832013965266,0.0709098253578069
0,transformer.layers.4.self_attn.in_proj_weight,768,256,196608,0.006974126654607592,,,0,3x8x32x8x32,0.0,0.00029823511724354267,,,0.9931521277101304,0.0,0.08341471354166667,,,,,,,0.04638156110694098,0.04690969720145123,83,0.006754557291666667,0.9987580532077557,0.0,0.16682942708333334,,,,,,,0.08976004673379012,0.17516976076457919,262,0.021321614583333332,0.9993753826908512,0.0,0.3336588541666667,,,,,,,0.16088764186726962,0.4975081857929798,873,0.071044921875,0.9997031794332546,0.0,0.6673177083333334,,,,,,,0.28185127359669643,0.9941913334054382,3017,0.24552408854166666,0.9999120040191609,0.0,1.3346354166666667,,,,,,,0.4632683320747663,0.9992243791632983,11145,0.906982421875,0.9999873640283681,0.0,2.6692708333333335,,,,,,,0.6951695262684834,0.9999992934265486,0.0,5.338541666666667,,,,,,,0.9120382200596406,0.020664719636520345,0.001392659895166772,0.07039606978425868,0.006010664786448626,0.1151127472186715,0.010023918204254733,0.3267911876484237,0.0418738169240708
0,transformer.layers.4.self_attn.out_proj.weight,256,256,65536,0.029162859315103436,,,0,8x32x8x32,0.0,0.00017910880082100413,,,0.9921843495672334,0.0,0.125244140625,,,,,,,0.050647628731018475,0.06528896854707635,80,0.01953125,0.998895480684724,0.0,0.25048828125,,,,,,,0.09080949207877408,0.18078429963017859,240,0.05859375,0.9995310134151824,0.0,0.5009765625,,,,,,,0.15461801681325818,0.49364146512795415,800,0.1953125,0.9998208912705755,0.0,1.001953125,,,,,,,0.2575685977826322,0.9939574465059862,2880,0.703125,0.9999661268869832,0.0,2.00390625,,,,,,,0.40739153111581416,0.9994602882411034,6720,1.640625,0.9999969016974193,0.0,4.0078125,,,,,,,0.6074052777467739,0.9999999227548392,0.0,8.015625,,,,,,,0.8258225250746423,0.02073806449767243,0.0005050004310953916,0.07151478616017734,0.0027742256604167833,0.11794580546480328,0.006830818093541988,0.3354170421030346,0.042253743241979204
0,transformer.layers.4.linear1.weight,1024,256,262144,0.007224123006811593,,,0,4x8x32x8x32,0.0,0.0007065062118937702,,,0.9916088277674934,0.0,0.07818603515625,,,,,,,0.021548109818372515,0.016219993499972017,84,0.005126953125,0.9973718532573479,0.0,0.1563720703125,,,,,,,0.042238228420261786,0.07064746151394166,264,0.01611328125,0.9984408500772177,0.0,0.312744140625,,,,,,,0.07716998010380872,0.26301819952000993,912,0.0556640625,0.9992780012779645,0.0,0.62548828125,,,,,,,0.1388592757325477,0.6139895843556988,3088,0.1884765625,0.9997807448311574,0.0,1.2509765625,,,,,,,0.24045179130124014,0.8866726679916149,11280,0.6884765625,0.9999536221160507,0.0,2.501953125,,,,,,,0.3952241481655736,0.9999923374676425,0.0,5.00390625,,,,,,,0.6072054552706633,0.02220459844392092,0.0006145396146545313,0.07662790896506987,0.0035145266844615135,0.12646737518071977,0.007624626168630543,0.3557802780667128,0.040311948066798456
0,transformer.layers.4.linear2.weight,256,1024,262144,0.007322077854437025,,,0,8x32x4x8x32,0.0,0.0004525379007595922,,,0.9928385588129098,0.0,0.07818603515625,,,,,,,0.03321861378896541,0.027755074329910298,84,0.005126953125,0.9982547656265928,0.0,0.1563720703125,,,,,,,0.0560880497457527,0.08178574970155869,256,0.015625,0.9990640530396457,0.0,0.312744140625,,,,,,,0.09931953473506396,0.29217145935899336,864,0.052734375,0.9995344377642664,0.0,0.62548828125,,,,,,,0.16828489044875913,0.6541163412012629,3136,0.19140625,0.9998631916960468,0.0,1.2509765625,,,,,,,0.27487070195012886,0.8988137438624514,7744,0.47265625,0.999975349901568,0.0,2.501953125,,,,,,,0.4321683400899717,0.9999973794741067,0.0,5.00390625,,,,,,,0.6334594595403663,0.0625862385304211,0.0018138512386570071,0.11293229198103373,0.009423709948372225,0.15631871989175072,0.020317803929446213,0.3595736303340125,0.07737086821309962
0,transformer.layers.5.self_attn.in_proj_weight,768,256,196608,0.00475543676077185,,,0,3x8x32x8x32,0.0,0.00023214779452482181,,,0.9979044667162897,0.0,0.08341471354166667,,,,,,,0.05039736818301784,0.05230498234911703,83,0.006754557291666667,0.9988647735474407,0.0,0.16682942708333334,,,,,,,0.09627597680581583,0.1920111414414586,262,0.021321614583333332,0.9994566596610513,0.0,0.3336588541666667,,,,,,,0.1652747778693031,0.5151062760757269,873,0.071044921875,0.9997674727049909,0.0,0.6673177083333334,,,,,,,0.2823374434031605,0.9981763599981499,3017,0.24552408854166666,0.9999418394439975,0.0,1.3346354166666667,,,,,,,0.46194451959564775,0.9994114644100505,11145,0.906982421875,0.999992301962279,0.0,2.6692708333333335,,,,,,,0.6977595563092328,0.9999995804239287,0.0,5.338541666666667,,,,,,,0.9231991539870766,0.018125126544759382,0.0016990696057467738,0.06540071228304167,0.009308857215685943,0.11026623688596149,0.013768072228486984,0.3305775535334668,0.04786300572395756
0,transformer.layers.5.self_attn.out_proj.weight,256,256,65536,0.025894618238138604,,,0,8x32x8x32,0.0,0.0001217600002255178,,,0.9988839223002884,0.0,0.125244140625,,,,,,,0.0456631532456132,0.05546431460459955,80,0.01953125,0.9993547971649182,0.0,0.25048828125,,,,,,,0.0845474075521811,0.17778110884691842,240,0.05859375,0.9996511789426025,0.0,0.5009765625,,,,,,,0.1513921444283321,0.5152645833326349,800,0.1953125,0.9998782399992101,0.0,1.001953125,,,,,,,0.2653616467231933,0.9991635732815232,2880,0.703125,0.9999808837077955,0.0,2.00390625,,,,,,,0.42670115206873055,0.9997009722956239,6720,1.640625,0.9999989044577847,0.0,4.0078125,,,,,,,0.6303344511584994,0.999999982177596,0.0,8.015625,,,,,,,0.8400950443650064,0.01602249920183381,0.00025821911299864816,0.05847041805446296,0.0019826513069094364,0.0985245367190589,0.005270085586046992,0.3016317560305896,0.0364795696275983
0,transformer.layers.5.linear1.weight,1024,256,262144,0.006822568912782312,,,0,4x8x32x8x32,0.0,0.0004746708545544679,,,0.9976322233314056,0.0,0.07818603515625,,,,,,,0.019401951462230678,0.01727172248805325,84,0.005126953125,0.9983280202916732,0.0,0.1563720703125,,,,,,,0.03735521983798282,0.07127371937580831,264,0.01611328125,0.998966133652282,0.0,0.312744140625,,,,,,,0.0703992883884191,0.26497587291009833,912,0.0556640625,0.9995196054337363,0.0,0.62548828125,,,,,,,0.12879326925282897,0.6472098982344251,3088,0.1884765625,0.9998699890537729,0.0,1.2509765625,,,,,,,0.2279027614100082,0.9068058186489015,11280,0.6884765625,0.9999764402230383,0.0,2.501953125,,,,,,,0.38570377892611474,0.9999958583250379,0.0,5.00390625,,,,,,,0.6112712543144412,0.0214810153878623,0.001628521892138433,0.07409182410300509,0.0065652077693981415,0.12222367777912475,0.011248795768855908,0.34956319893324467,0.05435004763261247
0,transformer.layers.5.linear2.weight,256,1024,262144,0.006320326489720099,,,0,8x32x4x8x32,0.0,0.00032016505175702295,,,0.9985295486669519,0.0,0.07818603515625,,,,,,,0.03647391128691637,0.026879836351889518,84,0.005126953125,0.998912878929963,0.0,0.1563720703125,,,,,,,0.06371752644716484,0.09470220251696226,256,0.015625,0.9993465346281327,0.0,0.312744140625,,,,,,,0.11051631444193022,0.32561656479068435,864,0.052734375,0.9996902795110978,0.0,0.62548828125,,,,,,,0.18491424014846383,0.6725369172627809,3136,0.19140625,0.9999235401974409,0.0,1.2509765625,,,,,,,0.29611196247354643,0.9113210409799787,7744,0.47265625,0.999991207202536,0.0,2.501953125,,,,,,,0.44933405219057443,0.9999994880575914,0.0,5.00390625,,,,,,,0.642601011892924,0.05136214524372703,0.001010628485710199,0.10165996969874391,0.006811927798085421,0.14552325937517893,0.013285767837782108,0.355037505379013,0.05496875953725554
1,position_embedding,256,256,65536,0.032170165628289435,0.9810618391747378,0.9832148247428562,0,256x8x32,0.0,0.005370366833333858,0.10070852960085899,0.009960345346853503,0.8861607997367813,1.7544627633797507,0.125244140625,0.8856981340458875,0.8775789734146064,0.8771676072450573,1.80930958310837,0.000244140625,,0.1777537355474444,0.23557131721589009,296,0.072265625,0.9749996193307433,0.6609750311530352,0.25048828125,0.9745223950434693,0.9645148624931544,0.9640557784253982,0.9228799301762035,0.0009765625,,0.34739807743294193,0.4094821976496312,608,0.1484375,0.989804069099596,0.013996750555412456,0.5009765625,0.9894663831115175,0.9779509632000896,0.9776486518977117,0.5801809244701203,0.00390625,,0.6078101316084442,0.6412250932816379,1280,0.3125,0.9946296325863315,0.0,1.001953125,0.9938640672311871,0.9821686156269743,0.9817668847295469,0.4332805390884533,0.015625,,0.865274016481785,0.9150723234661278,2816,0.6875,0.9979200042692045,0.0,2.00390625,0.9973316033501115,0.9854456338622136,0.9850551410397033,0.2898246409388968,0.0625,,0.9806728037941222,0.986104471603699,6656,1.625,0.9992839115094895,0.0,4.0078125,0.9988846825853787,0.9882220288157632,0.9878932679778111,0.13790474499981722,0.25,,0.9982834434564799,0.9998170118528219,0.0,8.015625,0.99946978158553,0.9904347677243717,0.9901320703173936,0.0,1.0,,0.9995919287243846,0.08289043087982004,0.010413715999904535,0.24840540583326318,0.033720873016068804,0.35958660807426424,0.06171482771056435,0.6471422399154081,0.16541356092836587
1,token_embedding.weight,257,256,65792,0.2110846702145908,0.9642028771530959,0.9646835517204688,0,257x8x32,0.0,0.002202672387480367,0.17237516864510227,0.009996628734960914,0.973527494770291,0.7022473654833914,0.125,0.9682048767605036,0.9562178329090282,0.9511914757114613,1.1435665664641224,0.00024319066147859923,,,0.2371060821896329,297,0.07222762645914396,0.9918292025978105,0.0,0.25,0.9800217138184577,0.9755415681644285,0.9639524522795582,0.9249505588329883,0.0009727626459143969,,,0.39621691623843236,610,0.14834630350194553,0.9950779077378804,0.0,0.5,0.9837473819200224,0.977347406527925,0.966711226041565,0.8675178681520002,0.0038910505836575876,,,0.6862290847012424,1284,0.3122568093385214,0.99779617736104,0.0,1.0,0.9885881426178167,0.9799454592990975,0.9716353439031166,0.7520471861851216,0.01556420233463035,,,0.9804873271407304,2824,0.6867704280155642,0.9993743867083279,0.0,2.0,0.9932240654678278,0.9832033510234557,0.9774531931088392,0.5864615657763788,0.0622568093385214,,,0.9958089423829484,6672,1.622568093385214,0.9999276163353481,0.0,4.0,0.9977098475282475,0.9870293533038078,0.9849659428030427,0.2941171988404765,0.2490272373540856,,,0.9999973980089297,0.0,8.0,0.9995739513184092,0.9912871036134436,0.9909021316603397,0.0,0.9961089494163424,,,0.032160513125765816,0.009592810867664092,0.10605602340450564,0.027210309535976113,0.16056867105602698,0.03778688721113206,0.3761885043633743,0.09751974576140807
1,transformer.layers.0.self_attn.in_proj_weight,768,256,196608,0.023148076171627997,0.9612432663470356,0.961245855020394,6,3x8x32x8x32,0.0,0.005928847914821208,0.7230874853525894,0.00999987780378962,0.9274219853778489,1.4297662961548823,0.08341471354166667,0.9205620372267778,0.907648846273867,0.9008369620033433,1.654901235528635,8.138020833333333e-05,0.03110943325546902,0.04243326575418222,0.046771062820548395,83,0.006754557291666667,0.9800573128604788,0.4979299080192287,0.16682942708333334,0.9718785602828999,0.9561995689164533,0.948472394322089,1.182672778325256,0.0003255208333333333,0.8968346935295477,0.07875019937757033,0.1548862593785586,262,0.021321614583333332,0.9886811214783525,0.08936551126649746,0.3336588541666667,0.9791512901115625,0.9659137243900182,0.9573278994353568,1.0466465649906742,0.0013020833333333333,0.8988762769349573,0.1443208431035552,0.43792324838055857,873,0.071044921875,0.994072116537407,0.0,0.6673177083333334,0.9840278932469219,0.9740129939841147,0.9648379075991936,0.9070104619535125,0.005208333333333333,0.9492391624013112,0.2526390538807436,0.9435340297963507,3017,0.24552408854166666,0.9976817789139816,0.0,1.3346354166666667,0.9877203135499517,0.9799179430039473,0.97065771804568,0.7764905370080639,0.020833333333333332,0.9628262827901419,0.42496321710058604,0.9872626278216641,11145,0.906982421875,0.9994194487406856,0.0,2.6692708333333335,0.9907356340237068,0.9922387606333268,0.9839857296122048,0.33967903511974834,0.08333333333333333,0.9746348593705788,0.6604201601558425,0.9998994438878955,0.0,5.338541666666667,0.9923637229191232,0.9970519308200508,0.989694240217878,0.021725435043770207,0.3333333333333333,0.9852999508404264,0.8893246093072639,0.014761039429786842,0.0008195422769248196,0.056344889713504716,0.004480225393383506,0.09678068718851046,0.009294630308761152,0.3053644029880602,0.04713895737015755
1,transformer.layers.0.self_attn.out_proj.weight,256,256,65536,0.11950498717943725,0.9629543888540626,0.9630158086362506,6,8x32x8x32,0.0,0.0018231516791766419,0.9835710131004279,0.009999997422114437,0.9441707858085114,1.2405101250050092,0.125244140625,0.938346935456266,0.9222096052019099,0.9163801532090069,1.5319227000330669,0.000244140625,0.007749202555358945,0.05994792511252881,0.07279579670568209,80,0.01953125,0.9893799152863445,0.04339763709566786,0.25048828125,0.982587828073084,0.9634933432504867,0.9570568222989075,1.0512144757099358,0.0009765625,0.895466008663057,0.1028731417627697,0.20313262075907923,240,0.05859375,0.9959023905668118,0.0,0.5009765625,0.9887130710409736,0.9697818427573022,0.9630429409733797,0.942924977179367,0.00390625,0.9176498995496712,0.16912481494659978,0.5041111622673788,800,0.1953125,0.9981768482362889,0.0,1.001953125,0.9909590244742036,0.9776530883643002,0.971039297935006,0.7670482883205075,0.015625,0.9593139015895438,0.2757683081890116,0.9584689190363465,2880,0.703125,0.9993448424523573,0.0,2.00390625,0.9925331621269269,0.9847696620701274,0.9785882852197517,0.5492001700685093,0.0625,0.9705772436073039,0.4218861269044101,0.994636661303841,6720,1.640625,0.9998434940729283,0.0,4.0078125,0.9948915685217964,0.9906247090242029,0.986040756773984,0.24061036534154906,0.25,0.9814353083248124,0.6101468058534599,0.9999754302921884,0.0,8.015625,0.996523976167044,0.9952813522436096,0.9919629749319728,0.0,1.0,0.9890960071639316,0.8085595108079288,0.021414409873328676,0.001037437674011443,0.07285690761521053,0.005675511281342239,0.11891685778344488,0.011908168737970494,0.33297823725833375,0.06264002799828197
1,transformer.layers.0.linear1.weight,1024,256,262144,0.08221083719621793,0.9694639578434717,0.9694977523355646,6,4x8x32x8x32,0.0,0.003119329061082357,0.7975607417911111,0.009999952710684816,0.9630042706778855,0.9436793699462893,0.07818603515625,0.9570419361387793,0.9453559593897264,0.9394874768159084,1.2986168709121428,6.103515625e-05,0.8872168983588449,0.02418278803586601,0.016841433002241432,84,0.005126953125,0.9893976717640565,0.04219055530071628,0.1563720703125,0.9828077310736782,0.9693532799443578,0.963150230245896,0.9408278025278788,0.000244140625,0.937407008016853,0.04499729641431702,0.07142328419875725,264,0.01611328125,0.994205474366644,0.0,0.312744140625,0.9870463653358585,0.9740166936377287,0.9674856577905612,0.850538118612445,0.0009765625,0.9399488323997887,0.08118168923286563,0.2746827517248145,912,0.0556640625,0.9968669903768245,0.0,0.62548828125,0.9899490248847987,0.9804554995848589,0.9743189097248844,0.6803532262517779,0.00390625,0.9639275803423526,0.14248596274563813,0.599632788192895,3088,0.1884765625,0.9986539838553988,0.0,1.2509765625,0.9919351058405308,0.9857243099663858,0.9796937220589911,0.5109629118369922,0.015625,0.9743639656850338,0.23943239787934664,0.8800470254478143,11280,0.6884765625,0.9995792966244147,0.0,2.501953125,0.9938699036527507,0.9923971786463848,0.9871122833703735,0.18299833902894014,0.0625,0.9814164193574337,0.38729397748267463,0.9999030058495172,0.0,5.00390625,0.9953933506165279,0.9953716690948272,0.9910508080910936,0.0,0.25,0.9885836608038976,0.5893092017476426,0.01613573798029794,0.0010279643892878703,0.05927543982141784,0.004271781704175459,0.10080937624450548,0.009851172179090071,0.3130913549371059,0.04423412498461963
1,transformer.layers.0.linear2.weight,256,1024,262144,0.09870981127364188,0.9747092016127182,0.9747201602734026,6,8x32x4x8x32,0.0,0.001290637608510787,0.6301901927804847,0.00999959611816299,0.9728162809210735,0.7213714243306694,0.07818603515625,0.9676851132170349,0.9571571430680532,0.9520524733983969,1.1307281974899233,6.103515625e-05,0.8912399951780312,0.033878094866732704,0.03763118911159163,84,0.005126953125,0.9944703113103437,0.0,0.1563720703125,0.9889435187526655,0.977168579303147,0.9717634943981633,0.7487807797359645,0.000244140625,0.9503246564098202,0.06260347583335253,0.10733767059842494,256,0.015625,0.9975318047923312,0.0,0.312744140625,0.9919696215873794,0.9800696289640671,0.974630585174334,0.6715451211939067,0.0009765625,0.9522835651247168,0.11102787533012011,0.30057323490665866,864,0.052734375,0.9987072317092808,0.0,0.62548828125,0.9934948560952829,0.9837304009721497,0.9787700442875054,0.5430506808305243,0.00390625,0.9722725006232968,0.17693707979761678,0.6442742890778456,3136,0.19140625,0.9994711551370423,0.0,1.2509765625,0.9953210893330453,0.9859727584132989,0.9820884244510729,0.42044612306310214,0.015625,0.9776053212179211,0.2763634536971979,0.8902296568388226,7744,0.47265625,0.9998639949419669,0.0,2.501953125,0.9966018005798392,0.9933767435162848,0.9902937514624388,0.0,0.0625,0.9831545014188007,0.4188813947762784,0.9999784459414621,0.0,5.00390625,0.9978343848562441,0.9962651458521246,0.9941962291442993,0.0,0.25,0.9908023363839105,0.6080717869417261,0.14295609183404334,0.005560487466995725,0.18781644689962382,0.015543219940837953,0.22677693096956383,0.02243908338159001,0.4079426447100601,0.07839662583667682
1,transformer.layers.1.self_attn.in_proj_weight,768,256,196608,0.016429506388012813,0.9654929245365019,0.96670335339587,6,3x8x32x8x32,0.0,0.001358189904343841,0.44657744124762255,0.009999841139296849,0.9569525306735375,1.05296421349773,0.08341471354166667,0.9511879817786176,0.9359665889450767,0.9302068391229821,1.4015428358949475,8.138020833333333e-05,0.06785462514056936,0.05001241908417894,0.05290726555559898,83,0.006754557291666667,0.9947889687634917,0.0,0.16682942708333334,0.9884078803884314,0.9711368826671041,0.9649359841040713,0.9049956190035201,0.0003255208333333333,0.5119657056425764,0.09154551153896077,0.1739335034560463,262,0.021321614583333332,0.9972393424644945,0.0,0.3336588541666667,0.9907642933123305,0.9748609820668716,0.9687207966261742,0.8226018851067445,0.0013020833333333333,0.9296108156708781,0.1643237716512883,0.47460888534038714,873,0.071044921875,0.9986320663788921,0.0,0.6673177083333334,0.9919986572200594,0.9778220998090218,0.9717018610789442,0.7503535873474391,0.005208333333333333,0.9619152277672623,0.2726763356828802,0.9660730479277141,3017,0.24552408854166666,0.9995156933720621,0.0,1.3346354166666667,0.9938918336099357,0.9828343330115618,0.9775953462235349,0.581899216205792,0.020833333333333332,0.9685533339984715,0.4426181346067277,0.9967381462572508,11145,0.906982421875,0.9999171715789663,0.0,2.6692708333333335,0.9955933376441829,0.9913541046201815,0.9872524114584033,0.1751121793020796,0.08333333333333333,0.9749163719143917,0.6699657918983666,0.9999902803329165,0.0,5.338541666666667,0.996581723134482,0.9960243002121335,0.9927059445333694,0.0,0.3333333333333333,0.9835325008453304,0.9053947468797526,0.023040804724173268,0.0009169812135705031,0.07568727205715436,0.005365130153104374,0.12275433917135482,0.009422279489044089,0.336986725593108,0.05263342099236324
1,transformer.layers.1.self_attn.out_proj.weight,256,256,65536,0.08057595974427016,0.9654480332012296,0.9667220724441595,6,8x32x8x32,0.0,0.0004181072920815966,0.9129538704104907,0.009999994001294315,0.9600142167065302,0.9997435747781624,0.125244140625,0.953597709639339,0.9391756347474673,0.9327448130453933,1.3748227688169063,0.000244140625,0.4000687087224953,0.047654821922304746,0.058491450804923587,80,0.01953125,0.9967400723643404,0.0,0.25048828125,0.9898280602907352,0.9733113288993852,0.9666004441642361,0.8699144585682042,0.0009765625,0.4066769389437128,0.09207317659969493,0.1879161479413103,240,0.05859375,0.9987771222585559,0.0,0.5009765625,0.9922514536951664,0.9756152571874018,0.9694140365966654,0.8064348595569334,0.00390625,0.9317913592848798,0.16116315687460633,0.4710574302344179,800,0.1953125,0.9995818927668008,0.0,1.001953125,0.99317102708342,0.9785897303675455,0.9726245961890627,0.7264401229366297,0.015625,0.9625347978079148,0.27321656768860586,0.9679923625203608,2880,0.703125,0.9999009934381157,0.0,2.00390625,0.9947552449460197,0.9876738827558312,0.9828447120607959,0.38932667035016205,0.0625,0.9714253808920824,0.4203925126980357,0.9984022897469361,6720,1.640625,0.9999873556696386,0.0,4.0078125,0.9961416436497128,0.9942742785645864,0.9905669259167512,0.0,0.25,0.9774862662729563,0.6148202774449615,0.9999990346455724,0.0,8.015625,0.9974027109562823,0.9966796653973905,0.9941371028467991,0.0,1.0,0.9887290108940896,0.8167262309909947,0.01895213385751538,0.0015880248221527887,0.06703229872759042,0.00633673310533416,0.11081809941425796,0.011058941978242191,0.3191586473294838,0.044239577666642285
1,transformer.layers.1.linear1.weight,1024,256,262144,0.021520873916231868,0.9668682867482574,0.967355144190881,6,4x8x32x8x32,0.0,0.0015977548275513708,0.8274740087214674,0.00999995674468768,0.9702357663406395,0.7867898748653079,0.07818603515625,0.9614810746448448,0.9522177118407771,0.9435454417305513,1.2485450360902197,6.103515625e-05,7.971110951185562e-05,0.026050191052993815,0.01885603610050431,84,0.005126953125,0.9942506750441674,0.0,0.1563720703125,0.9849328943589217,0.9744639944799205,0.9655251753140627,0.8927716076263803,0.000244140625,0.6311786999273601,0.05074807291037665,0.07379612189391531,264,0.01611328125,0.9969913826331527,0.0,0.312744140625,0.9877867500860581,0.9773636150881575,0.9686668199196913,0.8238455998762725,0.0009765625,0.9425008676195665,0.09266682514153882,0.2587085306782731,912,0.0556640625,0.9984057801408921,0.0,0.62548828125,0.9902493863630382,0.979766488615216,0.972190055901867,0.7378004223346158,0.00390625,0.9628582786724806,0.158785922910848,0.6050131775694432,3088,0.1884765625,0.9994382543399563,0.0,1.2509765625,0.9913214968056182,0.9863197213487469,0.9788359866112873,0.5408066177657254,0.015625,0.9667694373289991,0.26451645153957665,0.881172245659658,11280,0.6884765625,0.9998504712638784,0.0,2.501953125,0.993029209385379,0.991245536833889,0.9848250689892811,0.3008449788098361,0.0625,0.971861601557335,0.4174801314680065,0.999971825203021,0.0,5.00390625,0.9943514299598262,0.9950708956523794,0.989626971470908,0.026418583816834595,0.25,0.9803031939903019,0.6168794742736609,0.02031318666287737,0.0005661191694947415,0.06943544446756833,0.0023348014040941805,0.11489272524910454,0.0055295607668262164,0.33693448466685505,0.039530581895494646
1,transformer.layers.1.linear2.weight,256,1024,262144,0.023687560480686237,0.9701330631869339,0.9704930805580322,6,8x32x4x8x32,0.0,0.0009805800491659894,0.6913354822705914,0.009999743202314781,0.9708752895326243,0.7711218539073659,0.07818603515625,0.9646373628982988,0.952670912101789,0.9463986852905478,1.2111341934529571,6.103515625e-05,0.008263829496613405,0.02731097749189773,0.02081651708779647,84,0.005126953125,0.9958220295645847,0.0,0.1563720703125,0.9892916729747813,0.9755436741428161,0.9691776413858908,0.8119886325921659,0.000244140625,0.7771285833127882,0.052336444313354644,0.07504071411613429,256,0.015625,0.9980453971134914,0.0,0.312744140625,0.991810062737294,0.9779581562510814,0.9720010568332794,0.7426861864975148,0.0009765625,0.9451163320744796,0.09010109874124161,0.24941654394002372,864,0.052734375,0.999009209707117,0.0,0.62548828125,0.9939740053297246,0.9800237247975168,0.9752345536477619,0.6541643115836265,0.00390625,0.9686591241960483,0.15190637470023566,0.6263142201398476,3136,0.19140625,0.9996471231857285,0.0,1.2509765625,0.994730622693614,0.985684894301843,0.9810743829257617,0.46017017019612316,0.015625,0.972218134391268,0.249911773199965,0.8894190786476585,7744,0.47265625,0.9999150744178016,0.0,2.501953125,0.9962385061726661,0.9914775304181351,0.9880042984745797,0.13125876546220108,0.0625,0.976095174331722,0.3996603641832254,0.9999878453530622,0.0,5.00390625,0.9973927702528741,0.9946034519977579,0.9920935553450493,0.0,0.25,0.9807631112468612,0.5958654429515361,0.08324578158949672,0.005914628933255122,0.1302428845167861,0.015235266038491535,0.17111960741630727,0.020713321298022357,0.3660985974725757,0.06737765190845747
1,transformer.layers.2.self_attn.in_proj_weight,768,256,196608,0.010488027566058489,0.962949059536483,0.9637969011355139,6,3x8x32x8x32,0.0,0.000617440366169611,0.4277056495325253,0.00999993488939578,0.9674445557857652,0.8514494120042844,0.08341471354166667,0.9603849321886574,0.9438188004811018,0.9367403358161752,1.3306429486388722,8.138020833333333e-05,0.003934331670852451,0.057372227989342585,0.06898592392501365,83,0.006754557291666667,0.9974891240101345,0.0,0.16682942708333334,0.9899982287598332,0.9719575670862478,0.9647016332272123,0.9098007163472392,0.0003255208333333333,0.05947865384354619,0.10514505002023301,0.2109660783560961,262,0.021321614583333332,0.9986392496020522,0.0,0.3336588541666667,0.9917209230521428,0.9741065091852253,0.967543263254598,0.849258978102416,0.0013020833333333333,0.9050563600055265,0.1767564067694405,0.5149537541594617,873,0.071044921875,0.9993852151124374,0.0,0.6673177083333334,0.9929965358688329,0.9763398991767424,0.9702927820570889,0.7854067521339914,0.005208333333333333,0.9376621893436511,0.2929238647989076,0.9740935653136977,3017,0.24552408854166666,0.9998029967153426,0.0,1.3346354166666667,0.9942945686320682,0.98556941152076,0.9804018755155712,0.48535779843350046,0.020833333333333332,0.9660467924267833,0.47323392092376526,0.9983715170505474,11145,0.906982421875,0.999965709093573,0.0,2.6692708333333335,0.9956028488587518,0.9910145523889188,0.9868335587405664,0.19843272704324152,0.08333333333333333,0.9700629408567613,0.7042761914493229,0.9999972809741451,0.0,5.338541666666667,0.9969660090509807,0.9950482511823417,0.9920831819115351,0.0,0.3333333333333333,0.9785847458781473,0.9198371973494797,0.01735775665439714,0.0005305591411136983,0.06662700532791273,0.002147456610927604,0.11381503508553585,0.005595180348900607,0.3393104298172478,0.04301372932436254
1,transformer.layers.2.self_attn.out_proj.weight,256,256,65536,0.056976478600104616,0.967648940457946,0.9682114860908415,6,8x32x8x32,0.0,0.0002799396772028088,0.7724616309364926,0.009999918999109333,0.9728397006842432,0.7207496893306926,0.125244140625,0.9672749379396811,0.9507058013757791,0.9452031550081951,1.2270464151539384,0.000244140625,0.4854610794297393,0.04144778660117848,0.04466410061021355,80,0.01953125,0.9982213396829797,0.0,0.25048828125,0.9923024499940256,0.9745376902681757,0.9687987087639091,0.8208028674501422,0.0009765625,0.5886792007705388,0.0798305912332551,0.15773802066331682,240,0.05859375,0.9992261433206524,0.0,0.5009765625,0.9937795969523531,0.9762960653431806,0.971144979430742,0.7644111797162458,0.00390625,0.9109820529620961,0.14117149843885676,0.46638427225114515,800,0.1953125,0.9997200604441726,0.0,1.001953125,0.9944211760943911,0.9799358064675822,0.974952277445625,0.6623397167027054,0.015625,0.9553806480668389,0.24035917891903372,0.9784933198854338,2880,0.703125,0.9999401265920678,0.0,2.00390625,0.9952948776392415,0.9880760069242792,0.9836721336556928,0.3536681390014816,0.0625,0.9725876190930104,0.3907883512240788,0.9990248224680628,6720,1.640625,0.9999939356320628,0.0,4.0078125,0.99647753233247,0.993426009687424,0.9900174226937316,0.0,0.25,0.9779577217394756,0.6018197800118213,0.9999997333468658,0.0,8.015625,0.9978629918217611,0.9965030509938917,0.9943987129602678,0.0,1.0,0.9874416473775373,0.8217704492099566,0.02094515911707581,0.0013781794659509284,0.0752221433073953,0.00583662453937441,0.12650356518979772,0.00881093073623328,0.36327399315585873,0.04316972578328268
1,transformer.layers.2.linear1.weight,1024,256,262144,0.013405705755502383,0.9707868955035306,0.971260720561813,6,4x8x32x8x32,0.0,0.0011342857715542938,0.7301576304642088,0.00999991246876788,0.9731695661483217,0.7119351916787199,0.07818603515625,0.9655413740581791,0.9566551674063631,0.9491394490938307,1.1732735444754125,6.103515625e-05,1.128788949661532e-06,0.024577606164221225,0.015456210946581284,84,0.005126953125,0.9963024830075964,0.0,0.1563720703125,0.9881944652665925,0.9785590542910915,0.9707223029791626,0.774901037957028,0.000244140625,0.00044839662634169985,0.04534163340593858,0.0725374625314073,264,0.01611328125,0.997748438270849,0.0,0.312744140625,0.9899782875476221,0.9797494453928868,0.9724934478758677,0.729887656429087,0.0009765625,0.9349655246377252,0.08413685597639389,0.28890180747113925,912,0.0556640625,0.9988466780920314,0.0,0.62548828125,0.99135963985947,0.9816613738291435,0.974710904931137,0.6692577066575199,0.00390625,0.9499592161985104,0.1497866591010703,0.604248105298955,3088,0.1884765625,0.9996227255587659,0.0,1.2509765625,0.9924220576356872,0.9847442618001668,0.9780674183527784,0.5665378196042762,0.015625,0.9713060999273904,0.2534512196884323,0.894083116637778,11280,0.6884765625,0.999909737347145,0.0,2.501953125,0.9939920065526361,0.98992607782022,0.9843646060536014,0.32240778479475074,0.0625,0.9743251621895509,0.416010461399162,0.9999847842968791,0.0,5.00390625,0.9953362172720888,0.9947762394998186,0.9902740698714082,0.0,0.25,0.9806735927780517,0.633052073408185,0.02235380715412213,0.0007232705002804763,0.0748735166568378,0.003492870448572326,0.12125248161603108,0.006476677360276386,0.3307859455616758,0.03851167081745387
1,transformer.layers.2.linear2.weight,256,1024,262144,0.0134153288865918,0.9711059170495918,0.9713689259346187,6,8x32x4x8x32,0.0,0.0007770942965292623,0.6571793057790049,0.009999537360617474,0.9740763767217131,0.6871336870490988,0.07818603515625,0.9686778401415571,0.9548921216871771,0.9494414153556008,1.1689780383725465,6.103515625e-05,0.002931974921460531,0.026981017852134376,0.024378256039851828,84,0.005126953125,0.9975042644617425,0.0,0.1563720703125,0.9918567366140305,0.977109985348875,0.9715902559078355,0.753192918075799,0.000244140625,0.02032487619609218,0.05015519680991442,0.07922369170042777,256,0.015625,0.9984813128812161,0.0,0.312744140625,0.9935666355304362,0.9779458119097507,0.973306067955372,0.7082559158246987,0.0009765625,0.9275045908137776,0.08889190880024199,0.284801771748712,864,0.052734375,0.9992282689557873,0.0,0.62548828125,0.9948366887519028,0.9792693196083839,0.9751063931908539,0.6578876380337924,0.00390625,0.9503390633694688,0.15344331231360264,0.6474166981550982,3136,0.19140625,0.9997362048691375,0.0,1.2509765625,0.9954897013807452,0.9823377182127091,0.9783726855610011,0.5564272652416701,0.015625,0.9733336077550611,0.25389476417851536,0.9078804163031703,7744,0.47265625,0.9999413169137596,0.0,2.501953125,0.9967452018756789,0.9892576499425487,0.9862363651745066,0.2304307601732967,0.0625,0.9751318405090679,0.40631315523259137,0.9999927862897512,0.0,5.00390625,0.998077962274351,0.99341592501861,0.9915701774259186,0.0,0.25,0.9777543465335191,0.6062199228327589,0.07337706197144027,0.003951774795481583,0.12479685755162018,0.010372032490106752,0.16952073810295876,0.016592269459094387,0.37941603006988445,0.05544355610600771
1,transformer.layers.3.self_attn.in_proj_weight,768,256,196608,0.006815307032640888,0.9622236917984645,0.9645340560196343,6,3x8x32x8x32,0.0,0.0004607709514566121,0.43750802578664516,0.00999997428815055,0.9790654701055475,0.5329422606498793,0.08341471354166667,0.9733921509815594,0.9538892373471385,0.948155514363016,1.1870952735235725,8.138020833333333e-05,0.010194022108418535,0.04389152152146371,0.05500761369930367,83,0.006754557291666667,0.9977471332674773,0.0,0.16682942708333334,0.9916435139366193,0.9721517913345107,0.9662238904089879,0.8780015824091734,0.0003255208333333333,0.03207649479607833,0.08082989986759068,0.17793078587734068,262,0.021321614583333332,0.998896581324393,0.0,0.3336588541666667,0.9931520230006075,0.9733736786880702,0.9680057005261894,0.838907439220705,0.0013020833333333333,0.3330287854054372,0.14724578443388137,0.4993351464293749,873,0.071044921875,0.9995429100540228,0.0,0.6673177083333334,0.9935813561140985,0.9759978551131523,0.970462973009405,0.7812623104484918,0.005208333333333333,0.9496226273573166,0.26234621545821896,0.9840436038103684,3017,0.24552408854166666,0.9998565035956146,0.0,1.3346354166666667,0.9945328344277904,0.9835565266276944,0.9786012177547943,0.5487643492760425,0.020833333333333332,0.966870884217922,0.44475155991697274,0.9987006595198223,11145,0.906982421875,0.9999768702363193,0.0,2.6692708333333335,0.9962972219972884,0.9885849903267006,0.985075689857301,0.288832123141728,0.08333333333333333,0.969288691581001,0.6817410638630915,0.9999983557168011,0.0,5.338541666666667,0.9977416225116166,0.9941737132629946,0.9919770060398461,0.0,0.3333333333333333,0.977729039745125,0.9064324604215188,0.029576862009525594,0.00015933028852026414,0.09555096980165192,0.0018854386417506298,0.14953285736998656,0.004937670400157996,0.38251897794045064,0.04353963768995729
1,transformer.layers.3.self_attn.out_proj.weight,256,256,65536,0.038601905596330865,0.9642478200335273,0.9658839245560606,6,8x32x8x32,0.0,0.0002553244510260176,0.9506304864990005,0.009999996345684235,0.9815625867485941,0.4413181307267262,0.125244140625,0.976758130095761,0.9560508748330971,0.9511647250644671,1.1439618094496609,0.000244140625,0.429989971647679,0.05086319097955129,0.06209333184496698,80,0.01953125,0.9984169377168111,0.0,0.25048828125,0.99336130226959,0.9721270803456331,0.9671862919318166,0.857149316423828,0.0009765625,0.5311456766252777,0.08944993553570636,0.18973972527194996,240,0.05859375,0.9992059187395863,0.0,0.5009765625,0.9946963021723896,0.9730803913156405,0.9688580032327866,0.8194307251596825,0.00390625,0.7589872959336345,0.1591062871246274,0.5082178002960135,800,0.1953125,0.9997446753261905,0.0,1.001953125,0.9950370386240125,0.9751556696509643,0.9708337340773284,0.7721503468773978,0.015625,0.957586988949913,0.26649416694438544,0.98672123798577,2880,0.703125,0.999945950810562,0.0,2.00390625,0.9958799396274084,0.9835625996829019,0.9797408728313116,0.5092860096625579,0.0625,0.9701791603317078,0.4241698382879143,0.9991941424391773,6720,1.640625,0.9999955698830375,0.0,4.0078125,0.9971592362291946,0.9912952284493437,0.9885602514354654,0.09702767165756243,0.25,0.9765072960675053,0.6295088100758207,0.999999828824072,0.0,8.015625,0.9980913337269891,0.9954170479152656,0.9935417181221468,0.0,1.0,0.9852189904130364,0.8408414763711503,0.017453401093162034,0.0008016685060293706,0.06468379677126625,0.00400934945709748,0.11144915294008836,0.009525605565945254,0.3346423178437618,0.039120325031048675
1,transformer.layers.3.linear1.weight,1024,256,262144,0.009476485054706623,0.9680985371461918,0.9690670638287749,6,4x8x32x8x32,0.0,0.0010250973853452184,0.8068832890080049,0.009999978003600493,0.9785296866945995,0.5511716219339192,0.07818603515625,0.9711471770323152,0.9593493819138625,0.9520672291019898,1.1305061708471043,6.103515625e-05,5.5819179488024685e-05,0.029745642316502188,0.016170800017253798,84,0.005126953125,0.9962579262515985,0.0,0.1563720703125,0.9884305589846439,0.9760595898511637,0.9685120845171493,0.8273991267186402,0.000244140625,0.0005135526041949146,0.053735081995113586,0.06972635964144462,264,0.01611328125,0.9978648338264264,0.0,0.312744140625,0.9902144349788493,0.9777761248673019,0.9705655824431584,0.7787520400667121,0.0009765625,0.8495300674781653,0.09368505890951943,0.2813050533809718,912,0.0556640625,0.998956060343153,0.0,0.62548828125,0.9912382355901762,0.9788188845847446,0.9716463520369021,0.7517671816877299,0.00390625,0.9529977040182094,0.16007866717442762,0.6210716118542075,3088,0.1884765625,0.9996813469848621,0.0,1.2509765625,0.9926141168540149,0.9837141745753785,0.9771997940211198,0.5945234289355065,0.015625,0.9699191771695024,0.26287897551442446,0.8904639385783026,11280,0.6884765625,0.9999289522829452,0.0,2.501953125,0.9943832287250235,0.9884070273781964,0.9832104206921021,0.3737830407475613,0.0625,0.9718446183987457,0.41712649142940544,0.9999883420036058,0.0,5.00390625,0.9955114012860748,0.9930265113427824,0.9887151410307853,0.08719419439177227,0.25,0.9780658261894248,0.6155734341483601,0.026707414316388914,0.0006669742095693777,0.08547532349779546,0.004778095206946747,0.1361711521947833,0.010008787481917344,0.35980846929475957,0.05204054141727557
1,transformer.layers.3.linear2.weight,256,1024,262144,0.010437522534349545,0.9730625938544313,0.9737969680618379,6,8x32x4x8x32,0.0,0.0006442984582059955,0.6212508593323609,0.009999524855878992,0.9835718646133581,0.3580843709686389,0.07818603515625,0.978873396869025,0.9654279674132762,0.9606471440290862,0.9882341704147755,6.103515625e-05,0.01152728954851662,0.031687894986414215,0.02966703211101766,84,0.005126953125,0.9979674894850118,0.0,0.1563720703125,0.9931366823911173,0.9793501724167971,0.9746087997270813,0.6721642972733093,0.000244140625,0.05767460679016972,0.056875757678256846,0.08908702786474613,256,0.015625,0.9987439081511577,0.0,0.312744140625,0.9947761769074471,0.9798028216979837,0.9761335558900974,0.6274918167842521,0.0009765625,0.8710694126251124,0.10055167305847978,0.3058436746000097,864,0.052734375,0.9993715833506805,0.0,0.62548828125,0.9954124672601626,0.9811065504925679,0.9773355571801307,0.5902153473030574,0.00390625,0.9613854894783427,0.1698037554336632,0.6599065027492574,3136,0.19140625,0.999801407400264,0.0,1.2509765625,0.9960809651232914,0.9849177228343653,0.981421748152847,0.44680737760684486,0.015625,0.9759351242065233,0.276089928762864,0.8992171648118202,7744,0.47265625,0.9999612835885866,0.0,2.501953125,0.9972484175599933,0.9891573470447281,0.9865820728351934,0.2120809087932737,0.0625,0.9768180810835544,0.4300777499772938,0.9999954666713802,0.0,5.00390625,0.9985288993396788,0.9929985195715963,0.9915863498682662,0.0,0.25,0.9792232042757711,0.6278662648819678,0.08576281095296426,0.0034279417895948525,0.13838710348872693,0.011673552055964941,0.18273961471876998,0.025022745682394827,0.3883124672388621,0.07045014989684883
1,transformer.layers.4.self_attn.in_proj_weight,768,256,196608,0.006546336832708191,0.9623116817696714,0.9648029984669624,6,3x8x32x8x32,0.0,0.0003432431141773389,0.432132285441125,0.009999936959400418,0.9910443010340052,0.0,0.08341471354166667,0.9872292149229479,0.9622963268139654,0.958534655667694,1.0259530363329192,8.138020833333333e-05,0.00771870652460747,0.05007906600461183,0.04733658445672455,83,0.006754557291666667,0.9985991670249883,0.0,0.16682942708333334,0.9944870030503222,0.9700438869387582,0.96605902064943,0.8815140968749696,0.0003255208333333333,0.014552307125083132,0.09659416088467848,0.17788642264916274,262,0.021321614583333332,0.9992001052674083,0.0,0.3336588541666667,0.9953939250498182,0.9708674345018148,0.9673030077132312,0.8545789659880777,0.0013020833333333333,0.5817960447186781,0.17389774378681805,0.5004696683140715,873,0.071044921875,0.9996598082067353,0.0,0.6673177083333334,0.9956252466701969,0.9720372923990175,0.968343739364041,0.8312454243172877,0.005208333333333333,0.9594046777645102,0.28916356956830774,0.9921164335188358,3017,0.24552408854166666,0.9999076236398572,0.0,1.3346354166666667,0.9965389650625246,0.9826460404339745,0.9795324441997334,0.5166694142638485,0.020833333333333332,0.9666754936511562,0.4655336295646794,0.999075833769815,11145,0.906982421875,0.9999847594937247,0.0,2.6692708333333335,0.9973369230235557,0.9866623644069143,0.9841417609853873,0.3326162876035682,0.08333333333333333,0.9687932831195435,0.6925356886516025,0.9999990654850177,0.0,5.338541666666667,0.9980979216261971,0.9925656209410219,0.9907136914684118,0.0,0.3333333333333333,0.976812016719074,0.9107151105960213,0.019572475674048052,0.0012724345674530178,0.06744249298469755,0.006079383394893427,0.11134998933143275,0.010450835237008392,0.32258727779478596,0.0423222482622393
1,transformer.layers.4.self_attn.out_proj.weight,256,256,65536,0.027783761355458327,0.9628589920788733,0.964652563355195,6,8x32x8x32,0.0,0.00021127866909120992,0.9255428074376019,0.009999992342023603,0.9902899598389076,0.0,0.125244140625,0.9857469496932219,0.9623365415212768,0.9578741407344908,1.0373530570397795,0.000244140625,0.2897797858591819,0.04810438043914009,0.06514988378246954,80,0.01953125,0.998708542973598,0.0,0.25048828125,0.9938959630984822,0.9709011267650578,0.9661723422645387,0.8791016433927219,0.0009765625,0.3907285518407018,0.09090672158647375,0.18405323213444522,240,0.05859375,0.9993654247423874,0.0,0.5009765625,0.9949887250850367,0.9718888095457769,0.9677926367988303,0.8436952764592197,0.00390625,0.8487530058030055,0.15554296784605023,0.49516014014363197,800,0.1953125,0.9997887213177867,0.0,1.001953125,0.9953846298067639,0.9741636939432785,0.9700924671322183,0.7902544522827913,0.015625,0.9611375569102687,0.2577819399538018,0.992706442485438,2880,0.703125,0.9999600977905879,0.0,2.00390625,0.9964361406270538,0.9825651986406035,0.9792674509093177,0.5259487541811356,0.0625,0.9698326155720788,0.4102801683971761,0.9993577448008998,6720,1.640625,0.9999968911737418,0.0,4.0078125,0.9976172724894647,0.9892919005434211,0.9869981669499314,0.18935751723519675,0.25,0.9756811365075884,0.613735193506988,0.9999998984024161,0.0,8.015625,0.9987053980459119,0.9946020932869988,0.9933320484495192,0.0,1.0,0.9849715614589485,0.8303418026891161,0.01854033945315418,0.00042996902114045504,0.06669352672965033,0.002637407106505399,0.1115339738501053,0.006802802152202818,0.32863729983158046,0.04709764443104883
1,transformer.layers.4.linear1.weight,1024,256,262144,0.0070902970702270435,0.9682304254704582,0.9688597532450428,6,4x8x32x8x32,0.0,0.0008184681489663474,0.7510917258753732,0.009999914901626925,0.989405387790773,0.041665391114883196,0.07818603515625,0.9813257747985955,0.9694772038427096,0.9616603083161566,0.9694193676686734,6.103515625e-05,7.455271203591012e-06,0.023005064179985844,0.015492844920003038,84,0.005126953125,0.9967720565429897,0.0,0.1563720703125,0.9883986445686983,0.976631364793648,0.9685387592022022,0.8267877851150301,0.000244140625,0.00020728136999589077,0.044772674641504924,0.06901877812180028,264,0.01611328125,0.9981445932221276,0.0,0.312744140625,0.9900430898176782,0.9782396056633306,0.9706742082793904,0.7760850289091369,0.0009765625,0.01945796018245081,0.08085101749308829,0.263803829098699,912,0.0556640625,0.9991625882880141,0.0,0.62548828125,0.9913834238196759,0.9799834630504929,0.9728680000229105,0.7199976983525053,0.00390625,0.9623048691719508,0.14505780115738104,0.6111117832780506,3088,0.1884765625,0.9997573542737043,0.0,1.2509765625,0.9924877444273197,0.9853332854083484,0.9786020891305852,0.548734974821124,0.015625,0.9681460198816305,0.24567616249612242,0.884418818760067,11280,0.6884765625,0.9999487394280687,0.0,2.501953125,0.99399557269788,0.9882219890229529,0.9826087798830908,0.39917957572033896,0.0625,0.9713935930861949,0.3973168862897105,0.999991359452403,0.0,5.00390625,0.9955924103054,0.9940771096917184,0.9898177748860245,0.013026433462956961,0.25,0.9772543075012439,0.6037217328097778,0.023599870239276958,0.0005392395053128175,0.07857615818162014,0.003391217303881308,0.12809019690163886,0.007718679589006111,0.3544172331427095,0.04156315002701664
1,transformer.layers.4.linear2.weight,256,1024,262144,0.007214152374807758,0.9698371890604967,0.9703387087271392,6,8x32x4x8x32,0.0,0.000495612387972578,0.6923903751189954,0.00999978594957926,0.9917780382462066,0.0,0.07818603515625,0.98732095808118,0.9690246870971627,0.9646499186172767,0.9108567682007347,6.103515625e-05,0.0031850860950695444,0.03448230580171602,0.029896248964020485,84,0.005126953125,0.9982068077028443,0.0,0.1563720703125,0.993563980523255,0.9757829020271309,0.9712272252194626,0.7623521789968339,0.000244140625,0.015910189304570468,0.05838730939559247,0.08704047913410713,256,0.015625,0.998930187450133,0.0,0.312744140625,0.9953147566130567,0.9764743159660375,0.9730939930896726,0.7139641490728704,0.0009765625,0.044506288909957795,0.10268031452639136,0.3018493799923442,864,0.052734375,0.9994958695466748,0.0,0.62548828125,0.9957907397270398,0.9778516610928245,0.9744470806722321,0.6767440616107772,0.00390625,0.9650405670539337,0.1739507900086709,0.6674339507831609,3136,0.19140625,0.9998459806823117,0.0,1.2509765625,0.9967007414080438,0.9807646092407099,0.977825089785506,0.5744641315559216,0.015625,0.9720366111966952,0.2833512813997497,0.9035920644491645,7744,0.47265625,0.9999732671305063,0.0,2.501953125,0.9978863751645602,0.9870667549342397,0.9850853363921631,0.28836571941723843,0.0625,0.9739859164001902,0.4419838529092655,0.9999971682040247,0.0,5.00390625,0.99908965818653,0.9923926042887748,0.9915211781437127,0.0,0.25,0.9764864780918858,0.6419389324413654,0.06971019944884972,0.0019168536376279767,0.11868194799831039,0.010221198724709259,0.16155439222749227,0.02139756293594644,0.3643141860899657,0.07879849623726327
1,transformer.layers.5.self_attn.in_proj_weight,768,256,196608,0.004636290592136191,0.9611383676652967,0.9621542663152944,6,3x8x32x8x32,0.0,0.0002714872488124482,0.4704284134374026,0.009999986353714655,0.9974620317092654,0.0,0.08341471354166667,0.9922489235997103,0.9670248933882142,0.9619330995887599,0.9642685517824503,8.138020833333333e-05,0.01673343367194334,0.055453141042344896,0.05192585905157062,83,0.006754557291666667,0.9987402731969193,0.0,0.16682942708333334,0.9933026777137041,0.9686510774276647,0.9633766228420816,0.936382416380478,0.0003255208333333333,0.024697739106801418,0.10393498331557509,0.19333095370160497,262,0.021321614583333332,0.9993316448884291,0.0,0.3336588541666667,0.9946680487453678,0.9692646848137896,0.9648949395777925,0.9058395055754785,0.0013020833333333333,0.11127958155735487,0.17559013404378201,0.5146528551737031,873,0.071044921875,0.9997250008562092,0.0,0.6673177083333334,0.9949827258373594,0.9703717512620187,0.9660262414481093,0.8822104169421929,0.005208333333333333,0.9624200426374315,0.29070682611701315,0.9976634352288306,3017,0.24552408854166666,0.9999381124675959,0.0,1.3346354166666667,0.9967060606827409,0.9836737548785829,0.9806634863591468,0.47566385070481826,0.020833333333333332,0.9640197527983696,0.46371009748639835,0.9992935335325992,11145,0.906982421875,0.9999913280291455,0.0,2.6692708333333335,0.9975146440999486,0.988270704484651,0.9859005422073344,0.24781984177752756,0.08333333333333333,0.965988545363973,0.6890137455336122,0.999999484818051,0.0,5.338541666666667,0.9983354483337746,0.9928415357244398,0.9912131732289021,0.0,0.3333333333333333,0.9750606901405493,0.9181657212738857,0.018587467851195232,0.0014555330469824903,0.06514774275495422,0.009595805024033592,0.10795814098693084,0.015093210583021023,0.3217254452954358,0.05124035040217949
1,transformer.layers.5.self_attn.out_proj.weight,256,256,65536,0.024771746668939814,0.9650516437616172,0.9665928835252485,6,8x32x8x32,0.0,0.00015356025728669657,0.7283822676687844,0.009999930419798813,0.9988421538159927,0.0,0.125244140625,0.9947973662189316,0.971274168442279,0.9673085717969037,0.8544562030297342,0.000244140625,0.22811532196130077,0.04386200539436376,0.05748690207202616,80,0.01953125,0.9992606768401338,0.0,0.25048828125,0.996107425863663,0.9715733514805962,0.9686552284840663,0.8241124067271308,0.0009765625,0.30726267082882397,0.08151931626220581,0.18219241205252434,240,0.05859375,0.99957623344656,0.0,0.5009765625,0.9962961930712788,0.972042830647793,0.9690217294458718,0.8156283020084096,0.00390625,0.8037447546748209,0.15098218274870573,0.5201763015537022,800,0.1953125,0.9998464397585931,0.0,1.001953125,0.996569979276872,0.979076245977347,0.9760190163610614,0.6309454178229958,0.015625,0.9670838767382821,0.26453501039393434,0.9991098838347184,2880,0.703125,0.9999780123454486,0.0,2.00390625,0.9975223459963725,0.9833620438839713,0.9810516629463284,0.46103561998461384,0.0625,0.97105265066212,0.4292365749522724,0.9996727071215238,6720,1.640625,0.9999988196847297,0.0,4.0078125,0.998352222819497,0.9892118103960251,0.9876135693038658,0.154380258434593,0.25,0.9748977905525334,0.6315295629399477,0.9999999769880028,0.0,8.015625,0.9995227124901768,0.9947794635136779,0.9943117848501232,0.0,1.0,0.9835010534229345,0.8421990781746612,0.015139181652513344,0.00017774314870179405,0.05598326244085566,0.0017669755771420536,0.09506790514706731,0.004882726112805908,0.2958068573687037,0.03726492028141158
1,transformer.layers.5.linear1.weight,1024,256,262144,0.006615763178291824,0.971794309455503,0.9726515412844716,6,4x8x32x8x32,0.0,0.0005687354151332496,0.6019626918157795,0.00999965773728409,0.997037649888932,0.0,0.07818603515625,0.9908683860463784,0.9777781770497499,0.9717963924575985,0.7479398552598593,6.103515625e-05,0.00018446753648705363,0.019542739745593556,0.017066737200988665,84,0.005126953125,0.9979252598402788,0.0,0.1563720703125,0.9918901496530899,0.9783993423920325,0.9726656288248443,0.7253580934223159,0.000244140625,0.0018808980488430466,0.03811853650061274,0.06967560130055013,264,0.01611328125,0.9986720535704694,0.0,0.312744140625,0.9926550301086464,0.979087800310322,0.9734872099395524,0.7033442497493002,0.0009765625,0.0075907987916773246,0.07143032056720057,0.2634897769310921,912,0.0556640625,0.9994241735769742,0.0,0.62548828125,0.9936525801243098,0.9808796959757796,0.9755986850178269,0.6434794482207497,0.00390625,0.9719738129477337,0.13127846835091314,0.6448200603894606,3088,0.1884765625,0.999844802694812,0.0,1.2509765625,0.994504700777634,0.9852309935176996,0.9803000726586537,0.48909515432121425,0.015625,0.9726037023799531,0.2292308997487394,0.9049535223911231,11280,0.6884765625,0.9999720765467803,0.0,2.501953125,0.9956325237614977,0.9894378677573376,0.9853315344798173,0.27635897871588894,0.0625,0.9747340660188827,0.38367602863171807,0.9999951965366176,0.0,5.00390625,0.9971944283008145,0.9937670595718452,0.9910627711617135,0.0,0.25,0.9800421250108026,0.6045600339805819,0.021542007196123113,0.0015509904954654262,0.07454409266763,0.006438476898765627,0.12286798082529797,0.011321022645236094,0.3500097419913215,0.05508813160721288
1,transformer.layers.5.linear2.weight,256,1024,262144,0.0062623744410779374,0.9749293637185961,0.9752212082375711,6,8x32x4x8x32,0.0,0.00035151255877732417,0.5768696770804176,0.009999466203650689,0.9984866006350591,0.0,0.07818603515625,0.9945351629016074,0.979224791643864,0.9753203805034921,0.6516600757944578,6.103515625e-05,9.150377242036844e-06,0.03726771760473189,0.028158181621355343,84,0.005126953125,0.9987952579969193,0.0,0.1563720703125,0.9959739240526532,0.9793760823984347,0.9766634143057741,0.6112967500528271,0.000244140625,0.006152609275117596,0.06545658757956523,0.09792630595868762,256,0.015625,0.9992558049253306,0.0,0.312744140625,0.9965670867200385,0.9798137276649236,0.9772582267047532,0.5926723765546823,0.0009765625,0.05611360432990746,0.11283762943380984,0.32722869752446815,864,0.052734375,0.999664236332121,0.0,0.62548828125,0.9969038820687772,0.9807426140780725,0.9782033314062968,0.562053825055796,0.00390625,0.9751975332877976,0.1864916087767016,0.6737840814633369,3136,0.19140625,0.9999114282488407,0.0,1.2509765625,0.9976657058603715,0.9843842022452519,0.9822549462160836,0.41370847355254065,0.015625,0.9766583015962805,0.2993134039747585,0.9135710418888489,7744,0.47265625,0.9999901126715369,0.0,2.501953125,0.9988592188938668,0.9893096581958863,0.9882214083258282,0.11808352568986703,0.0625,0.9774766176727879,0.4551833509569762,0.9999994284862459,0.0,5.00390625,0.9997594360732642,0.9924569564662185,0.9922257977691823,0.0,0.25,0.9791430082652464,0.6489945260349339,0.05547574402521345,0.0011149982148197168,0.10623424650205196,0.0074729615936166595,0.14971891960237516,0.014221212121741132,0.3577744367413729,0.05707898680909461
100,position_embedding,256,256,65536,0.044151024220969295,-0.4397144414997938,0.07495729063285428,0,256x8x32,2.074502752303132,0.009999999999999997,3.3530009117782305,0.010000000000000012,0.335569038904555,3.027023698165273,0.125244140625,0.004454289789943043,0.30170273116478175,0.0026445244342070576,3.320017946912802,0.000244140625,,0.06654791677396543,0.06518698276452627,296,0.072265625,0.5631000263248733,2.7246155568708357,0.25048828125,0.11483534062304775,0.5118620410033372,0.06559398846360036,3.2729888253841173,0.0009765625,,0.11634840288087028,0.1523077050170797,608,0.1484375,0.7757177255427177,2.2436218501589438,0.5009765625,0.25604185310117833,0.6909364759295858,0.1869304648295221,3.172653417170588,0.00390625,,0.1849010973543189,0.3176519083390076,1280,0.3125,0.8685116786262512,1.8584313808739725,1.001953125,0.2940347632787677,0.7969774300371488,0.23273345292699052,3.130827974728467,0.015625,,0.27912947143855993,0.5263301499820182,2816,0.6875,0.9206073722386686,1.494502523923626,2.00390625,0.34209565907774153,0.833875901686091,0.26928608581255364,3.0956173870793995,0.0625,,0.4001293040413889,0.7831191062406063,6656,1.625,0.9589584270674257,1.0185430118971772,4.0078125,0.4078728117777451,0.8668627218972568,0.3308073726736526,3.0321748228975722,0.25,,0.5687130536547268,0.985272706937202,0.2792461407211947,8.015625,0.49906820383989864,0.9049979841648661,0.4304116709639572,2.9159238402110708,1.0,,0.7693651487181191,0.07227047251738174,0.010074092071182782,0.15007655536927655,0.027463403166909036,0.1854957414460359,0.0404452174610534,0.33916021570191274,0.09296543401078997
100,token_embedding.weight,257,256,65792,0.3613461249412685,0.1508554469149309,0.299439441368194,0,257x8x32,0.5115359675244116,0.009999976593563784,1.2979898200338185,0.00999999832174535,0.44866983676794625,2.8924223141067618,0.125,0.2532338284495306,0.36501793530628845,0.20453256914196033,3.156865478905696,0.00024319066147859923,,,0.09533454072589899,297,0.07222762645914396,0.6522856009826301,2.559915452936229,0.25,0.3965471830791514,0.5184839071518721,0.29587649459813636,3.0688782995192616,0.0009727626459143969,,,0.19292041962551473,610,0.14834630350194553,0.8382756402483167,2.0077325480926853,0.5,0.5270845270689104,0.6511615667258697,0.37307275170685456,2.9851130651165008,0.0038910505836575876,,,0.3732506057325821,1284,0.3122568093385214,0.9452859304699391,1.225955932333759,1.0,0.647389027228653,0.7655939155436368,0.4879088387398192,2.8391643765710026,0.01556420233463035,,,0.6160125009580038,2824,0.6867704280155642,0.9875293333940939,0.15926929246073526,2.0,0.7897506062281041,0.8345878946955011,0.6477107851717324,2.5693442014767136,0.0622568093385214,,,0.8554661003880404,6672,1.622568093385214,0.9981473054310473,0.0,4.0,0.9421025035173893,0.8855082214465838,0.8322343067174492,2.0341879107218177,0.2490272373540856,,,0.9999138168441759,0.0,8.0,0.9801631121608769,0.9247439928233101,0.9055440041653601,1.6198211891292138,0.9961089494163424,,,0.013247800374726882,0.0022815055989536294,0.04653939700747776,0.00989691770490275,0.07835275298482423,0.015623895350349621,0.24604488763372342,0.06581366256643596
100,transformer.layers.0.self_attn.in_proj_weight,768,256,196608,0.07841264361135765,0.23590570931890353,0.3660776128480431,6,3x8x32x8x32,1.3967489413977856,0.009999999999999733,2.8224384677365,0.01,0.7719999885625191,2.255480995824647,0.08341471354166667,0.3969650634659007,0.7647698220285721,0.39193228981859773,2.963080037982023,8.138020833333333e-05,0.39175101357276976,0.04991250451809307,0.0524692600066132,83,0.006754557291666667,0.8418428297800868,1.991643529153248,0.16682942708333334,0.4140695870610204,0.8168827114391396,0.39687998401634494,2.9571866050867377,0.0003255208333333333,0.39682112882036885,0.08789707518768901,0.1444873350524751,262,0.021321614583333332,0.924933801081479,1.4540817159873387,0.3336588541666667,0.48410566404838906,0.8355420029730801,0.4074184799953675,2.9444708653069243,0.0013020833333333333,0.40808861398464874,0.14964853107516982,0.39351361535573864,873,0.071044921875,0.9579892106552451,1.035379946507371,0.6673177083333334,0.6989447058193945,0.8691842617442743,0.6199505022219391,2.6240577113908676,0.005208333333333333,0.557847136635066,0.24086172732708014,0.7507277839835225,3017,0.24552408854166666,0.9795535503318844,0.5159251773078457,1.3346354166666667,0.7392908626467998,0.9127741166197745,0.6789411992724652,2.502382820337489,0.020833333333333332,0.6534716084549603,0.37617092515979156,0.8995986582172145,11145,0.906982421875,0.9911984059307778,0.0,2.6692708333333335,0.7928574226358125,0.9418113868470535,0.7480516156034465,2.3275281500159437,0.08333333333333333,0.737837272999773,0.563612112916327,0.9971928882466591,0.0,5.338541666666667,0.8319989313356193,0.9676161057955529,0.8051531726973168,2.1421342675673114,0.3333333333333333,0.7902236320057542,0.7734130668991421,0.016938281766507995,0.000520677404902912,0.0602458589468194,0.003399790034213816,0.10015585344475383,0.008152780041260395,0.2937710356387274,0.05473952809647647
100,transformer.layers.0.self_attn.out_proj.weight,256,256,65536,0.12402166131181296,0.2337655051948102,0.3393519036740448,6,8x32x8x32,0.09572174729798255,0.009785266274452312,2.4789437822044107,0.009999999999999998,0.8159873870740676,2.1008663761882143,0.125244140625,0.34311350223818055,0.778738158419188,0.32713892675835504,3.0361183773983624,0.000244140625,0.3258948133275684,0.03507210987050433,0.042865930127224394,80,0.01953125,0.8914089049691984,1.7204169476260045,0.25048828125,0.40337948155139297,0.8048326194305279,0.3380073253764421,3.0243716738279502,0.0009765625,0.332733937652498,0.06478532731019937,0.14210073348141142,240,0.05859375,0.9605977902593268,0.9891382703296023,0.5009765625,0.7251787253079419,0.8549927007117175,0.6363047467150053,2.592329095841014,0.00390625,0.6022736454173421,0.11737849727737112,0.40158549030407575,800,0.1953125,0.9895970430224118,0.028496831998102382,1.001953125,0.8689165284315504,0.8950601816783115,0.7789092509502037,2.2332833777973256,0.015625,0.7516519588663158,0.20124314647688124,0.8764910946862495,2880,0.703125,0.9967809012613236,0.0,2.00390625,0.9190254499440288,0.920451951992101,0.8455733420483649,1.9744249573441817,0.0625,0.8094987549415622,0.3387988439385836,0.9745757496237825,6720,1.640625,0.9990757164162931,0.0,4.0078125,0.9536880752969524,0.9614787090184206,0.917416735537768,1.5229247242145882,0.25,0.8694787099280801,0.5331464131344209,0.9997875119621007,0.0,8.015625,0.9713645714053638,0.9800165974683791,0.9521080743139128,1.1298912230272344,1.0,0.9387064245462529,0.7594160984784335,0.015096193781334165,0.0002047439051480494,0.053955736610761036,0.003331147398148651,0.09217273254059528,0.006158703230120022,0.29186857838570335,0.037127724349681875
100,transformer.layers.0.linear1.weight,1024,256,262144,0.01212999735549116,-0.16517482404004613,0.151096997711757,6,4x8x32x8x32,1.8712124772841607,0.01,3.1220890054585926,0.009999999999999998,0.358201643560828,3.0020240949801758,0.07818603515625,0.1350650536576387,0.20494832580272318,0.0538923531677344,3.2819662178284177,6.103515625e-05,0.015132428938930338,0.012887526383059563,0.006435496349192395,84,0.005126953125,0.5784415093406658,2.6988304559452656,0.1563720703125,0.27027920020911794,0.32932980888812813,0.10756334253929324,3.239838934697843,0.000244140625,0.06323646479895936,0.02531260477975885,0.023314448670683864,264,0.01611328125,0.8047307637990077,2.1436963859161504,0.312744140625,0.4726739413840307,0.5082657169561405,0.2545013063332772,3.1100669596858386,0.0009765625,0.20564865215523787,0.04821622412813497,0.10161681408600629,912,0.0556640625,0.9129741618622986,1.5607219017383835,0.62548828125,0.6908525309047061,0.6335206257851331,0.45059363626760046,2.889900858012782,0.00390625,0.28249569408140734,0.0895880525281258,0.2713163419471811,3088,0.1884765625,0.9630632620634465,0.9425282302559619,1.2509765625,0.7735511817885737,0.7534886045702637,0.5876216005197008,2.682948430359735,0.015625,0.4197947309140567,0.16018670873325358,0.5983049202550972,11280,0.6884765625,0.9852054270517444,0.2825340265583859,2.501953125,0.8335994340750311,0.8517399888875318,0.7129212325572044,2.4216873632948723,0.0625,0.6143360214856924,0.2775674059472272,0.9949497870438418,0.0,5.00390625,0.8824498334549306,0.9144508088457645,0.8087725515586687,2.1286088574503346,0.25,0.73094014942028,0.45715025901102785,0.01209515104732438,0.0013268044017363306,0.04349396899538471,0.005526231499902039,0.07442055605547265,0.011462413096210227,0.23860926500082902,0.05156857958473499
100,transformer.layers.0.linear2.weight,256,1024,262144,0.015481123154005384,0.076344736688986,0.23286090535685422,6,8x32x4x8x32,1.399032384670868,0.009999999999999948,2.986875522179646,0.009999999999999995,0.4400080251186576,2.9036671236342944,0.07818603515625,0.12311248299321662,0.3386954205474552,0.09235905280735585,3.2520248954587285,6.103515625e-05,0.08248776610331095,0.046905863818383874,0.04275502740127976,84,0.005126953125,0.6883063515743899,2.481028425730202,0.1563720703125,0.23513891433364245,0.5015159532794241,0.1573118071085043,3.1984635031322854,0.000244140625,0.12123892804760848,0.08240474198292352,0.08871658973285633,256,0.015625,0.8824577835399127,1.7775535515362535,0.312744140625,0.5050202352012578,0.6978431676423201,0.37550784364054524,2.9823057732703204,0.0009765625,0.29608870304466506,0.13662609190336544,0.19806280946050628,864,0.052734375,0.9583067440521915,1.0299070204019762,0.62548828125,0.6793423847856183,0.7788776583006711,0.534482626159979,2.7703815536612777,0.00390625,0.39672451588759355,0.19765513587669437,0.4652479714263012,3136,0.19140625,0.9862354541511434,0.23047850502444542,1.2509765625,0.8061275289384444,0.8458179736103728,0.6785447338217703,2.5032730402434136,0.015625,0.5523583086259498,0.27092711722929713,0.7136571278030588,7744,0.47265625,0.9961176565463733,0.0,2.501953125,0.8965177303147127,0.9121003245964987,0.8172650964935456,2.0958401594627656,0.0625,0.6817957198934338,0.3823442779254926,0.9990912326966125,0.0,5.00390625,0.9511038239942934,0.9455286419187553,0.8993770084774729,1.6654440407993776,0.25,0.8329808299742415,0.5452258710192656,0.1867393358400532,0.00443549463731935,0.21626219439726235,0.013645644648558669,0.2426884093089085,0.024003693431613026,0.38036877280975345,0.0828961848642342
100,transformer.layers.1.self_attn.in_proj_weight,768,256,196608,0.002789643121971973,0.2281613764148096,0.32133738478790375,6,3x8x32x8x32,0.532285144679312,0.009999387096596075,2.8360678966594173,0.01,0.5147070660612449,2.8003919744597767,0.08341471354166667,0.19643537667794186,0.4971618453880338,0.18930219788420635,3.170546163334968,8.138020833333333e-05,0.00035745689040671546,0.04468888958582279,0.04179449438178053,83,0.006754557291666667,0.8211335093550981,2.080405614507594,0.16682942708333334,0.31013252284989035,0.7977518881264722,0.29904420220346556,3.0656257828923232,0.0003255208333333333,0.0009675774205158478,0.0803084487734713,0.11885005754594732,262,0.021321614583333332,0.948524142784009,1.1819479749684627,0.3336588541666667,0.4966817793196094,0.9161921510961901,0.47458269126634844,2.857695911300397,0.0013020833333333333,0.005672185988387357,0.13993023614944194,0.3055352016660523,873,0.071044921875,0.9819292195817663,0.42682940642729883,0.6673177083333334,0.5442312252437079,0.9495340282730446,0.5213551200096694,2.790441885982018,0.005208333333333333,0.1777521949092131,0.23580806992517075,0.6221503499353367,3017,0.24552408854166666,0.9948599016488974,0.0,1.3346354166666667,0.6342105205539718,0.9701254924839093,0.6150762193377212,2.6332504493778024,0.020833333333333332,0.3526410382019142,0.3744718869512689,0.887654195361758,11145,0.906982421875,0.9987229714712119,0.0,2.6692708333333335,0.7447047693902462,0.9817531631957737,0.7303442021197151,2.3765235742570527,0.08333333333333333,0.5041033190675531,0.5450011091523187,0.9997377880877939,0.0,5.338541666666667,0.8350330168109878,0.9917947858484816,0.8280117125380728,2.052119207244718,0.3333333333333333,0.5601833551800638,0.7371378108146308,0.014942201720867323,0.000783153586296914,0.05339761224524809,0.002956027661529628,0.0894340965698574,0.0049307776142136,0.27431994925467806,0.03593093814877904
100,transformer.layers.1.self_attn.out_proj.weight,256,256,65536,0.008821165923509629,0.2267278858718933,0.3141395141751605,6,8x32x8x32,0.6256697692148852,0.00999982693634859,2.8089847944100326,0.009999999999999998,0.7267529789107292,2.386066931379165,0.125244140625,0.26267170756852976,0.6284306559328195,0.23513469327147768,3.128566902768645,0.000244140625,0.0006069527636447806,0.03709287725708567,0.04177407074809156,80,0.01953125,0.8894455041873343,1.7333428949585803,0.25048828125,0.4189043516075501,0.7799397559237577,0.3694895944970936,2.9892241374338044,0.0009765625,0.005498257901136303,0.07050969397270461,0.14824263011809263,240,0.05859375,0.9437569797999324,1.2458370339643656,0.5009765625,0.6482795120822475,0.8328411476252692,0.5672118520766255,2.7177945429060126,0.00390625,0.23856383649290644,0.12677836076061116,0.403960527137736,800,0.1953125,0.9840040812508104,0.3388519290756093,1.001953125,0.696295806700319,0.9142401089892342,0.6418182115314632,2.581310040569532,0.015625,0.4104730406201679,0.21887531668854243,0.8316729906904312,2880,0.703125,0.9963321469242858,0.0,2.00390625,0.8539836069448864,0.9446554049539895,0.8101770330534469,2.1232913257499915,0.0625,0.6102522510078466,0.35914410751917136,0.9647102954499231,6720,1.640625,0.9993964336203841,0.0,4.0078125,0.9428642406469627,0.9713450178471801,0.9169119517728201,1.5273204839643695,0.25,0.7616604879565557,0.5539257247876657,0.9999399167568334,0.0,8.015625,0.9739925560094531,0.9891146342497631,0.9636713147616476,0.9305545772555622,1.0,0.8782005184141911,0.7685827858062487,0.011244981011194326,0.00034084125292888724,0.0449226221758436,0.004014447546775248,0.07937981393778094,0.009776705202345692,0.2662697528906064,0.05156884423462444
100,transformer.layers.1.linear1.weight,1024,256,262144,0.004709619404474591,0.12356417184989799,0.2596562465738199,6,4x8x32x8x32,1.1269646863058707,0.009999999995239095,3.023226697380071,0.01,0.47001463814033984,2.8639403040135645,0.07818603515625,0.14965396016376856,0.32857617179179566,0.11184884169270537,3.2363666654507837,6.103515625e-05,0.00018151158777591838,0.014065794307755623,0.007065744354856698,84,0.005126953125,0.6950460425327267,2.46525976657178,0.1563720703125,0.23620759383746376,0.5291692228674235,0.18177487140983115,3.177212969769526,0.000244140625,0.0003272707107685904,0.026507021810195965,0.03160224321084353,264,0.01611328125,0.9006397205654622,1.6563346154539915,0.312744140625,0.45476704495082204,0.7840963857290755,0.39715083354716924,2.956862589110867,0.0009765625,0.1039472097867767,0.04866161969221517,0.12288974403764555,912,0.0556640625,0.9708140469418622,0.7726370898715825,0.62548828125,0.5678100049856835,0.8959309856620865,0.5169355190849718,2.7970719360604894,0.00390625,0.13320782713321216,0.08989923155100274,0.3297116401882382,3088,0.1884765625,0.9909601795834263,0.0,1.2509765625,0.7108694729619438,0.9472282508476889,0.6764271839501921,2.5080092521349773,0.015625,0.38615846760359473,0.1623918153918775,0.6711764423741692,11280,0.6884765625,0.9974119697023,0.0,2.501953125,0.8377931842498477,0.9712682706041742,0.8151676545132492,2.10407267200561,0.0625,0.5043976251860238,0.2842139235476557,0.9993436967325469,0.0,5.00390625,0.9034509914359339,0.9839069941342571,0.88945339230565,1.7332914246176347,0.25,0.6534628701753531,0.47124802041384967,0.013665947873566555,0.0006727433155877095,0.049444038164916604,0.0035611234321850076,0.08353207513868348,0.007308807841387939,0.25886582061636426,0.04104721939412145
100,transformer.layers.1.linear2.weight,256,1024,262144,0.005767874363541116,0.15933679542380563,0.27147885615097134,6,8x32x4x8x32,0.8296116171897849,0.009999994489329948,2.948775113134089,0.009999999999999998,0.48625844201861346,2.841485438450617,0.07818603515625,0.12297600357241945,0.3586024133177817,0.09992816069553224,3.245984124871549,6.103515625e-05,0.0119046372435827,0.03048984042290177,0.0238225098783373,84,0.005126953125,0.7240759609814588,2.39309962367267,0.1563720703125,0.23292092205898848,0.5569474517970397,0.19330576429943616,3.1669750209805443,0.000244140625,0.041322615930807084,0.05353117610364697,0.05975988980082383,256,0.015625,0.9135617203334649,1.5558351796592347,0.312744140625,0.49213425039604,0.7986599065569723,0.4280251307320481,2.9189399279569,0.0009765625,0.18590216053712,0.09491201874368589,0.1649539110213539,864,0.052734375,0.979105430251712,0.5315640258149166,0.62548828125,0.6047326391898313,0.8965169856043886,0.5462298350498144,2.7519449254466033,0.00390625,0.2788713207519669,0.14639866432752213,0.4395406475078159,3136,0.19140625,0.9944000470591029,0.0,1.2509765625,0.789301604259406,0.9451270578601295,0.7481522970125714,2.3272398338197178,0.015625,0.5348183753234639,0.22534101462937006,0.7177150758686186,7744,0.47265625,0.9987710168125187,0.0,2.501953125,0.9025444671271934,0.969461720689633,0.8753638712107951,1.8198252119206257,0.0625,0.6916001616048338,0.34663914954797226,0.9997878971181715,0.0,5.00390625,0.9590884545547421,0.9825992671125423,0.9425729796371475,1.2608648542621543,0.25,0.848465673282718,0.5212015613018532,0.12030835035484484,0.0036307607751017053,0.15425672048978098,0.011053288899990766,0.1845718948763527,0.017895199744953627,0.33974675553434425,0.06797385555869997
100,transformer.layers.2.self_attn.in_proj_weight,768,256,196608,0.0013148079853751756,0.10932858772345799,0.2551559434339793,6,3x8x32x8x32,0.26658219969270247,0.009984510929735846,2.8696060150924283,0.010000000000000002,0.6742355251606931,2.5128786895110413,0.08341471354166667,0.18621443754601302,0.6531238490887453,0.1828732260732354,3.176244009473056,8.138020833333333e-05,0.0024061760850465487,0.030680816380861127,0.030631218035067867,83,0.006754557291666667,0.8646275375656965,1.8794311947805808,0.16682942708333334,0.2563668523872778,0.8471684619083096,0.2481474613535966,3.1161889138839762,0.0003255208333333333,0.004306633791171488,0.059881247519947375,0.11694797904909418,262,0.021321614583333332,0.9582904961631042,1.0301880752419859,0.3336588541666667,0.38194296454516075,0.9351101864486936,0.36942796435818653,2.9892946431302923,0.0013020833333333333,0.0068639179178211045,0.11466382206763516,0.3258730969043792,873,0.071044921875,0.9868230542619657,0.19900800462577417,0.6673177083333334,0.46074145266331035,0.9593566303839481,0.4458470852502861,2.896106114019958,0.005208333333333333,0.11315835918941264,0.20772584845603217,0.7178235900443788,3017,0.24552408854166666,0.9966020292019436,0.0,1.3346354166666667,0.5790385943272108,0.9806906776485014,0.5671000025770501,2.717980943424639,0.020833333333333332,0.23686336469414562,0.3478791324221388,0.9140997614081083,11145,0.906982421875,0.9992732839113818,0.0,2.6692708333333335,0.7542589295655087,0.9878565975302831,0.744835000173432,2.3366792738297653,0.08333333333333333,0.32560628164700334,0.5425154360653381,0.999870257464945,0.0,5.338541666666667,0.855311876543549,0.9933600049964759,0.8495749304918503,1.9554865591466264,0.3333333333333333,0.475575141774972,0.7693638744402941,0.017360386751735013,0.0008337947233868048,0.059874295763701305,0.0036376925394742913,0.09831324125305878,0.007017140841148071,0.28576378328788604,0.03912262075514932
100,transformer.layers.2.self_attn.out_proj.weight,256,256,65536,0.004108365854660904,0.15364627586797053,0.2890793886926891,6,8x32x8x32,0.4996490728576498,0.00999872615324551,2.855603135260927,0.009999999999999998,0.8219483733483924,2.077111855441565,0.125244140625,0.24640818921976634,0.7618306045689393,0.23758788195672656,3.126249572507009,0.000244140625,8.580667548015049e-05,0.03775450691933812,0.041675064191735,80,0.01953125,0.9215228512415754,1.4861363131664078,0.25048828125,0.37851137163999543,0.8678818485366284,0.3473613115686524,3.0141063039180223,0.0009765625,0.021065669772009125,0.07037588997816746,0.1463409006317068,240,0.05859375,0.9571140580646267,1.0502524040033356,0.5009765625,0.5266801660529911,0.8945360379036369,0.4839476068554808,2.844722820086332,0.00390625,0.2474946175021392,0.13088263496086924,0.4379104591054162,800,0.1953125,0.9857012203674932,0.2579460108004101,1.001953125,0.6206778366011345,0.9346111013203896,0.5843711301546485,2.688611981562043,0.015625,0.3687150397400885,0.22643915789525268,0.8888589222852236,2880,0.703125,0.9968344254071336,0.0,2.00390625,0.781100678418922,0.9599090561643882,0.7515362560050179,2.317481721476805,0.0625,0.6026794924016866,0.3767787084547154,0.9743025256741153,6720,1.640625,0.9995687867189246,0.0,4.0078125,0.9126164367349168,0.9765118233666971,0.8917028406286548,1.7184617482583522,0.25,0.7450783489504121,0.5827113952530525,0.999967624110805,0.0,8.015625,0.9725728362143339,0.9906223595145078,0.9636776345429708,0.930429079866188,1.0,0.8570913191455564,0.8032667934652284,0.012892414064731903,0.0004966827732660602,0.0517315532545409,0.0036804408391275414,0.09068607901371564,0.007195804069431389,0.29384308125706093,0.04382903985743248
100,transformer.layers.2.linear1.weight,1024,256,262144,0.002795120608387134,0.13779705604415537,0.2749003556714932,6,4x8x32x8x32,0.6382584292734441,0.00999982139451159,2.9936329759430644,0.009999999999999997,0.4738545144754089,2.8586949360080336,0.07818603515625,0.1100678270556469,0.34724179943735917,0.09813963609271861,3.247416085750951,6.103515625e-05,0.00016555909638145383,0.015755796149800806,0.007923535233000276,84,0.005126953125,0.7374316785651152,2.3573104810623926,0.1563720703125,0.21997118952580255,0.5869644794763919,0.18994626362262337,3.1699728549199127,0.000244140625,0.0004668528229086278,0.02885138555095204,0.032081597554860126,264,0.01611328125,0.9154888994971123,1.5395704256599123,0.312744140625,0.4675762588715272,0.8450675536274612,0.4327098412535246,2.9130074657421146,0.0009765625,0.0028550038388025258,0.053475115898624956,0.13989750547448346,912,0.0556640625,0.9825896391957162,0.3999730505225755,0.62548828125,0.5468626672361002,0.9418605567037286,0.5221537614401536,2.789237278561601,0.00390625,0.10681260100851704,0.09784173364342763,0.355700231151925,3088,0.1884765625,0.9955006206401041,0.0,1.2509765625,0.7168273370135346,0.9741747100352867,0.700578999540676,2.4520517529915793,0.015625,0.4098336002301575,0.17490189963639005,0.6810273721195914,11280,0.6884765625,0.9988024730500841,0.0,2.501953125,0.8321120305883902,0.9857158464710614,0.8208926641423113,2.081376261579566,0.0625,0.4647523289010086,0.30050006451913597,0.9997188208342849,0.0,5.00390625,0.9055860435601034,0.9924363163144013,0.8989828889519871,1.6682638916215289,0.25,0.563341347880335,0.4869425051176039,0.014312615836310324,0.0008259139937549157,0.05013583512778923,0.003909041371304286,0.08438020775709702,0.007552657430407123,0.2614088250957442,0.03890823801189584
100,transformer.layers.2.linear2.weight,256,1024,262144,0.003092004157450901,0.1386526073681138,0.2777449463048035,6,8x32x4x8x32,0.5711232051780464,0.00999951448867708,2.960546892011195,0.009999999999999997,0.4975397965394115,2.8254687147002153,0.07818603515625,0.13718769127853256,0.4078279853328703,0.1276775030990229,3.2233948458307675,6.103515625e-05,0.007692597502365938,0.023501927437767852,0.01722115092384641,84,0.005126953125,0.7467680348906052,2.3311938102417185,0.1563720703125,0.24727044493241157,0.6286749824243066,0.22363842994153943,3.139328400610205,0.000244140625,0.027561447795410327,0.04674354962420468,0.05174455373985082,256,0.015625,0.9192404566655767,1.5068163763907503,0.312744140625,0.4762243902100422,0.8365860657746957,0.43551350059212224,2.9094335859762857,0.0009765625,0.043103245757463646,0.08051109865079568,0.1556532653854594,864,0.052734375,0.9839173380256695,0.3427531093317559,0.62548828125,0.5777277826143958,0.9271270101977841,0.5411884387743889,2.759914920008856,0.00390625,0.2358723610448937,0.12939801395665657,0.4208180999833405,3136,0.19140625,0.996203194848434,0.0,1.2509765625,0.8029367694578443,0.9657309365290296,0.7769859417175798,2.2395313760031494,0.015625,0.5253563187941064,0.20845159309800018,0.7150920362338317,7744,0.47265625,0.9992798929080506,0.0,2.501953125,0.9017737335372282,0.9811042988105917,0.8849393600275755,1.7621612472893982,0.0625,0.6720113805619576,0.3334567132088859,0.9998994779023477,0.0,5.00390625,0.9611913815653427,0.9891622714493558,0.9508514198221379,1.148574870033242,0.25,0.8413804620502046,0.5139058614790318,0.08479958598079135,0.002763911201436933,0.11774479651547226,0.009728535035948796,0.14813976358165723,0.01609165423496804,0.3079257054649568,0.06547657500733975
100,transformer.layers.3.self_attn.in_proj_weight,768,256,196608,0.0010937266693202808,0.23610183164667653,0.3298193361927484,6,3x8x32x8x32,0.0,0.00797450575361979,2.758501121151847,0.009999999999999844,0.7963294513720306,2.1740827361221613,0.08341471354166667,0.2844975160868291,0.7865272891219118,0.2811512197710467,3.0838082033190335,8.138020833333333e-05,0.0001129033222426428,0.046159413724239276,0.03978882316770486,83,0.006754557291666667,0.9150571389883071,1.5432463508923924,0.16682942708333334,0.33195458930628186,0.9031220777162113,0.3273960676614699,3.0358426542032504,0.0003255208333333333,0.0006807140683073353,0.08581796609433148,0.14430983171583622,262,0.021321614583333332,0.9779435844913528,0.5705991754264714,0.3336588541666667,0.37983469390616365,0.9657058244102271,0.3737849913918666,2.984293090555371,0.0013020833333333333,0.0017254448408511123,0.1552705147154332,0.42650966484758895,873,0.071044921875,0.9920037276600429,0.0,0.6673177083333334,0.4625400096263166,0.9798750888413914,0.45515331521686475,2.883889209892841,0.005208333333333333,0.06393348441500345,0.26407265655180334,0.8182663048728721,3017,0.24552408854166666,0.998213391594844,0.0,1.3346354166666667,0.6029981379287347,0.9888484683242715,0.5964104379424573,2.6674084788648385,0.020833333333333332,0.28791593157858175,0.42669214994739085,0.9436520780375915,11145,0.906982421875,0.9996374957936282,0.0,2.6692708333333335,0.7924637104385108,0.9936552708539406,0.7875605329819316,2.2044899549541324,0.08333333333333333,0.3605558695397869,0.6190418501593925,0.9999405503689683,0.0,5.338541666666667,0.8798157070457536,0.9960380528303392,0.8763617861765038,1.8140264060102398,0.3333333333333333,0.43831433328906555,0.822115480263366,0.021788063629633356,0.0015704228412025134,0.07343088767793186,0.009118972497254374,0.11981243990276835,0.01576409100184506,0.3351532558882296,0.06145576662811171
100,transformer.layers.3.self_attn.out_proj.weight,256,256,65536,0.0035133723167387132,0.20011950571470816,0.2992891765510929,6,8x32x8x32,0.0,0.00994715868303663,2.7459886205521506,0.010000000000000004,0.8716633865850911,1.8409304567282323,0.125244140625,0.26800230497569055,0.847715196197728,0.263121581690297,3.1016773477609707,0.000244140625,0.0005849367935846539,0.035304972915619445,0.0394595928328899,80,0.01953125,0.9452528203682873,1.2263923222094375,0.25048828125,0.3277411323110321,0.915123963557307,0.31566448566105154,3.048315957218116,0.0009765625,0.04783637477867399,0.06602926426139649,0.1414896156440971,240,0.05859375,0.97266953830091,0.7252549159049716,0.5009765625,0.42007103418085817,0.9377267100151104,0.40187416848882695,2.951188560056983,0.00390625,0.221007938872302,0.12044354803471981,0.43655536456723143,800,0.1953125,0.9900528376923656,0.0,1.001953125,0.6408124396310226,0.9572105203399326,0.619566164337857,2.624786829810979,0.015625,0.35027817197006855,0.21547702267824126,0.903208937305596,2880,0.703125,0.9980399068771559,0.0,2.00390625,0.7596718354686366,0.9759922275787402,0.7431441455647542,2.3414435259221698,0.0625,0.5894129260822126,0.36719472447320967,0.9838905679094508,6720,1.640625,0.9997355883685669,0.0,4.0078125,0.9050587516436682,0.987603760871511,0.8943641050540012,1.7005141194380342,0.25,0.7398098002081651,0.5769214391903426,0.9999834005800852,0.0,8.015625,0.9754668553239685,0.9941650070324046,0.9699096909652157,0.7946494617879556,1.0,0.8543448914176579,0.8014326645883402,0.014191421412867698,0.00034995672329042897,0.05256862253392452,0.0033409748469155087,0.09040881427838701,0.00598610874108819,0.28829773424885835,0.04528375872293827
100,transformer.layers.3.linear1.weight,1024,256,262144,0.002076913258216357,0.14331703220449588,0.2855436218749827,6,4x8x32x8x32,0.28684777105793435,0.009979726243395869,3.0104974919872687,0.01,0.5182227018002497,2.795147254457823,0.07818603515625,0.16012707332918474,0.42934808557072957,0.15092447008365847,3.2039104949977446,6.103515625e-05,1.2709695994907598e-06,0.0145638807025582,0.00898751773863209,84,0.005126953125,0.7563923505702481,2.3032437651764393,0.1563720703125,0.26654978854878913,0.6642745091149888,0.24339071895438427,3.120738284194265,0.000244140625,0.0003737471488412884,0.027822486563695598,0.03665346709361707,264,0.01611328125,0.9204463482317677,1.4959640782071328,0.312744140625,0.4445245282245373,0.8697123134619994,0.42196139556115647,2.92654697077262,0.0009765625,0.0008152202343924589,0.05256587378143329,0.14140642664138145,912,0.0556640625,0.987084447385159,0.18455468652216572,0.62548828125,0.527115572996995,0.9602488473712678,0.5123109258599259,2.803944873224072,0.00390625,0.14442814241895155,0.09666223278877369,0.3544135033922344,3088,0.1884765625,0.9971601026599957,0.0,1.2509765625,0.7065709719289871,0.9836824877594664,0.6963407337555313,2.462190744487816,0.015625,0.2612153025013025,0.17186838202851862,0.6906969341413465,11280,0.6884765625,0.9993006332259357,0.0,2.501953125,0.8245486614586656,0.9904978059249063,0.8170081530185286,2.096853733497726,0.0625,0.45211696799426065,0.29275067414527023,0.9998433523985276,0.0,5.00390625,0.9134090071619393,0.9950941193222737,0.9091077251302276,1.5920788409353497,0.25,0.5395973660651897,0.47563175646997524,0.014281404919923635,0.0008251557075948137,0.050428208872239796,0.0047577719307520154,0.08465290238185627,0.00919228419323413,0.26140330222992425,0.04360516713089438
100,transformer.layers.3.linear2.weight,256,1024,262144,0.0022649921976568206,0.14423836172377325,0.274872977141266,6,8x32x4x8x32,0.23648983130998788,0.009961913442535806,2.8996998017104825,0.009999999999999998,0.5481055455991595,2.7489569737048365,0.07818603515625,0.16834707826807216,0.47913261197605655,0.1607815784583539,3.1954872207524905,6.103515625e-05,0.004695284408369145,0.027315219400671623,0.019855567089954448,84,0.005126953125,0.7642699382020842,2.2795319234310734,0.1563720703125,0.26039715277644515,0.6825331088018415,0.241530383549178,3.122509741784193,0.000244140625,0.020947008029638635,0.0495544898116185,0.05256083643182217,256,0.015625,0.9283576782792485,1.420406045830694,0.312744140625,0.46453842723890365,0.8651649925382514,0.43579584795040377,2.9090726889124428,0.0009765625,0.031002531151121594,0.08371008357954038,0.16562660535040216,864,0.052734375,0.9876571020733621,0.15184057866804232,0.62548828125,0.5784386163426211,0.9448511102127695,0.5525845189083111,2.7417716355302204,0.00390625,0.2330503413985794,0.13417090243987181,0.44807128973344384,3136,0.19140625,0.9972748159239831,0.0,1.2509765625,0.8024862124402338,0.9753473011494687,0.7839659192895135,2.2165935096415748,0.015625,0.46603680793940816,0.21725647852545893,0.7325630288260165,7744,0.47265625,0.9995591161926618,0.0,2.501953125,0.9142303425898844,0.9869806840653329,0.9026556813384938,1.6415483904586519,0.0625,0.6799140590937822,0.34618490386265494,0.9999470464533253,0.0,5.00390625,0.9689282999232519,0.9925393374710009,0.9617657962807931,0.9674319141255864,0.25,0.838272205562035,0.5266427618842261,0.07522033719841531,0.002342493149791766,0.10646382249054363,0.008431229887932446,0.13624691085612453,0.013622222809061602,0.29655042995472636,0.06424059948458502
100,transformer.layers.4.self_attn.in_proj_weight,768,256,196608,0.0008666171348240516,0.10596434356662443,0.254571662413287,6,3x8x32x8x32,0.0,0.005935946613129199,2.8152564588976183,0.00999999999999996,0.8132331848186705,2.1115831169740145,0.08341471354166667,0.2162947372243824,0.8072045789470444,0.21418610043180072,3.1480578907341688,8.138020833333333e-05,0.010734942140290705,0.035650005656123494,0.03327886988265811,83,0.006754557291666667,0.9084651931751481,1.5971602218893195,0.16682942708333334,0.2508153467246895,0.9001065756329955,0.24871192545478865,3.1156471484691624,0.0003255208333333333,0.011569336858391377,0.0655812499999043,0.11886840523840371,262,0.021321614583333332,0.9805636438817502,0.4793788856321943,0.3336588541666667,0.2767088452178318,0.971966768758075,0.27319082488065655,3.091752363459488,0.0013020833333333333,0.014752460915821714,0.11919339930505754,0.36409419334433224,873,0.071044921875,0.9940565050937622,0.0,0.6673177083333334,0.34702104453749205,0.9852093664984765,0.3426732553786657,3.0192693899969436,0.005208333333333333,0.07625388480378735,0.20491453629726933,0.8341273540368034,3017,0.24552408854166666,0.9987533639179312,0.0,1.3346354166666667,0.5114582319838831,0.991884136730123,0.5071496629643013,2.8115388537099806,0.020833333333333332,0.2324173147722465,0.3440941514355558,0.953381384786077,11145,0.906982421875,0.999756619201001,0.0,2.6692708333333335,0.7171267198521701,0.9955490776889693,0.7138661919881156,2.419309031802892,0.08333333333333333,0.27440580012093413,0.5507895929108821,0.9999592327542518,0.0,5.338541666666667,0.887051288639254,0.9972816336057497,0.8846989486646093,1.7636668813428575,0.3333333333333333,0.34672331598546124,0.7949526695508992,0.023830833116479298,0.0007027305490410193,0.07304888127372923,0.004614219230088865,0.11661065753287225,0.010881136045191803,0.32138366125687634,0.0629005181945811
100,transformer.layers.4.self_attn.out_proj.weight,256,256,65536,0.003414776138030356,0.19052023502181603,0.28807248783518546,6,8x32x8x32,0.0,0.006109054790560271,2.702221743206991,0.009999999999999995,0.8959402380663534,1.6896702033712163,0.125244140625,0.2691444136282064,0.8681697253752053,0.26488842681672425,3.099945664841379,0.000244140625,0.00488469255636323,0.045370463251511464,0.04853597349067452,80,0.01953125,0.9606629723756894,0.9879439745672973,0.25048828125,0.30033305345193995,0.9379441039104671,0.29437661069772453,3.0704132387978222,0.0009765625,0.07417608938902479,0.08206407332853236,0.1563605908968795,240,0.05859375,0.9807254041050397,0.47335030668628286,0.5009765625,0.4166007912387034,0.9541920079277666,0.4055901386560598,2.946693072738922,0.00390625,0.21436833197164773,0.14448298513905267,0.4557966785431247,800,0.1953125,0.9938909447319099,0.0,1.001953125,0.6586685024206886,0.9689981008059038,0.6423419860862662,2.5802544313604674,0.015625,0.3919452209879935,0.24420937770576362,0.9304121808974728,2880,0.703125,0.9987293535443358,0.0,2.00390625,0.8293349726360747,0.9811066477449718,0.8151880481519657,2.1039930771040147,0.0625,0.6046157448230361,0.392761257150145,0.9904788060132771,6720,1.640625,0.9998378849482921,0.0,4.0078125,0.9213053335945941,0.9911241511028025,0.9135968091128056,1.5555422961951049,0.25,0.7354331978244342,0.5895542026176576,0.9999927364365023,0.0,8.015625,0.9774430577337258,0.9957866038836362,0.9733976969301482,0.7057755755629155,1.0,0.8618134747179398,0.8039640506912945,0.015363075525361031,0.00047369673859780256,0.05553229434348232,0.003272456944273465,0.09300719093213826,0.007080888852419594,0.2887482471881175,0.048630341363506094
100,transformer.layers.4.linear1.weight,1024,256,262144,0.0017526754835438722,0.10531088791754029,0.259691076401512,6,4x8x32x8x32,0.0,0.00948808553888158,2.975848598504022,0.009999999999999997,0.588417075706561,2.681555611994758,0.07818603515625,0.1645171133166118,0.5186987631390554,0.15856329983027195,3.1973914195337425,6.103515625e-05,0.001020298688452446,0.014955800146634089,0.010604213790428006,84,0.005126953125,0.7979874168845105,2.1681866271820214,0.1563720703125,0.24633398432555284,0.7252956318316168,0.232412430535918,3.1311297215937737,0.000244140625,0.0016118305154271078,0.029263813100381376,0.04276604370608535,264,0.01611328125,0.9327271543895537,1.3750121423985242,0.312744140625,0.4468919949753107,0.8903391175391778,0.42836289896981755,2.9185138248831084,0.0009765625,0.0026147932785668955,0.05589761287360017,0.1634182616828941,912,0.0556640625,0.9905114443697164,0.0,0.62548828125,0.5485377031288547,0.9691278074216251,0.5379054293754355,2.7650581167803754,0.00390625,0.15998405079649347,0.10295439382175868,0.40254891216259736,3088,0.1884765625,0.998103466316716,0.0,1.2509765625,0.7115399710251868,0.9881016262027242,0.7040588600578751,2.4436191800368885,0.015625,0.18112467083557351,0.1820737548139233,0.7252557933465235,11280,0.6884765625,0.9995798057390854,0.0,2.501953125,0.8455610116532744,0.9932423431852598,0.8401160271125396,1.9994767110533875,0.0625,0.41582194286684865,0.3109507087660692,0.9999083948851721,0.0,5.00390625,0.9240375490379451,0.9964010610474,0.9208269672908963,1.492504557311882,0.25,0.5632162332430594,0.49731511513690096,0.016665753719596457,0.0007233132579341303,0.053326544211142336,0.004853058351031568,0.08836332311480619,0.009489403176761942,0.2662576464542453,0.048986850288757086
100,transformer.layers.4.linear2.weight,256,1024,262144,0.0018737284142496865,0.1270827483127126,0.273898554423721,6,8x32x4x8x32,0.059374741878231684,0.009667569456643007,2.8467179920243693,0.01,0.6251205540932211,2.6141774109084985,0.07818603515625,0.20540119378972674,0.5745344475213664,0.19821108568534127,3.1625752827695712,6.103515625e-05,0.0023761685618808844,0.027655456633474712,0.019117165881315304,84,0.005126953125,0.8108208030712907,2.120840773236125,0.1563720703125,0.266083043242852,0.740084658724598,0.252189965218712,3.1122999627903627,0.000244140625,0.01934295203999102,0.04818321918913178,0.056987935042125536,256,0.015625,0.9384511799045269,1.3108656000955186,0.312744140625,0.4882146679813253,0.8867411330360068,0.46441520575079726,2.8715215483380163,0.0009765625,0.0286949591853581,0.0804363897262477,0.17423261414372476,864,0.052734375,0.9894998038742144,0.035208137615018044,0.62548828125,0.5965959101573566,0.9578611722816632,0.5778169297134611,2.699898411036142,0.00390625,0.34131264138523093,0.13271449777113886,0.4643917052687634,3136,0.19140625,0.9980135300539509,0.0,1.2509765625,0.8254637223702554,0.9805877861538044,0.8111260587448736,2.1196758815907257,0.015625,0.49519361340861684,0.21665396460009276,0.7555389112418407,7744,0.47265625,0.9997104433430134,0.0,2.501953125,0.9278174512108012,0.9900733254354733,0.9189437937917353,1.5094613262033085,0.0625,0.6932454584608511,0.3454464238203759,0.9999717344317529,0.0,5.00390625,0.9782375023943706,0.9942616135663384,0.9726920913671759,0.7246594150049815,0.25,0.8536347428854002,0.529488852412616,0.06864192603602996,0.0019024479417494777,0.10559953021258224,0.008066226206403704,0.13903224565204078,0.012841613542118295,0.3098417396215273,0.0625681509164942
100,transformer.layers.5.self_attn.in_proj_weight,768,256,196608,0.0009620969378093119,0.19223831352450316,0.27826199390900996,6,3x8x32x8x32,0.0,0.002908299023548769,2.784288026079225,0.009999999999999997,0.9356826963221291,1.3426034634255448,0.08341471354166667,0.27148312981235817,0.9309229859865453,0.26893851826676163,3.095960417879847,8.138020833333333e-05,0.005440336327760659,0.04842458855853231,0.05186517388649698,83,0.006754557291666667,0.9616245375857929,0.970092067341266,0.16682942708333334,0.28636445609198635,0.9560445570871353,0.28427572044680827,3.080666007996763,0.0003255208333333333,0.005887266360299275,0.08551754597843723,0.1659570691379388,262,0.021321614583333332,0.990994951102125,0.0,0.3336588541666667,0.36104187187982695,0.9839113682428211,0.3584911827045753,3.001698594817421,0.0013020833333333333,0.00618287017035528,0.15337865322811542,0.46405410702446687,873,0.071044921875,0.997077416920465,0.0,0.6673177083333334,0.4301228240822021,0.9910107156017612,0.42715866357628446,2.920031848302883,0.005208333333333333,0.09711426052989659,0.26716837813497585,0.9344425947448832,3017,0.24552408854166666,0.9993658036511907,0.0,1.3346354166666667,0.655351522945975,0.9946878617069038,0.6521597659873937,2.5601764554757245,0.020833333333333332,0.27478080563133434,0.4346225057191941,0.9784265252062382,11145,0.906982421875,0.9998925483583471,0.0,2.6692708333333335,0.8246224929579056,0.9970126933780677,0.8223121495234158,2.075636567202909,0.08333333333333333,0.3169819877454469,0.647821343680159,0.9999847757311091,0.0,5.338541666666667,0.9274217791296592,0.9981366709145683,0.9257531945147115,1.4461644772012996,0.3333333333333333,0.36611070266141094,0.8635876221914094,0.023565924105226174,0.00046393400215541007,0.08086215179891287,0.0058844532972929485,0.13170415702056967,0.009996933672156913,0.35873371495098033,0.05925610247914145
100,transformer.layers.5.self_attn.out_proj.weight,256,256,65536,0.0036386561396767104,0.2054127625394936,0.304372775630835,6,8x32x8x32,0.0,0.00267064942955544,2.68492010345882,0.01,0.9708141574776289,0.7726343579117242,0.125244140625,0.30971152372680905,0.9612318123049574,0.3060512572902432,3.0583785997608537,0.000244140625,0.01213245215107964,0.043263851007904995,0.052383606519835146,80,0.01953125,0.9846541661601276,0.3089235195123469,0.25048828125,0.3774657172198034,0.9700974411608938,0.37269724844342866,2.9855449928428612,0.0009765625,0.10162197374134087,0.07771769816803202,0.16480225142214608,240,0.05859375,0.9914410574489958,0.0,0.5009765625,0.5474322971726279,0.976597244563221,0.5390719731295809,2.7632347943723405,0.00390625,0.22678713819830984,0.14331090481528988,0.4703787174011055,800,0.1953125,0.9973293515739482,0.0,1.001953125,0.6375251827762101,0.9823993846548008,0.6284670468017834,2.6077091357424917,0.015625,0.38833100287659017,0.2426599938017218,0.9772162610488255,2880,0.703125,0.999427560251074,0.0,2.00390625,0.8020997071944446,0.9892341906306019,0.7940001417141339,2.182285719909218,0.0625,0.6228363514983969,0.39506912083094936,0.9947298694148211,6720,1.640625,0.999944955111715,0.0,4.0078125,0.951208715965407,0.9939492429982429,0.9456789149833179,1.2207561482279312,0.25,0.7571449101467407,0.5983272233020039,0.9999985848257729,0.0,8.015625,0.9866816260218569,0.9969426692389244,0.9836955322386551,0.35263367345330654,1.0,0.8812681671216895,0.8235573482378005,0.012091012799267126,0.0005836466220553734,0.04935054607398221,0.004286368085959823,0.08800439873325608,0.009049484543374292,0.30249239394681365,0.053043656423830965
100,transformer.layers.5.linear1.weight,1024,256,262144,0.001589366446000474,0.1351313254532588,0.28859263650192635,6,4x8x32x8x32,0.0,0.006546930856053511,2.9309651063840865,0.01,0.6794627203930985,2.5012101259847226,0.07818603515625,0.22182599633496186,0.6360859547850349,0.21900060206909225,3.1436247655438074,6.103515625e-05,6.201782225783009e-05,0.01778455575996539,0.010789513138520748,84,0.005126953125,0.8382462908994225,2.007863444633429,0.1563720703125,0.27874925453955796,0.7876075577999608,0.2689418211122373,3.095957158913487,0.000244140625,0.0013170745227449618,0.03449760419356306,0.048670902465989964,264,0.01611328125,0.9492989946649131,1.1710071771405854,0.312744140625,0.48758764876393695,0.9108491598135336,0.47286890520456804,2.860044946108797,0.0009765625,0.0035481459525406457,0.06278459803315183,0.19727568297936335,912,0.0556640625,0.9935304540498962,0.0,0.62548828125,0.5956053129025516,0.9774473537312385,0.587017610598898,2.6840041788648397,0.00390625,0.1944049991249793,0.11315157585130042,0.44546560115228445,3088,0.1884765625,0.9988137958687276,0.0,1.2509765625,0.7454496343894977,0.9902660221854436,0.7387446157330477,2.3536944325958205,0.015625,0.23002309970517393,0.1955008327349188,0.7498751525802357,11280,0.6884765625,0.9997598501182897,0.0,2.501953125,0.8820923878133975,0.9950374200302554,0.8779604068513999,1.8046386851587297,0.0625,0.4621860321916735,0.3256165087955324,0.9999533869636736,0.0,5.00390625,0.9433451398133065,0.9971708525377049,0.9407616325801303,1.2832659406061446,0.25,0.575617357397229,0.5124279942088532,0.016360656404404567,0.0005334118885555587,0.056192373322176956,0.004210338143828446,0.09355893981976755,0.009208433457817381,0.2781510469171591,0.05490131610864439
100,transformer.layers.5.linear2.weight,256,1024,262144,0.0015221530969406652,0.14408255405526027,0.2869979061989746,6,8x32x4x8x32,0.0,0.008065285838778856,2.756817535484174,0.009999999999999998,0.7046351159942209,2.4422132044317495,0.07818603515625,0.24680084064004684,0.6665257338412548,0.2408130328328072,3.123191660479984,6.103515625e-05,0.0016622666223379185,0.024603149762957206,0.015606809183411032,84,0.005126953125,0.8499216873121483,1.9538218039501225,0.1563720703125,0.28754190882383757,0.7969519162706299,0.2784715612682021,3.086492176963224,0.000244140625,0.012114636614316143,0.044154079009921465,0.054802564494810774,256,0.015625,0.9474591351633169,1.196719973906548,0.312744140625,0.5202406049667161,0.9082033316343338,0.5018055380396254,2.8193185396193354,0.0009765625,0.02114403996029559,0.07883814780059048,0.19817185998049966,864,0.052734375,0.9919144187700761,0.0,0.62548828125,0.6331247347943861,0.9676013010687343,0.6186788749100729,2.626467276545391,0.00390625,0.3108397330774709,0.13391410090581007,0.5002703003406875,3136,0.19140625,0.9985238979867099,0.0,1.2509765625,0.8455219053419903,0.9838851539355448,0.8337885394702194,2.027473978207327,0.015625,0.4617301071237142,0.22357889805563175,0.7701153995955101,7744,0.47265625,0.9998153209203506,0.0,2.501953125,0.9450764690859205,0.9915141874955853,0.9373876853034525,1.3232232183901802,0.0625,0.702581562819054,0.35800245567582256,0.9999881684939921,0.0,5.00390625,0.98579570665033,0.9952977965000273,0.9812143690159241,0.4548147874896791,0.25,0.8694211246875749,0.5429400373020348,0.048789861839300716,0.0013293057277451326,0.0831384211501886,0.006443859929954136,0.116328220126649,0.010789244515586554,0.2918375140832972,0.0557670379868865
500,position_embedding,256,256,65536,0.051786720962481644,-1.0067257025346064,0.0003208941255146147,0,256x8x32,2.940558877060554,0.009999999999999998,3.543921414631258,0.009999999999999998,0.16886554535672163,3.1885049895252253,0.125244140625,0.006734637965544552,0.14792725162260031,0.0007680811167727985,3.3213738285902803,0.000244140625,,0.02504724800965136,0.04831473178197455,296,0.072265625,0.2756976080949956,3.0892601172451988,0.25048828125,0.015832810487859134,0.24512318073492526,0.0042321176038459946,3.31886878910075,0.0009765625,,0.0481429171340448,0.09269929638304347,608,0.1484375,0.4184647867125298,2.9308973238579203,0.5009765625,0.0353814536770839,0.35276468495554597,0.01020683711669663,3.3145275857675878,0.00390625,,0.08868735625396618,0.17114658463515497,1280,0.3125,0.5816206087670135,2.693369941569953,1.001953125,0.07390667251821836,0.4979048687207995,0.029921476640159796,3.300014813194983,0.015625,,0.15684014719017525,0.31672665036530645,2816,0.6875,0.7299117734166508,2.3776794237906356,2.00390625,0.13016670473811684,0.6200422560914134,0.07521965908197609,3.265519412041213,0.0625,,0.27209033375025093,0.5484739847782465,6656,1.625,0.8504254994739101,1.951396170149421,4.0078125,0.21270138400048105,0.7219017725590409,0.1405707563890642,3.2126534815515493,0.25,,0.4474256224840689,0.9407795063138363,1.283048258729629,8.015625,0.3641697152376035,0.8124198542155541,0.2827673997964578,3.0821845795300202,1.0,,0.6847267037273531,0.023885640313042803,0.004709989368059339,0.057679666772577486,0.01321209884995554,0.0869487388985723,0.02173818071399151,0.2402144205115986,0.06859493696987276
500,token_embedding.weight,257,256,65792,0.27350206287299705,-0.7543580111198749,0.036036067173326636,0,257x8x32,1.0010782830451217,0.00999999999709723,1.3805600246700975,0.009999999998004518,0.33814769415419793,3.0242187032435464,0.125,0.29545707032820456,0.04940466735628404,0.008378667370179217,3.3158587015849035,0.00024319066147859923,,,0.07947693558032222,297,0.07222762645914396,0.5187190892346972,2.794403648571088,0.25,0.3308890109105745,0.14612368814697002,0.021688427457275113,3.306111051287882,0.0009727626459143969,,,0.17222479433375862,610,0.14834630350194553,0.7084666569256237,2.4327944953951457,0.5,0.4613958741855794,0.2319265829544166,0.06579877632520624,3.2728307148791442,0.0038910505836575876,,,0.30938113128263867,1284,0.3122568093385214,0.8447112841502502,1.9784405470484794,1.0,0.6411265784252658,0.36350253476200944,0.20142563474343028,3.1596774280880613,0.01556420233463035,,,0.5141910296008111,2824,0.6867704280155642,0.9475776698628342,1.1950907409558325,2.0,0.8099358391904256,0.48212782226364986,0.3745661750287395,2.9833926703456126,0.0622568093385214,,,0.7727566577658095,6672,1.622568093385214,0.9908152523294559,0.0,4.0,0.9320773636802356,0.5857139932626535,0.5421873451101902,2.758342718705287,0.2490272373540856,,,0.9994406464122791,0.0,8.0,0.9787696236638186,0.7217156493087525,0.7057653714799405,2.4394475712401245,0.9961089494163424,,,0.010933500879968593,0.0027734384381285066,0.03928569395367402,0.013087414332556927,0.06700921143801049,0.01901324187781237,0.21969968459060935,0.061370644589296156
500,transformer.layers.0.self_attn.in_proj_weight,768,256,196608,0.12342031437626523,-0.3850711976557788,0.10590402189146209,6,3x8x32x8x32,1.8715962864399878,0.009999999999999998,3.3258025456431692,0.01,0.49556006239647477,2.828305298184785,0.08341471354166667,0.03949504902571723,0.4607471220189006,0.03729526887373846,3.294510737620676,8.138020833333333e-05,0.03694153416372995,0.023448832764642404,0.022681110492387763,83,0.006754557291666667,0.7248753953177055,2.3910066310217646,0.16682942708333334,0.07925361121793864,0.7182302594007602,0.07438949795391418,3.2661666641758105,0.0003255208333333333,0.07219095007040573,0.04531480724491213,0.075410751069791,262,0.021321614583333332,0.8522089048741897,1.942743720058305,0.3336588541666667,0.18033877574208285,0.7787753965212241,0.11624252593711866,3.2327893029692585,0.0013020833333333333,0.10859321449116949,0.08292559571790344,0.21188144466890924,873,0.071044921875,0.9139887358326757,1.55226280487353,0.6673177083333334,0.25788953868114584,0.8335216174123804,0.18964654038987958,3.170239707120718,0.005208333333333333,0.15486311180851023,0.14911240328538802,0.4755220907778204,3017,0.24552408854166666,0.9534729205003027,1.1090353160541564,1.3346354166666667,0.3725975955074279,0.8973542517798434,0.3285253224922285,3.0346305444980315,0.020833333333333332,0.24508003356699518,0.25840916670531555,0.7968942844400392,11145,0.906982421875,0.9785401571256779,0.5508197564706531,2.6692708333333335,0.5034663157919723,0.931195786814086,0.46532472454740825,2.8702955299052233,0.08333333333333333,0.36905608674255136,0.42125668590508886,0.9924151196141995,0.0,5.338541666666667,0.6100207530838463,0.9557065069549063,0.5798643217155408,2.6963917004111617,0.3333333333333333,0.5170110501690434,0.6342432812592966,0.01151312813647752,0.00044169689699449506,0.04380050238648399,0.002931607894944466,0.07571821278131038,0.006886137740193163,0.24530543504182784,0.04857751262779654
500,transformer.layers.0.self_attn.out_proj.weight,256,256,65536,0.05927494076433087,-0.4542860572255756,0.12178413456316406,6,8x32x8x32,2.1413912028008086,0.009999999999999998,3.228692059841923,0.01,0.38766438100757034,2.9681253503231813,0.125244140625,0.28930062998130385,0.18358670694661636,0.1094831307574554,3.238285517869649,0.000244140625,0.10842393678568048,0.02523903654202066,0.025527532943933357,80,0.01953125,0.5623609554804857,2.7258347753090257,0.25048828125,0.3597749668008081,0.32379630673760057,0.1747550498980748,3.1833752500596195,0.0009765625,0.17612467812842286,0.04975773725684107,0.08274252229238648,240,0.05859375,0.7390465281906702,2.3528603455272923,0.5009765625,0.47629578923836025,0.44631895908018654,0.24653670915459816,3.1177326597551005,0.00390625,0.22496159798429724,0.09341540327633846,0.24293681479893775,800,0.1953125,0.8714749920524798,1.841988598093316,1.001953125,0.6370687112747542,0.5466619947822338,0.3723787957803421,2.9859110947771974,0.015625,0.3335009758303701,0.170444753529335,0.6161027494076108,2880,0.703125,0.958655748231917,1.0238433802708014,2.00390625,0.785694308403718,0.6467773501168611,0.5078721355547117,2.810480649773366,0.0625,0.4612078111910938,0.2965624833543236,0.8391376112452418,6720,1.640625,0.989070981246397,0.06408193825149784,4.0078125,0.8876331029165448,0.7831641751672356,0.6940655937725841,2.467575230186227,0.25,0.614025402234578,0.479686752851942,0.9976921843934188,0.0,8.015625,0.9372303719389211,0.8735252813587299,0.818458336828298,2.091114387266242,1.0,0.7620562545331866,0.7134762537026587,0.012108888553321331,0.0009151274819627925,0.044209989961645095,0.005052183708450399,0.07518360182133262,0.009118633009627711,0.23884555663279314,0.04447082479862168
500,transformer.layers.0.linear1.weight,1024,256,262144,0.025560709341176734,-0.5049554076132234,0.10879921942163207,6,4x8x32x8x32,2.4230039753786334,0.009999999999999998,3.2819318059819294,0.009999999999999998,0.29091550936894367,3.0739428181239004,0.07818603515625,0.1649121016568542,0.20349379154690173,0.0703675146143727,3.269294289262125,6.103515625e-05,0.0572291605486866,0.011789414260665128,0.004456487671828322,84,0.005126953125,0.48858097073511353,2.838216968675311,0.1563720703125,0.24078665026204646,0.3051472694496402,0.11784787483420377,3.2314777808325994,0.000244140625,0.1200452195343226,0.022846519095897546,0.02023158519709791,264,0.01611328125,0.6764529945420322,2.5079517097577666,0.312744140625,0.3338064018347802,0.4489472888559971,0.17382102091667312,3.1841912241407666,0.0009765625,0.17202267640565383,0.044404615535815053,0.08997910356965119,912,0.0556640625,0.8073974630438274,2.13377740066984,0.62548828125,0.409861713091976,0.6047204502555217,0.267298314162142,3.097577014997874,0.00390625,0.23119378736408672,0.083128395009138,0.23549867923556023,3088,0.1884765625,0.9048964165503933,1.6247498510243996,1.2509765625,0.5136207152637293,0.7169851610534969,0.3717154488703818,2.986673100510754,0.015625,0.30611718014950284,0.15286541307073528,0.5322685657843755,11280,0.6884765625,0.9596452592066324,1.006369084178036,2.501953125,0.6422329000687814,0.8190971395806094,0.5268983605559291,2.782039127565927,0.0625,0.40343385992864855,0.26825125323388727,0.9861444021621907,0.23523448060039318,5.00390625,0.7479873327248404,0.8877687716906025,0.6652116170568335,2.5325887812786974,0.25,0.5447109644449313,0.4465707212938932,0.01234801394019799,0.0008643930403272572,0.043658733094427346,0.004150214973561449,0.07340950035492207,0.00837274397030824,0.23251312379011208,0.048832047782611014
500,transformer.layers.0.linear2.weight,256,1024,262144,0.025958325599027308,-0.5888182629494967,0.11866541966097621,6,8x32x4x8x32,2.3284613298682126,0.009999999999999997,3.3154917508734574,0.009999999999999997,0.36514688267162765,2.994175468256981,0.07818603515625,0.21226978033835495,0.24773116097408987,0.12242049786529627,3.2277289617989813,6.103515625e-05,0.11879021272723451,0.013933259437864123,0.007829227187521,84,0.005126953125,0.5011273241118768,2.8202998737582194,0.1563720703125,0.29134207535269013,0.3345325493821413,0.15422937534080242,3.2010972741897854,0.000244140625,0.14466354305694223,0.026095006715093384,0.02802993419288992,256,0.015625,0.6936979249124604,2.468441617801379,0.312744140625,0.35019867321452136,0.4687222182864852,0.19430191104294514,3.166083714238553,0.0009765625,0.1887686531463477,0.048816863210976204,0.10377616259198295,864,0.052734375,0.8311423515205149,2.038867811601171,0.62548828125,0.4203139249391465,0.6211123179319755,0.2758122012265525,3.0891459825799963,0.00390625,0.26047608718253934,0.08911807608080943,0.2919103794847452,3136,0.19140625,0.9306940644155078,1.3964894573616877,1.2509765625,0.5409230321536044,0.7458994529698907,0.39673052128054925,2.9573653443328767,0.015625,0.3352094806532427,0.15692298890027614,0.5361269971953704,7744,0.47265625,0.97722411968015,0.5937534086500494,2.501953125,0.7172179092920906,0.8513936311892125,0.6110668983477349,2.640725060506392,0.0625,0.45579881246463505,0.27000055603301276,0.9943589248496439,0.0,5.00390625,0.8442465879737021,0.8980529615488945,0.7572156569681184,2.3008017406156998,0.25,0.6690075144794653,0.4458333964383101,0.016664860057989204,0.001341693143412416,0.04734970813333109,0.006323735656292182,0.07663842666209737,0.011717293766968994,0.2347789419540074,0.04885424884007437
500,transformer.layers.1.self_attn.in_proj_weight,768,256,196608,0.010660104882387349,-0.8094370357704064,0.12040742620875056,6,3x8x32x8x32,1.8026219590834602,0.009999999999999723,3.1947995943003202,0.01,0.4287749468242438,2.9179936751697246,0.08341471354166667,0.19726776756203696,0.36761903201863283,0.13257782893654133,3.219331206716844,8.138020833333333e-05,0.00011832965679891078,0.049654606395487653,0.05062660534083031,83,0.006754557291666667,0.6108758611511486,2.6410792869145947,0.16682942708333334,0.2553623518388287,0.49591359157214915,0.16158662949517186,3.194794909583176,0.0003255208333333333,0.00019297515688153417,0.0895392760052378,0.14959416283499272,262,0.021321614583333332,0.7865502971312837,2.2079121245899875,0.3336588541666667,0.31856550956422997,0.6498633527320586,0.22197073366763675,3.1408762597527806,0.0013020833333333333,0.16268828701061783,0.1498200154771345,0.2912204150290953,873,0.071044921875,0.9151550737435599,1.5424141944477119,0.6673177083333334,0.37646393281923346,0.7880664063726406,0.2872022765242846,3.0777104120467604,0.005208333333333333,0.1994804201291369,0.2447578236212052,0.4797690031766916,3017,0.24552408854166666,0.9777557947059398,0.5767147785488589,1.3346354166666667,0.4790010751196191,0.9073625717141621,0.42469737961248505,2.923124568154847,0.020833333333333332,0.2547296721179008,0.3645188114422516,0.7843903097890942,11145,0.906982421875,0.9949714603513835,0.0,2.6692708333333335,0.6143229188613759,0.9747603451558069,0.5988778747616902,2.6629848199629804,0.08333333333333333,0.3491749741302246,0.5160801925414409,0.9988593429540973,0.0,5.338541666666667,0.7377074376619182,0.9874111448460849,0.7284379219844911,2.3816050624950607,0.3333333333333333,0.4691402016336368,0.689321286679941,0.013504986884557854,0.0006465030552291422,0.047761068426024816,0.004799803856690426,0.08060337244004459,0.011252962091533213,0.24967514369678187,0.058015773545884324
500,transformer.layers.1.self_attn.out_proj.weight,256,256,65536,0.008621886874348329,-1.1027834040901734,0.013667559535324503,6,8x32x8x32,1.9634045971296292,0.009999999999999998,3.3341104422050556,0.01,0.2944695994699491,3.070318171596992,0.125244140625,0.02556235840199044,0.2039887968664927,0.004074033892898948,3.3189832979578613,0.000244140625,1.0749887245088305e-06,0.024101436907010963,0.0182178885026762,80,0.01953125,0.5773829695304775,2.7006395002694896,0.25048828125,0.04947158796701962,0.4147521339254596,0.012878366641532472,3.3125779798712904,0.0009765625,0.001027638085625358,0.04680389454398097,0.06600696920737288,240,0.05859375,0.7648458416738252,2.2777674695346275,0.5009765625,0.13119358299036987,0.5391093041011807,0.05796696781663779,3.2788528717000798,0.00390625,0.009974058749935526,0.08732415553865128,0.22210444667611864,800,0.1953125,0.9020174013956946,1.6462627769791434,1.001953125,0.36795863860670247,0.712006327358296,0.258269547731622,3.1064115479917125,0.015625,0.057029656992471006,0.1610624504393242,0.6124881042364649,2880,0.703125,0.9678717768567562,0.8419205972624968,2.00390625,0.5428723261902133,0.825232448818652,0.4483639909210182,2.89282236472393,0.0625,0.15504854042754632,0.2828588658664978,0.8585810584842668,6720,1.640625,0.9928598965909996,0.0,4.0078125,0.7176723897227711,0.9068516590696464,0.6492674456082583,2.566149720081221,0.25,0.39526530734891085,0.4664067249272078,0.9990686245781559,0.0,8.015625,0.841246679949368,0.9589111515989025,0.8063212263380852,2.137796972244129,1.0,0.6391351906983248,0.707701121835171,0.01207985405233143,0.0006015966051353314,0.043936852360552,0.002595884297975153,0.07430500465831676,0.005760002125826727,0.2374417998253108,0.03738785341362769
500,transformer.layers.1.linear1.weight,1024,256,262144,0.004456876024918923,-1.045379643461275,0.027471819683131504,6,4x8x32x8x32,2.3427126289320803,0.009999999999999998,3.434509958839864,0.009999999999999998,0.2229574473725967,3.139960850481898,0.07818603515625,0.03539838441811326,0.1848106856914592,0.0027482440144439005,3.319942926767573,6.103515625e-05,0.00012595333088485821,0.01017321004346111,0.0034964461088265427,84,0.005126953125,0.38438604987433656,2.9719770095641715,0.1563720703125,0.08454546924249891,0.24745939599928757,0.018386616182443694,3.3085415072311637,0.000244140625,0.00017563191439174492,0.01977095111237224,0.012587285596786372,264,0.01611328125,0.6028493231812564,2.65580727840416,0.312744140625,0.14755827013841766,0.4851346603238584,0.05655784131678382,3.279931082753542,0.0009765625,0.0033801347301072007,0.03814468051909353,0.0576983802691801,912,0.0556640625,0.8236445354863376,2.070207187195965,0.62548828125,0.24465676256891358,0.6602425416059291,0.14158379858191805,3.211802700055756,0.00390625,0.01502205737112986,0.07281327457889528,0.18074686145036836,3088,0.1884765625,0.9421910772601764,1.2656460941051337,1.2509765625,0.3594497608358646,0.8200286257252509,0.2813440445600189,3.083614682308927,0.015625,0.061225052326439815,0.13523860856550474,0.48530762654698856,11280,0.6884765625,0.9840159544351755,0.3383163004294363,2.501953125,0.5044711499642786,0.9269128846383727,0.4656499486994255,2.869856626098152,0.0625,0.1463218510854899,0.24344892768163795,0.9960465784007848,0.0,5.00390625,0.661610430766406,0.9663363375243456,0.6388200243093393,2.587323002473515,0.25,0.31388231310146036,0.41854201916995937,0.01370059801323131,0.0007653354754052199,0.04244418719349667,0.004157287638673474,0.07035964032809472,0.008274694061484764,0.22493621171099118,0.04722329279802813
500,transformer.layers.1.linear2.weight,256,1024,262144,0.004938490987351837,-1.0225289465686997,0.03480746265475543,6,8x32x4x8x32,2.430486762303211,0.01,3.4598487254549575,0.009999999999999997,0.16917178718043138,3.1882391510837076,0.07818603515625,0.07164805671816386,0.08330879389565847,0.007193161275573567,3.3167205740334946,6.103515625e-05,2.242819007776561e-06,0.010748832191784125,0.002405147498782822,84,0.005126953125,0.3053473214651384,3.0591099577988343,0.1563720703125,0.10760269356566884,0.1595564410958189,0.011735264932284653,3.31341282786741,0.000244140625,0.00044832043042033066,0.0211210346808303,0.011886191298648681,256,0.015625,0.5351934225073373,2.7692792896988347,0.312744140625,0.20688329400766325,0.33820832999810996,0.05148881645673114,3.28379643945304,0.0009765625,0.006066677594204767,0.040054275122617514,0.05006957820832839,864,0.052734375,0.8071132657800556,2.134841010186415,0.62548828125,0.2971352468713463,0.5697737516714448,0.1306934867913341,3.2208965244084404,0.00390625,0.03964985924878792,0.07545518913030919,0.18739445035688487,3136,0.19140625,0.9382094413704217,1.3136932082326696,1.2509765625,0.4365950431611218,0.7304578294218661,0.2908319978976522,3.0740277688546387,0.015625,0.10987285959654747,0.13955593744627878,0.4296473174422286,7744,0.47265625,0.9846676745629838,0.30828826278476484,2.501953125,0.6638661738272067,0.8724158621949941,0.5758004221051394,2.7033356400923254,0.0625,0.24979132104114676,0.25021553086538456,0.9969654243695635,0.0,5.00390625,0.8151959791145551,0.9332594446561783,0.7592699229627752,2.2946722498031855,0.25,0.5126082337179508,0.4266950851602045,0.021654158777663936,0.0010824103692349738,0.05075741745019424,0.005091197078286354,0.07894424424938785,0.009735653188716074,0.23212532869097116,0.04596380773536481
500,transformer.layers.2.self_attn.in_proj_weight,768,256,196608,0.002937977307722689,-1.0522327911433966,0.054899486138190956,6,3x8x32x8x32,2.0169672150161686,0.009999999999999998,3.3322473755953195,0.009999999999999998,0.3056629977998118,3.058782075816184,0.08341471354166667,0.030305149636905688,0.19848674264285626,0.00613097050032295,3.31749192155649,8.138020833333333e-05,2.7108412465748072e-05,0.021788320724577186,0.01630231404292503,83,0.006754557291666667,0.5078402253211493,2.810527421401801,0.16682942708333334,0.10777884474382513,0.28721127868704543,0.0480299150096082,3.286422166713383,0.0003255208333333333,0.0008677713254679252,0.040714278436145536,0.05607231030531836,262,0.021321614583333332,0.7660841451203261,2.2739588730752285,0.3336588541666667,0.18528480963362168,0.6078386362026311,0.12302371614761325,3.227232961577324,0.0013020833333333333,0.02203036612252299,0.07514837620777527,0.13777361187533005,873,0.071044921875,0.8874039335800494,1.74654226108367,0.6673177083333334,0.261671783414718,0.7931971904170805,0.19847091322612512,3.162341485165102,0.005208333333333333,0.03268605898129392,0.13676673253490135,0.35971413866231555,3017,0.24552408854166666,0.966903648942587,0.8633360828128515,1.3346354166666667,0.3973840180366602,0.9021068948631863,0.35305304946590294,3.007787755686123,0.020833333333333332,0.106621374141553,0.2377176026198824,0.7336481040633374,11145,0.906982421875,0.9930714500782928,0.0,2.6692708333333335,0.5400855474336029,0.9683337263359822,0.5238656478010414,2.786648407636676,0.08333333333333333,0.20836910701952976,0.3912927818487817,0.998624197279291,0.0,5.338541666666667,0.6789342629810525,0.9862552301234533,0.6697959937938276,2.522642859384403,0.3333333333333333,0.335582042271869,0.6015428408054285,0.011435467256705124,0.0006096818862112143,0.042077533904548055,0.00478619393432746,0.07213255219009647,0.008947886700882727,0.2338137453278268,0.04748603496649104
500,transformer.layers.2.self_attn.out_proj.weight,256,256,65536,0.004794285954155795,-0.9697947655091239,0.014949422136755763,6,8x32x8x32,1.90714984910122,0.01,3.3248565779110937,0.009999999999999997,0.47114641391897116,2.862398230095487,0.125244140625,0.04672939960264764,0.22168063363354273,0.015203908055947776,3.3108765657715384,0.000244140625,2.0291443502873775e-05,0.03354450681795649,0.04000874340642516,80,0.01953125,0.6833143741439884,2.4924897403991157,0.25048828125,0.07956170761784727,0.46176234937043253,0.03403619811933487,3.2969486110085064,0.0009765625,0.00018892640946349378,0.0645856256175248,0.11391342613926438,240,0.05859375,0.7944211875776257,2.1808098392711286,0.5009765625,0.21827198360094077,0.6440811622852581,0.17269346616563094,3.1851750355422603,0.00390625,0.016917211886648315,0.1177385893946194,0.28444990121268127,800,0.1953125,0.9104945018687326,1.580988153384435,1.001953125,0.3437308602343858,0.7706264749752583,0.26682043954977885,3.098047330966232,0.015625,0.09945855236858007,0.2015362860248608,0.6437475489724628,2880,0.703125,0.9702542359160464,0.7863421187451105,2.00390625,0.6167851253790022,0.8429010083199578,0.5303733292917652,2.7767212190930124,0.0625,0.2046247351687393,0.3302472248025396,0.8611439212752221,6720,1.640625,0.9939595226065429,0.0,4.0078125,0.7429065704745043,0.9133091964441555,0.6805235078432189,2.498818936509372,0.25,0.44919421889279526,0.5114714486575517,0.9992480331955411,0.0,8.015625,0.8690160662813721,0.9598430392337303,0.8348763811498247,2.0227372946102062,1.0,0.6782916253954377,0.7355169022465897,0.010806060769041533,0.0011565911511063965,0.041162187924982455,0.004494878373100612,0.07198803009220071,0.007671722300273112,0.23962666904092608,0.04639273493107381
500,transformer.layers.2.linear1.weight,1024,256,262144,0.0026896517784508805,-0.9958639756912144,0.02317392821198283,6,4x8x32x8x32,2.283737737783481,0.01,3.418327069433127,0.01,0.2668287408726987,3.0980391635636915,0.07818603515625,0.08298105405431655,0.1307639734724275,0.007680243598470613,3.3163665858961258,6.103515625e-05,4.6237054675313286e-05,0.010896888909693826,0.006616534656085208,84,0.005126953125,0.41390968229920583,2.9365255494421088,0.1563720703125,0.12912296415865626,0.20010754945214101,0.02153192763285799,3.3062264355222055,0.000244140625,7.473767080908616e-05,0.0209277007218918,0.01978264194107008,264,0.01611328125,0.6298781387770881,2.6049642228639875,0.312744140625,0.17456282521020228,0.47290802587228836,0.07148137049758481,3.268429475556406,0.0009765625,0.0005397279196839247,0.04025236935660104,0.07102702378509446,912,0.0556640625,0.8380839906123456,2.0085868667688676,0.62548828125,0.2957704255410896,0.6517264234995958,0.17408245209904188,3.18396292908214,0.00390625,0.03472447497497066,0.07581655971380676,0.20468756337586927,3088,0.1884765625,0.9538479560027084,1.1031972719252865,1.2509765625,0.39168509865268575,0.8151380795585511,0.2978778912647631,3.0668250259187597,0.015625,0.05752340788963103,0.1396979188674059,0.5110811376854288,11280,0.6884765625,0.9887577759870216,0.08446373375375425,2.501953125,0.5495504743882479,0.9406397236200815,0.5176161771248347,2.7960548105059733,0.0625,0.1757280140726698,0.24905286597294177,0.997450805157099,0.0,5.00390625,0.6847447660405254,0.9757661885691951,0.6684557247880959,2.525564819510662,0.25,0.30733757216312646,0.42412721919944224,0.0267325941492764,0.000982776061053871,0.057166898316861545,0.005494312554236195,0.08621724147073735,0.010648250742337974,0.24240105768946615,0.05341522702906985
500,transformer.layers.2.linear2.weight,256,1024,262144,0.002921751248474109,-1.04128372590975,0.015174748845013797,6,8x32x4x8x32,2.388777339282611,0.010000000000000002,3.4597690194089687,0.009999999999999998,0.17523396351774856,3.182956509621442,0.07818603515625,0.09443996652993183,0.0384727925592018,0.0010694602672844456,3.321156229562087,6.103515625e-05,1.9239904882621496e-07,0.010328789471628064,0.0030706116179942925,84,0.005126953125,0.31730751932878215,3.0465819783424077,0.1563720703125,0.13259888127745584,0.13521099186599927,0.003807119855194324,3.319176597449791,0.000244140625,6.254619907425782e-05,0.020301131685144438,0.011450123070812706,256,0.015625,0.5578012507719924,2.733311519671245,0.312744140625,0.22274651677625204,0.314767671652685,0.04318608472544288,3.290083233093595,0.0009765625,0.0006362714904200708,0.0397263284688826,0.050506547958920275,864,0.052734375,0.8148369876824085,2.1053620166257154,0.62548828125,0.33970215557995154,0.5260969554343441,0.13290424700760378,3.2190597066467634,0.00390625,0.0024224586450883896,0.0754045222768836,0.18520931785988604,3136,0.19140625,0.9476574319890163,1.1939923535363681,1.2509765625,0.49043312073434,0.7313485350371973,0.3306184898414368,3.032378397970125,0.015625,0.04291639451367824,0.14013537627416542,0.44207344980687097,7744,0.47265625,0.988969216078481,0.0707676610811567,2.501953125,0.7322909987960704,0.8706012791509724,0.635756765802845,2.5934151347129863,0.0625,0.17598322615989187,0.25105641213989877,0.9980288857693473,0.0,5.00390625,0.8576124611640554,0.9403485395359875,0.807246852068724,2.1343412582343446,0.25,0.45767483877176485,0.4282273122570492,0.02040345536650238,0.0008589881569789976,0.049621239531900015,0.004726158188346566,0.07778452674323022,0.009370161440823515,0.2308279514249581,0.047083353491911506
500,transformer.layers.3.self_attn.in_proj_weight,768,256,196608,0.002775363693921987,-0.9721451015071123,0.019245852429531807,6,3x8x32x8x32,1.7936172784408728,0.009999999999999997,3.1505410847919704,0.00999999999999999,0.38364626886102604,2.972843329796236,0.08341471354166667,0.030328134858211633,0.24007054430515024,0.00042552303316172773,3.3216210795768224,8.138020833333333e-05,1.140277467818225e-05,0.057880311261913446,0.06086687072829976,83,0.006754557291666667,0.5773569644652753,2.7006838858735494,0.16682942708333334,0.06633037518278892,0.44196107036842464,0.014160773261314416,3.311640241080455,0.0003255208333333333,7.151675775130865e-05,0.09900061499472872,0.10909948261832969,262,0.021321614583333332,0.7972979204726108,2.1706444922122996,0.3336588541666667,0.3139808803562508,0.6136123981339421,0.20969586636971774,3.152168024495366,0.0013020833333333333,0.015078097920386663,0.1570019709430065,0.21389770733107333,873,0.071044921875,0.9187416512951894,1.511258023537351,0.6673177083333334,0.40711440754684464,0.7874879915111185,0.321889563493916,3.0417241717536125,0.005208333333333333,0.022529080788099714,0.233453634925555,0.4647555902087715,3017,0.24552408854166666,0.9746048875989979,0.6722754297320213,1.3346354166666667,0.48804576327946275,0.8948535507556595,0.433108019399571,2.9125009777272153,0.020833333333333332,0.09356077282411242,0.34831265931429733,0.7968028653744645,11145,0.906982421875,0.9952028428461615,0.0,2.6692708333333335,0.6227692843839773,0.9696366550638439,0.6046239162345114,2.652576850103606,0.08333333333333333,0.28489905667599114,0.5071084660132329,0.999165238684335,0.0,5.338541666666667,0.7450025089411763,0.9885770361818829,0.7368448617874442,2.3589208296042328,0.3333333333333333,0.412250151793911,0.6952594802152243,0.011108493008053753,0.0008343897021274157,0.04105135144182109,0.0046218021815954925,0.07082392813259064,0.009113670632108477,0.23350663196746946,0.046206620502923
500,transformer.layers.3.self_attn.out_proj.weight,256,256,65536,0.0023495372257504,-1.2185165919608028,0.0033690755130593164,6,8x32x8x32,2.0451782848254783,0.009999999999999997,3.3370203917249146,0.009999999999999992,0.4077712636022545,2.9440412951099635,0.125244140625,0.08324277817366157,0.15362442800684295,0.0005989338002684695,3.321495926042441,0.000244140625,0.0002610413349115002,0.02735604036072174,0.023923481414662096,80,0.01953125,0.6269343343380877,2.610678842827111,0.25048828125,0.10823921126727015,0.4360477409517401,0.03382685136690611,3.297104926803128,0.0009765625,0.0012761768123176014,0.052994116805760244,0.08799251398708512,240,0.05859375,0.7778674327797017,2.2366745095835823,0.5009765625,0.24500469832813904,0.5172523885093512,0.1333235738396116,3.218710779169371,0.00390625,0.008724869748592387,0.09740847406096043,0.24708136903372938,800,0.1953125,0.8888153466488433,1.737442881842546,1.001953125,0.3995942888937692,0.6872013242586005,0.2776621802710021,3.0873009015014676,0.015625,0.09186048305857683,0.1755871336691465,0.6050689689731799,2880,0.703125,0.9634180295937484,0.9355663923651921,2.00390625,0.5971667461279961,0.7801920317713675,0.47126971698296344,2.8622300271520116,0.0625,0.1803073257236474,0.29984443670540295,0.8485657456669058,6720,1.640625,0.9931160941460658,0.0,4.0078125,0.7704124827752834,0.8795588191259726,0.6774714651034829,2.5056774499326564,0.25,0.37195406859021174,0.48770472742639737,0.9991231251742516,0.0,8.015625,0.8727044310411884,0.9425013014064221,0.8230376625091587,2.0726852211095825,1.0,0.6311478174117271,0.7210161503787441,0.011658737767684208,0.0008759121768967398,0.042362765962578194,0.004071322272649797,0.0720373034260812,0.008544100610389668,0.23166715118014847,0.044996437138125005
500,transformer.layers.3.linear1.weight,1024,256,262144,0.0018109630753501671,-1.179369950499316,0.006853549956530758,6,4x8x32x8x32,2.3518658398905607,0.009999999999999998,3.4384753226776565,0.009999999999999998,0.20981577788221908,3.15205856734933,0.07818603515625,0.07497585850982556,0.1280901584878539,0.0006792454833831727,3.3214379563611094,6.103515625e-05,0.00012222939288396116,0.012184827971278938,0.00793018943300694,84,0.005126953125,0.38803404081719073,2.9676897498143946,0.1563720703125,0.1098502355927023,0.20349262329821277,0.01645606228966239,3.30995879906463,0.000244140625,0.00046905623625773097,0.02301144582103207,0.0228906764005861,264,0.01611328125,0.6038448858214536,2.6539967608783606,0.312744140625,0.17481583339341092,0.35676352419830487,0.03199011252551024,3.2984749392398776,0.0009765625,0.0009941218876301683,0.042405583714261265,0.06906893696276152,912,0.0556640625,0.8219276907664957,2.0771956427284106,0.62548828125,0.28663777235774235,0.6074631128184343,0.1395110378133495,3.213542390641665,0.00390625,0.004416348601490872,0.07763096312910205,0.1962939932045551,3088,0.1884765625,0.9558570547878018,1.0710914446375097,1.2509765625,0.3998512911861455,0.824261852342293,0.31509355149075935,3.048917519225592,0.015625,0.04133555679060247,0.14077563957300535,0.5031249387122204,11280,0.6884765625,0.9901467222327208,0.0,2.501953125,0.548376549490417,0.9387926343264966,0.5144535072794049,2.800768770040392,0.0625,0.13051709229994654,0.25011773189918524,0.9978381684793194,0.0,5.00390625,0.6977111783665342,0.9755761420575585,0.6810764532873415,2.497569356620534,0.25,0.2687326687177881,0.4254336013127221,0.035154024466096376,0.0011867949139431982,0.06542836075038598,0.00715520999305486,0.09386889359866978,0.013122557160849284,0.24716454995482262,0.05749682739588457
500,transformer.layers.3.linear2.weight,256,1024,262144,0.00224894227691577,-1.1281362532104078,0.007317242987874173,6,8x32x4x8x32,2.324784527562323,0.009999999999999997,3.426323630791078,0.01,0.17404216034239742,3.183998118611537,0.07818603515625,0.1064988912674662,0.0652307286348086,1.1404096450055732e-05,3.321919868523758,6.103515625e-05,6.19744687730794e-07,0.011266683868972664,0.0033012790802406248,84,0.005126953125,0.32775074115222635,3.0354621772103223,0.1563720703125,0.1333320837262092,0.15834948411524868,0.008276440739116726,3.3159330617501044,0.000244140625,0.00018490767394118638,0.021565813467590702,0.013256952744605987,256,0.015625,0.5737590199096368,2.7067986998591964,0.312744140625,0.2427838980348922,0.30449311512000454,0.03475904376616872,3.296408613437387,0.0009765625,0.000575724098483572,0.04092613482840462,0.05368245715572819,864,0.052734375,0.8273257837209355,2.0549903852772218,0.62548828125,0.37648587566025643,0.5225799353609849,0.15328914077893843,3.2018987434478765,0.00390625,0.0025333469978989064,0.0766043203544696,0.19687843340264444,3136,0.19140625,0.9582429144490057,1.0310105110322414,1.2509765625,0.5524096636256111,0.756929943039133,0.40147813661002585,2.9516660215946393,0.015625,0.02653951447925876,0.14090351625538589,0.4511682084860115,7744,0.47265625,0.992217243648313,0.0,2.501953125,0.7937343142766372,0.8696499398009782,0.6905026556648919,2.4759275626141664,0.0625,0.15795489434362894,0.25139584496538386,0.9986882468548116,0.0,5.00390625,0.8936788854115657,0.9419036980304194,0.8420528713086057,1.9906849027846227,0.25,0.4123752946111699,0.4287089215743201,0.026336761123150136,0.0009638232947396409,0.05499790255672957,0.004872542788846825,0.0825791922368699,0.009981808754878085,0.23473190169387734,0.04846875520118466
500,transformer.layers.4.self_attn.in_proj_weight,768,256,196608,0.0012038164039141677,-1.5645878631083536,0.004037727071532271,6,3x8x32x8x32,1.9181767641925433,0.009999999999999993,3.3199641729651277,0.009999999999999998,0.3609940938466422,2.9988786802745597,0.08341471354166667,0.05414707752138099,0.30578686928486476,0.00221173261969097,3.3203309001105556,8.138020833333333e-05,0.0021394033022225237,0.028967428298045203,0.027379547987175023,83,0.006754557291666667,0.517130816066518,2.7967802452323616,0.16682942708333334,0.06729894655668803,0.4326231289057097,0.005224289794804682,3.3181496880353594,0.0003255208333333333,0.0038047754113612934,0.052208822513289184,0.07014576321646415,262,0.021321614583333332,0.743589223593238,2.340192495781377,0.3336588541666667,0.11950311196994125,0.6094990667422098,0.045888760083801876,3.288042787435169,0.0013020833333333333,0.005523930346069444,0.09282137526065731,0.1804685650818046,873,0.071044921875,0.8987885054114764,1.6696506205435295,0.6673177083333334,0.18355547445694623,0.7886481767890682,0.11685674479553104,3.2322877860916726,0.005208333333333333,0.010956597115401357,0.15753063108804705,0.40341261548897916,3017,0.24552408854166666,0.9696964672035546,0.7997429966974686,1.3346354166666667,0.2920494906496585,0.8796324384761703,0.2370141588347326,3.126792189951183,0.020833333333333332,0.03984256833507231,0.2607769913488463,0.7629472699099907,11145,0.906982421875,0.9938800198056107,0.0,2.6692708333333335,0.4990171044462154,0.9519011091217074,0.47039990738123044,2.863415734668652,0.08333333333333333,0.10997437821117263,0.41776729134307167,0.9989693112886926,0.0,5.338541666666667,0.6769185664149738,0.9819879344214079,0.6640172236386166,2.535157686125883,0.3333333333333333,0.2260389170659242,0.629142822599674,0.01033587026917284,0.0010169168062225922,0.038794295369231596,0.004765648839165288,0.06724915276255031,0.009363402674951109,0.22548779071724787,0.04655758641565043
500,transformer.layers.4.self_attn.out_proj.weight,256,256,65536,0.0018328318186845109,-1.1420384826973549,0.0018920350257924934,6,8x32x8x32,2.032237134409406,0.009999999999999998,3.380509187137963,0.01,0.29818270275391867,3.066511800127927,0.125244140625,0.08872378396403481,0.17991714487802282,0.000554237380900441,3.3215281862945267,0.000244140625,0.00019730291429955992,0.02755526615482558,0.022502852199335174,80,0.01953125,0.5153144398131586,2.7994885985399156,0.25048828125,0.1200404283879653,0.3084885288867622,0.020102805722924375,3.307279245992958,0.0009765625,0.0003244252714258974,0.051665058067264256,0.0707336069925449,240,0.05859375,0.7530462910845038,2.3130843655613496,0.5009765625,0.21389880542661194,0.44358966368805314,0.07899755869318567,3.262566537684813,0.00390625,0.008052389657411672,0.09272149151529843,0.2148919838520224,800,0.1953125,0.8912319422346776,1.721591516594642,1.001953125,0.3637217979498849,0.6348931896029006,0.22403073458811312,3.1389638030854723,0.015625,0.06128814955570208,0.1646396093609235,0.5677621019102587,2880,0.703125,0.9684710739923106,0.8283380136536617,2.00390625,0.6116234661444995,0.7352952848561476,0.44912239689393,2.8918299518443176,0.0625,0.12724898237832333,0.2853629590808044,0.8330217636607307,6720,1.640625,0.9943662697732308,0.0,4.0078125,0.7870516707562042,0.845544938829603,0.6667210762193652,2.5293290903283103,0.25,0.31846669216551005,0.463972759362333,0.9993841168400609,0.0,8.015625,0.8966444553735079,0.9348323941410658,0.8398357541768307,2.0007401096732425,1.0,0.5992880644743391,0.7002490511807905,0.012489838519070068,0.000884484943178558,0.04416977018916268,0.0034708596737782356,0.07426720161648408,0.007977966407336348,0.23459195321097806,0.04295309183812028
500,transformer.layers.4.linear1.weight,1024,256,262144,0.0013788800683675298,-1.1366813949033077,0.005929343847985491,6,4x8x32x8x32,2.328650117315049,0.009999999999999998,3.4660976581391796,0.009999999999999998,0.2418943539314616,3.1221635022742857,0.07818603515625,0.08273473669516783,0.1338062597979822,0.0009380310566116618,3.321251130954317,6.103515625e-05,2.823988152955692e-06,0.013188419540511918,0.005733131652096742,84,0.005126953125,0.41227632740414144,2.938533051948884,0.1563720703125,0.09450952593917139,0.23937106380826212,0.021339286334032547,3.306368440815555,0.000244140625,0.0003958534317361887,0.024244624201450925,0.019554487086884596,264,0.01611328125,0.6150842885894072,2.6332353274341878,0.312744140625,0.17752012232083078,0.41483086128043056,0.057370181701693876,3.279309706935654,0.0009765625,0.0007228533380601918,0.04445895417778927,0.07437347674479837,912,0.0556640625,0.8284586293248846,2.0502423241852705,0.62548828125,0.27244308523742045,0.6044206912670604,0.13859148333638677,3.214312841162763,0.00390625,0.0038352176858394427,0.08134783297876245,0.20821283507751548,3088,0.1884765625,0.958056333725613,1.0342264860904247,1.2509765625,0.3848503187238356,0.8434524355300301,0.3205312496750022,3.043167647967336,0.015625,0.04078393891509419,0.14519255454903815,0.5134798878432658,11280,0.6884765625,0.9913574398803349,0.0,2.501953125,0.5295043152500744,0.9422196930139798,0.49884197704407574,2.8235968371663183,0.0625,0.08404481785325339,0.2550422347985501,0.9982242912639293,0.0,5.00390625,0.7055043926103088,0.9756152007824961,0.6890576092164488,2.4792877038118823,0.25,0.2288092923514815,0.43005850251130284,0.03186628628358226,0.0012548142126402831,0.06141195384452941,0.0067594564874876,0.08957339649651413,0.01212332062305109,0.2426181727316149,0.052640490112565885
500,transformer.layers.4.linear2.weight,256,1024,262144,0.0018352335999667914,-1.152183451378212,0.003391045853918473,6,8x32x4x8x32,2.242014760134042,0.01,3.3501282930181624,0.009999999999999998,0.2252583475840104,3.1378217001113273,0.07818603515625,0.11534279071456754,0.06380193522059832,0.0013919082330529947,3.3209233459132483,6.103515625e-05,2.544277304335442e-06,0.013186092853351658,0.005647584593562014,84,0.005126953125,0.39582998684860793,2.9584413376300573,0.1563720703125,0.13300072913411598,0.1479754106507738,0.00782591445857029,3.316260685528282,0.000244140625,9.639780585018059e-05,0.02476883791578018,0.022229364057773468,256,0.015625,0.6277861248164439,2.6090299656384515,0.312744140625,0.23927543347370173,0.3628008327675155,0.04302931315072637,3.290201414404935,0.0009765625,0.0011958456532000009,0.04554171208609575,0.07387428007866294,864,0.052734375,0.8468084729845834,1.9686322996296688,0.62548828125,0.40490871652133764,0.5673784163223053,0.20922508277043328,3.1525976027531533,0.00390625,0.004461699267792786,0.08344153404176088,0.24624658362494675,3136,0.19140625,0.9646875867144572,0.910087709842341,1.2509765625,0.5989567408824295,0.7509870019625217,0.44545501498669543,2.896616296143205,0.015625,0.01801473925305914,0.15109510282478197,0.4933683793912119,7744,0.47265625,0.9944236935999782,0.0,2.501953125,0.8200125479084579,0.8713221530437723,0.7177897886536506,2.409349142744032,0.0625,0.15090313838814304,0.26553641165537784,0.999243834534959,0.0,5.00390625,0.9279981625392374,0.9410673403168909,0.8739031336307925,1.8282302593061768,0.25,0.41904563870944644,0.4436268225851569,0.030515948438703026,0.0017198403919997712,0.059300330742522785,0.005879379249425231,0.08686792591598738,0.010947095970206579,0.23947621143516298,0.05187033401671212
500,transformer.layers.5.self_attn.in_proj_weight,768,256,196608,0.001846189880164773,-2.4923204151724927,0.0634762616446708,6,3x8x32x8x32,1.7461554257245306,0.009999999999999757,3.2165179304859306,0.009999999999999998,0.45038768201204243,2.890171216644135,0.08341471354166667,0.1333457948881659,0.3749508008257173,0.06985265839567019,3.269693680911442,8.138020833333333e-05,0.0005544561810537289,0.02977869703511314,0.024943614343387648,83,0.006754557291666667,0.6140187365717196,2.635229455885728,0.16682942708333334,0.16943252571643508,0.5210944422879167,0.09202574746552841,3.2522897412086595,0.0003255208333333333,0.0007721158036753693,0.05653441215964878,0.07710903539458679,262,0.021321614583333332,0.8190123020170883,2.088909866644291,0.3336588541666667,0.1943887597688704,0.6925251336135292,0.10846503439559353,3.2391097378521905,0.0013020833333333333,0.004434882847481833,0.10185040696300113,0.20111083894224743,873,0.071044921875,0.9214179658189451,1.487099757001735,0.6673177083333334,0.3284353254996379,0.8065629286610477,0.24692795039904494,3.1173579975744734,0.005208333333333333,0.009364542644236895,0.17954399585996322,0.4731392435803864,3017,0.24552408854166666,0.9784119873274769,0.5551152196547305,1.3346354166666667,0.46002423444536605,0.8985170740007129,0.40537330106210434,2.946956168538829,0.020833333333333332,0.11025567139170582,0.3034656474251132,0.8001028058712131,11145,0.906982421875,0.9960146421626606,0.0,2.6692708333333335,0.6325117734290344,0.9649810658968325,0.6107949650238209,2.6412292343225396,0.08333333333333333,0.18877076055028566,0.4735529132927887,0.9993333875879972,0.0,5.338541666666667,0.7614976659639053,0.9849973591410811,0.7503214583156196,2.3209999654139337,0.3333333333333333,0.3352824412007687,0.6828832414722228,0.011994722944142113,0.000489478942171878,0.04371710046945902,0.004306585651708543,0.07450057309275965,0.010943179168387912,0.23886782710321322,0.055000437202810656
500,transformer.layers.5.self_attn.out_proj.weight,256,256,65536,0.0020467666061624117,-1.564918812791729,0.005051245139438221,6,8x32x8x32,1.8006092525508532,0.010000000000000002,3.2767490107505854,0.009999999999999997,0.4815980890000023,2.8479995656841344,0.125244140625,0.08616166190993862,0.3512221206603058,0.0132579671493868,3.3123005302245256,0.000244140625,7.16966914055268e-05,0.040227818215261515,0.03741558575734794,80,0.01953125,0.6075482899098936,2.647221620433661,0.25048828125,0.13662125867850466,0.4345039553429439,0.033589707781021716,3.297281957129384,0.0009765625,0.003182366593553965,0.07000854054237292,0.11859449211597049,240,0.05859375,0.8125355856791222,2.1142724275005764,0.5009765625,0.20747681657855852,0.527307360489172,0.08288630626231351,3.2595143446832258,0.00390625,0.00990668470047343,0.11681652378996771,0.29865506033336653,800,0.1953125,0.9235643797544645,1.467122557190967,1.001953125,0.46181598537943414,0.6997298854056895,0.3194773779014794,3.044285607916607,0.015625,0.07015146437922688,0.1967206899124925,0.6518162320336767,2880,0.703125,0.9798404738006532,0.5057308660983476,2.00390625,0.7461508091629775,0.7912228223888235,0.5970430620611207,2.6662768840145548,0.0625,0.20398859551033754,0.32388307380018805,0.8654746086761866,6720,1.640625,0.99795230712529,0.0,4.0078125,0.8975637265935473,0.8817952652466966,0.7974286514160235,2.1701791153155887,0.25,0.3975458733514458,0.5026494386369508,0.9998779099763604,0.0,8.015625,0.9622056244026208,0.9415564968160285,0.9080595256116659,1.6003500550478358,1.0,0.6709324363866989,0.7277062071238111,0.013778832469740203,0.000661134754971086,0.04949976918414308,0.0033976531441018694,0.08398015594340645,0.007353481066155809,0.2572816210325875,0.038671771252564664
500,transformer.layers.5.linear1.weight,1024,256,262144,0.001169791945722484,-1.4002496522574837,0.00030645429730524754,6,4x8x32x8x32,2.0941043913164994,0.01,3.3575355139092613,0.009999999999999998,0.3436169890519807,3.0182329965935697,0.07818603515625,0.10318845141419716,0.21741367261401953,0.013056673885085463,3.312447668568467,6.103515625e-05,1.2665768384558019e-05,0.012931815062280626,0.009393122943740924,84,0.005126953125,0.5535706719296948,2.740179951340557,0.1563720703125,0.12444262673659984,0.30567752488509176,0.03577896177410012,3.2956460014795304,0.000244140625,0.00014652080303817768,0.025771399293574134,0.028442358336159698,264,0.01611328125,0.7095163036643485,2.430192644102359,0.312744140625,0.20737296897354954,0.5102683667179909,0.0974085394728916,3.2480006120382523,0.0009765625,0.00042397051550677867,0.048136460694991653,0.09903936989784147,912,0.0556640625,0.8755093813704069,1.8189825612951178,0.62548828125,0.35672573769147625,0.6769837319381756,0.24320236287644104,3.120917839591898,0.00390625,0.008456600358954234,0.0870713420248579,0.2592498148093047,3088,0.1884765625,0.9718173538491094,0.7474035384273845,1.2509765625,0.501096421165464,0.8425701126342179,0.423519785359185,2.9245995944616445,0.015625,0.05354022956674779,0.15517466522335438,0.5679392239011137,11280,0.6884765625,0.9950604013022333,0.0,2.501953125,0.6215099348536683,0.953785090468196,0.5965370908793143,2.66718207281078,0.0625,0.09357564468100199,0.27014461040996374,0.9990073167022152,0.0,5.00390625,0.7652582123596374,0.981390687095041,0.7524667138430193,2.314775317200781,0.25,0.28403503881577685,0.4481031885323008,0.035530753111548144,0.0019045191895768689,0.06681425543733363,0.00797899090974111,0.09633245381546728,0.013494008094743068,0.2526388508373714,0.05509959563950142
500,transformer.layers.5.linear2.weight,256,1024,262144,0.0014943562774509703,-1.0942143838076253,0.0002170166193777856,6,8x32x4x8x32,1.9896215444382972,0.009999999999999998,3.2893453855039883,0.009999999999999998,0.3505856132040139,3.0105337202987332,0.07818603515625,0.1549718645212412,0.15923973819230136,0.027291216443071684,3.3019680201402495,6.103515625e-05,5.144346060808714e-08,0.019670912565916767,0.011193688519625326,84,0.005126953125,0.5474465064356302,2.750008214634057,0.1563720703125,0.17248314521360933,0.20902164707463522,0.028088728282296273,3.3013763536926657,0.000244140625,0.0004292204440894075,0.038098649287085215,0.03898279303491917,256,0.015625,0.7221193190595004,2.3981968163139133,0.312744140625,0.29083303736402244,0.4182868896173891,0.09797279074076964,3.247549523647037,0.0009765625,0.001836865386365082,0.06448990280492709,0.11298159313359625,864,0.052734375,0.8952730237134431,1.6942806021117278,0.62548828125,0.47614478921036446,0.6185227635887705,0.30098997437270475,3.0636206213234756,0.00390625,0.00558280116034531,0.10966152034703222,0.3113011504206153,3136,0.19140625,0.9798709328351466,0.5046401577187125,1.2509765625,0.7112901133921264,0.7784725519162113,0.5617144267903399,2.726899643090539,0.015625,0.04214867693398156,0.1837522380193976,0.5641547885924441,7744,0.47265625,0.9980369179517837,0.0,2.501953125,0.8893822523283412,0.8611201647855825,0.7727600899386244,2.253072165989817,0.0625,0.13894235209647035,0.30273717189303684,0.9998713460671625,0.0,5.00390625,0.9685054548978526,0.9365782058930654,0.9087282830497729,1.595083935378092,0.25,0.45563547047134845,0.4788942878138889,0.06297554503601693,0.0035783440281983263,0.09466423553718188,0.009449567005360978,0.12384607252319853,0.014039773306308595,0.2772322968857505,0.05248213832265633
999,position_embedding,256,256,65536,0.06033438520522659,-0.8526764303516607,0.0010389920841777922,0,256x8x32,2.925587421356053,0.01,3.55606077721098,0.01,0.2520495870063333,3.1124353607758777,0.125244140625,0.004565516543058129,0.2447383717554684,0.0024648121305573577,3.3201479139604784,0.000244140625,,0.019669917271272274,0.05901391466277439,296,0.072265625,0.32013769906957773,3.0435853339476013,0.25048828125,0.012521198191070075,0.2977529427968128,0.002563922320407892,3.3200762408582207,0.0009765625,,0.038855191255067596,0.1190212827554517,608,0.1484375,0.4367845757890584,2.907807469516451,0.5009765625,0.025205688617908378,0.39466569788857936,0.006326566048152364,3.317349944852609,0.00390625,,0.07565346835600986,0.20627637626914272,1280,0.3125,0.6009915870245195,2.659173630228955,1.001953125,0.05617000264291872,0.5380825971534724,0.02052727759381047,3.3069667049727607,0.015625,,0.14143557605367404,0.35121754165872565,2816,0.6875,0.7574942426905925,2.2999735467495097,2.00390625,0.09918846428292367,0.6746364780116003,0.049994810286252696,3.284931744772756,0.0625,,0.25505126647766774,0.5812098263406869,6656,1.625,0.8736484425233901,1.8296857713536547,4.0078125,0.18553768826189038,0.7702970685594003,0.11707714000916995,3.2321077457858953,0.25,,0.43304902632549336,0.9467655437915478,1.2061801690113434,8.015625,0.30043238561903457,0.8494439560334195,0.23448691709008418,3.129177564515205,1.0,,0.6738671338025612,0.014383294603004157,0.0034584685997133555,0.04627247009229437,0.011172867007169492,0.0765617043594047,0.016553743291850092,0.23792769038063805,0.06105089780026467
999,token_embedding.weight,257,256,65792,0.14945804781449978,-1.1846173173693195,1.8834445383308918e-06,0,257x8x32,1.0312373655899107,0.009999999999932622,1.335366465914595,0.009999999999999988,0.26527308353765255,3.099568111552153,0.125,0.23331196502494408,0.012467475652742347,8.147614859245781e-05,3.3218693198751867,0.00024319066147859923,,,0.0681223916975301,297,0.07222762645914396,0.40612021016726846,2.94604951618644,0.25,0.2863628866483482,0.08560901920510759,0.0029271581187093115,3.3198135002479696,0.0009727626459143969,,,0.13882892687951795,610,0.14834630350194553,0.6054233211547657,2.6511168920372667,0.5,0.41422255876786757,0.16413557488404518,0.03549917901217988,3.2958552805956725,0.0038910505836575876,,,0.2566162363277616,1284,0.3122568093385214,0.7904556172981735,2.1945919711298907,1.0,0.5656778547692003,0.2504698088988626,0.10623760216160029,3.2409097220851395,0.01556420233463035,,,0.45723173128435873,2824,0.6867704280155642,0.926891438027216,1.4350201873045767,2.0,0.7482617110449391,0.3971355653821305,0.26270364831054815,3.102086356545282,0.0622568093385214,,,0.7267402455498831,6672,1.622568093385214,0.98747858734384,0.1621986675996275,4.0,0.9228805359366861,0.5327125929335167,0.48219961061701855,2.8471620725121767,0.2490272373540856,,,0.9995409935134221,0.0,8.0,0.9861927606076081,0.6782166962631474,0.6667071312109297,2.5293592722153058,0.9961089494163424,,,0.009088866378347538,0.002898591430741691,0.03551106858119582,0.009276242868894613,0.061489773589544404,0.013922370587398444,0.20938526633585225,0.051955615517154226
999,transformer.layers.0.self_attn.in_proj_weight,768,256,196608,0.07223163838084387,-1.1023062238645025,1.2367281702618804e-05,6,3x8x32x8x32,2.0927218823730875,0.009999999999999998,3.407598955645148,0.009999999999999998,0.5445276314351307,2.7546458149144386,0.08341471354166667,0.0029139079205345495,0.533872695856987,0.0003488698011245586,3.3216763946134975,8.138020833333333e-05,0.00019242872568669348,0.02980011729588759,0.029196437437538036,83,0.006754557291666667,0.7232617270829139,2.3952251387152415,0.16682942708333334,0.0073756709756271945,0.7081091323729741,0.0006894229172054141,3.321430609867,0.0003255208333333333,0.009271583692223247,0.054152083076153684,0.098832287835146,262,0.021321614583333332,0.8072797582565026,2.1342181016292208,0.3336588541666667,0.03422690400597736,0.7829259558401834,0.022067231827186548,3.305831689869988,0.0013020833333333333,0.01265614623870841,0.09997059314773603,0.28756967626249974,873,0.071044921875,0.8779286153903382,1.8048265725855748,0.6673177083333334,0.11188870364219557,0.834077536864933,0.08694639564597603,3.256313828296271,0.005208333333333333,0.033310024577692735,0.17644366623774918,0.5608647283201565,3017,0.24552408854166666,0.9361338491467056,1.3375257516984431,1.3346354166666667,0.2026695429669906,0.8852032531414021,0.16858317932556113,3.1887500153977117,0.020833333333333332,0.08429251966580716,0.29420135801395997,0.7948721596321846,11145,0.906982421875,0.9722122523905198,0.7372244493972098,2.6692708333333335,0.3270387384498127,0.9257542472612391,0.2931012019676091,3.071715891858135,0.08333333333333333,0.17419951301534856,0.4627921888870576,0.990306106583221,0.0,5.338541666666667,0.4553024723345128,0.9567029317042556,0.42873993896601864,2.9180378820156965,0.3333333333333333,0.2945084493497287,0.6677478200194403,0.012553509084549197,0.000561551504437094,0.04550061660828232,0.003726794884188507,0.07769179980867358,0.008215264586923376,0.25005321491856397,0.050181083545741266
999,transformer.layers.0.self_attn.out_proj.weight,256,256,65536,0.09790964788876025,-0.7777228668416294,0.006713756194425935,6,8x32x8x32,1.910944369382758,0.01,3.3010059144475745,0.009999999999999998,0.3620338892828962,2.9977039418847258,0.125244140625,0.052921585586630515,0.2608153485017699,0.006432822187785842,3.317272805121793,0.000244140625,0.00012225035985568685,0.024771490954335177,0.019224464017577107,80,0.01953125,0.6485203016142419,2.567684727961653,0.25048828125,0.2465990149402145,0.3764679026860859,0.02501255561972502,3.3036558676199617,0.0009765625,0.005005567698936548,0.04610234426075602,0.07876581021394284,240,0.05859375,0.8240105947591265,2.0687083372541455,0.5009765625,0.3485129093048177,0.5399753440441026,0.12679530541000414,3.224123990782277,0.00390625,0.03076358369670083,0.08617956104507064,0.26440804920049776,800,0.1953125,0.9099035749746841,1.5857349309296622,1.001953125,0.493899898180885,0.6602915431703734,0.2896521286629268,3.075226904361099,0.015625,0.1005104264753449,0.15639003941930515,0.658855925415764,2880,0.703125,0.9643979690752996,0.9159797711775882,2.00390625,0.6831307331538707,0.753898942191656,0.49930737056904234,2.8229266564590167,0.0625,0.2909050161852224,0.27519243226886947,0.8739333943970452,6720,1.640625,0.989302065595922,0.048666131365935165,4.0078125,0.788666609090259,0.8732692780859946,0.6815750038395922,2.49644084293033,0.25,0.48936226586868914,0.45868844220286176,0.9978595854692986,0.0,8.015625,0.8836528105325133,0.9289264282923662,0.818003796357271,2.092918225834426,1.0,0.7133471958760824,0.7005050452844376,0.012420220723391663,0.00038655941574115875,0.045917190529825576,0.0024851400279989762,0.07894003166407483,0.006367700556514747,0.24870890887767919,0.042425979224884704
999,transformer.layers.0.linear1.weight,1024,256,262144,0.07872227869943163,-0.830345484876033,0.012214566626328471,6,4x8x32x8x32,2.0717444691952345,0.009999999999999998,3.354279313329008,0.009999999999999998,0.46850244384359774,2.8659955765493925,0.07818603515625,0.02089076957092955,0.4563417759673127,0.01666229092439693,3.309807531686546,6.103515625e-05,0.014266826156466605,0.014660481356477035,0.008197225700085489,84,0.005126953125,0.6058869821451982,2.650268749236097,0.1563720703125,0.11694516608929435,0.5248614036007017,0.017814103641859164,3.3089621006364505,0.000244140625,0.016512783227311752,0.02790218028419188,0.03563228811206929,264,0.01611328125,0.793827004479595,2.182891738093209,0.312744140625,0.15985207152427924,0.6494986620136606,0.04571277565134163,3.288175826668567,0.0009765625,0.0204382101020262,0.05319251603911361,0.13719245808693384,912,0.0556640625,0.8834842262277557,1.7712266866969033,0.62548828125,0.24571941135029715,0.7388604370465074,0.13535526741194204,3.2170177856008104,0.00390625,0.045426546384294116,0.09737312646198294,0.3278417787708029,3088,0.1884765625,0.9402602304943697,1.2893458356495475,1.2509765625,0.35975544431454015,0.8123874867814389,0.2537802296489827,3.1107643391596813,0.015625,0.10647977610829397,0.17225967428518002,0.6117823269478017,11280,0.6884765625,0.9744886767257417,0.6755688667907974,2.501953125,0.47435211606878613,0.8720493601596994,0.3852701355564736,2.9709403349096877,0.0625,0.21420043156648993,0.2946384023117105,0.9912928384140748,0.0,5.00390625,0.6105089932096224,0.9211831273974025,0.5472188784212794,2.7503709510288643,0.25,0.36614421795210295,0.47567764227743004,0.011425432027877089,0.0009651561041865307,0.042895693743511064,0.0045533750576169235,0.07382245776049512,0.008850616580176081,0.23873288001847917,0.04815536764567738
999,transformer.layers.0.linear2.weight,256,1024,262144,0.09127405026282172,-0.7582500706357362,0.01492124721204624,6,8x32x4x8x32,1.9636306208942915,0.009999999999999998,3.362603356256463,0.01,0.41266121156119717,2.938060506443456,0.07818603515625,0.032251638582138975,0.3949114436156793,0.019281012902800505,3.3078839520577783,6.103515625e-05,0.01848294794967933,0.013356458761899557,0.008002095087232612,84,0.005126953125,0.5857601004870664,2.686197307633243,0.1563720703125,0.14069039384377782,0.5105017733884886,0.020020357435576324,3.3073399374267876,0.000244140625,0.01913518931756306,0.02641723990921597,0.02764109849470711,256,0.015625,0.7968514611490821,2.172231541443378,0.312744140625,0.17507580867533995,0.6377274610713839,0.05693947629672694,3.2796392289938603,0.0009765625,0.0246636454517629,0.04994076527100682,0.10373841780202328,864,0.052734375,0.8963904554081852,1.6865425031113708,0.62548828125,0.2531492511041987,0.7372160046690849,0.14269518585387575,3.210868169840484,0.00390625,0.08124414258369661,0.09165020173871219,0.33367893099858914,3136,0.19140625,0.9523306998280993,1.1265302227526777,1.2509765625,0.37345416569154516,0.8443582411954403,0.2856250919228629,3.0793047512871747,0.015625,0.18262402396180202,0.16381375380290641,0.6136181611869519,7744,0.47265625,0.9832535593578063,0.3719272458887398,2.501953125,0.5111339261168119,0.8941407989154985,0.43349664515020586,2.912006297320795,0.0625,0.3372082940329242,0.28265383126559973,0.9956293571547427,0.0,5.00390625,0.7489721044553882,0.935620863715756,0.6932798156389326,2.4694256020853182,0.25,0.5361020604670411,0.4621391946491776,0.013281766176953421,0.000823178503412628,0.046805143023046884,0.004127796098727489,0.0788935833025876,0.008389698802257144,0.24726033037477416,0.04235216999135948
999,transformer.layers.1.self_attn.in_proj_weight,768,256,196608,0.04372788165336908,-0.8011492388256782,0.00021773833699179068,6,3x8x32x8x32,0.9519342634098371,0.009999998582369335,2.973695218519656,0.01,0.6572955505146659,2.5494465090109086,0.08341471354166667,0.032359511399683134,0.6457681266489973,0.0001332964623010636,3.321831935405796,8.138020833333333e-05,0.0007327629434339841,0.03504817023407432,0.035555842578225645,83,0.006754557291666667,0.8046769243586677,2.1438952477260727,0.16682942708333334,0.048893669982017336,0.7773044125637668,0.01178808914590935,3.313374269743685,0.0003255208333333333,0.001385657080896877,0.06503811515916193,0.11584404583799782,262,0.021321614583333332,0.9366345404937065,1.3318483209863334,0.3336588541666667,0.09353106366499556,0.8996889531552523,0.08185841534722677,3.260322370301401,0.0013020833333333333,0.023486364658203307,0.12035069455277805,0.32521056987935676,873,0.071044921875,0.971310643267028,0.7602578103245451,0.6673177083333334,0.18202434281504715,0.9423662640099355,0.16468874574131467,3.192120985340824,0.005208333333333333,0.05621342205038575,0.20916561504944714,0.6724428776738078,3017,0.24552408854166666,0.9890473855262036,0.06563764670113552,1.3346354166666667,0.2719841248526645,0.9694514095425407,0.2581767473020616,3.1065017925977862,0.020833333333333332,0.11273055150924151,0.34570284847847643,0.9091990044884702,11145,0.906982421875,0.996920396169757,0.0,2.6692708333333335,0.46394216640118513,0.986526814078492,0.45570470052259615,2.8831588359602836,0.08333333333333333,0.19931073392879256,0.5358878423448146,0.9992388851387971,0.0,5.338541666666667,0.7231878446998611,0.9933008556885267,0.7181094582925893,2.408531583381292,0.3333333333333333,0.3130824958516565,0.7615929824564415,0.01318217963491427,0.0014040920428121217,0.047616489248206245,0.00746515179967283,0.08100031552746685,0.013860882130746746,0.2564125330897588,0.062165358949417486
999,transformer.layers.1.self_attn.out_proj.weight,256,256,65536,0.07929285993285229,-0.6253646392430796,0.015542787515680834,6,8x32x8x32,1.2933565570334087,0.00999999999999786,3.2366349086083437,0.01,0.6692813667418038,2.5237662133165846,0.125244140625,0.03330138033430317,0.655790575571316,0.010026561906997843,3.3146589558753665,0.000244140625,0.019444106192478574,0.03349572037843471,0.0404062272576629,80,0.01953125,0.8678045888314796,1.8623000965347096,0.25048828125,0.0850548856698293,0.8544084946414989,0.07682849748428514,3.264263392421832,0.0009765625,0.03234694737814075,0.062751306126915,0.13647796128479878,240,0.05859375,0.9297991855442478,1.4057438842425434,0.5009765625,0.13815112088095893,0.8764154978821067,0.10598050279999183,3.2411171948073965,0.00390625,0.05325711298218597,0.11535694415509781,0.3659636376103277,800,0.1953125,0.9648874949868452,0.9059924626655558,1.001953125,0.31862088311805503,0.9176614074378631,0.28940312832185333,3.0754797161348777,0.015625,0.10678296682471265,0.20060883251152356,0.7745878885482371,2880,0.703125,0.9866544094709423,0.20818157235379248,2.00390625,0.39173873490357003,0.9570109475859075,0.37242201095400185,2.9858614243208357,0.0625,0.20614959382505774,0.3354152078715081,0.9441965066937392,6720,1.640625,0.9964707826385011,0.0,4.0078125,0.5182893049615331,0.9776975889890777,0.5040653034138352,2.8160391288043143,0.25,0.4118762055305622,0.5239692636229369,0.9994356932017959,0.0,8.015625,0.8324823683213252,0.9904948809873017,0.8245385556467012,2.066541072249283,1.0,0.6163846747806105,0.750132426728806,0.01328587169516041,0.00043930599844969827,0.04801548073815412,0.004759994514453201,0.08224346536850966,0.010432789787404905,0.2607643150241538,0.047573108121697294
999,transformer.layers.1.linear1.weight,1024,256,262144,0.03399024327314322,-0.4870625941544835,0.03459796677478211,6,4x8x32x8x32,1.5538030861947143,0.009999999999999228,3.279423842187896,0.01,0.5433166585570356,2.756561130000576,0.07818603515625,0.03674508869276746,0.5233551398338178,0.02841204123720611,3.301136352568049,6.103515625e-05,6.801611515241928e-05,0.016454160472702102,0.008274970598482688,84,0.005126953125,0.7149120808446153,2.416667500010595,0.1563720703125,0.05587311465143174,0.6698240217165594,0.048992937159449225,3.2856920752353913,0.000244140625,0.0018412335233432523,0.030065281190410117,0.0402482616855529,264,0.01611328125,0.8880344727354941,1.7424913542104332,0.312744140625,0.16429646108805865,0.7636420880439194,0.09366633690180913,3.250985182666766,0.0009765625,0.03176603722213702,0.05624556288650967,0.14123106540488994,912,0.0556640625,0.9446165093390221,1.2347279927297958,0.62548828125,0.24807303307205142,0.8873754189874944,0.21358117842759208,3.148612972693045,0.00390625,0.05543047892742943,0.10058729223337828,0.36360260882669976,3088,0.1884765625,0.9783760354516411,0.5563155258726468,1.2509765625,0.34267120214797026,0.9368671484555894,0.3100536413483113,3.054206147870629,0.015625,0.11489573227093339,0.17541327291156095,0.6756236532679741,11280,0.6884765625,0.9932670718258998,0.0,2.501953125,0.5073266306123524,0.9695884722386561,0.4880454831523646,2.8389718693208588,0.0625,0.18446151127006197,0.296674601080419,0.9982326377820873,0.0,5.00390625,0.6543531753553699,0.9853868194118287,0.6432025859596778,2.578516626983212,0.25,0.30098714044589053,0.4786619074295427,0.013610686225606088,0.0013009555767076533,0.04916642309215097,0.0061625478594101776,0.08312204638157975,0.010507022951793126,0.25866745500687754,0.053715696623909175
999,transformer.layers.1.linear2.weight,256,1024,262144,0.031892303410690936,-0.5252377193677267,0.03182529259626632,6,8x32x4x8x32,1.8061521480546243,0.01,3.312790161718387,0.010000000000000005,0.43057280991283714,2.9157197390727707,0.07818603515625,0.03340726407032129,0.40709712823017474,0.02036206982783728,3.307088364474197,6.103515625e-05,1.4378734203456389e-05,0.013221256935313307,0.005651086295205725,84,0.005126953125,0.7093753784794556,2.4305425135898875,0.1563720703125,0.16842532353618545,0.48831565518383646,0.03784175171906462,3.2941011458105054,0.000244140625,0.0006711924855051185,0.026316671218100513,0.031823660874125394,256,0.015625,0.8334048133739739,2.0291374064656407,0.312744140625,0.2276172146512581,0.6245910560806875,0.09898208791626166,3.246741940872364,0.0009765625,0.043495633265791235,0.05104493191752033,0.12164417210622391,864,0.052734375,0.9212231216134285,1.4888861249177132,0.62548828125,0.31859210570325114,0.8197431662849352,0.253545471546884,3.1109912368511403,0.00390625,0.08909068987365072,0.09623446112943115,0.37361831520578925,3136,0.19140625,0.9693261984054743,0.8085034899162425,1.2509765625,0.4891077126043112,0.8963050606327181,0.4313027133639259,2.914794507909469,0.015625,0.15356481740521016,0.17324790980605437,0.6403661293122852,7744,0.47265625,0.9912795604211327,0.0,2.501953125,0.624403243918399,0.9447632946457655,0.5848109644317919,2.6878482199897498,0.0625,0.42232993052446866,0.29904414450657646,0.9980269712709625,0.0,5.00390625,0.7918754834153462,0.9715539229096263,0.7676511867323738,2.2691101855613875,0.25,0.6028833859296161,0.4820996390480866,0.03056432609659366,0.000872719496874017,0.06559944785420328,0.0066622148328777,0.09763372694834774,0.013111554347887942,0.2618450265672419,0.05104138980325682
999,transformer.layers.2.self_attn.in_proj_weight,768,256,196608,0.04168129542586143,-0.6673141843028947,0.00015943670170170954,6,3x8x32x8x32,0.6916014922470465,0.009999955079701342,2.8606647110071077,0.01,0.6400403244152785,2.584881696426162,0.08341471354166667,0.010090682398831038,0.5972145826627513,0.0005329998574132467,3.321543514262004,8.138020833333333e-05,0.0024435523793033226,0.04360932785322326,0.04075371653731054,83,0.006754557291666667,0.8392542714275953,2.003354248415367,0.16682942708333334,0.01483238228019125,0.7062784079750768,0.009269801071490865,3.315210161586934,0.0003255208333333333,0.009206255662972966,0.07952300000400057,0.1020006186340923,262,0.021321614583333332,0.9364203785385891,1.334282213511844,0.3336588541666667,0.1315638967695957,0.866940655257091,0.09437592147352165,3.2504202058069223,0.0013020833333333333,0.021518108808746904,0.14036750316645047,0.30457755928432073,873,0.071044921875,0.978196605444411,0.5622763823466324,0.6673177083333334,0.4842976588777408,0.9304272009239518,0.4500298003523602,2.890640771321114,0.005208333333333333,0.09146919779384143,0.23627923014531152,0.6648789201192884,3017,0.24552408854166666,0.991767314197989,0.0,1.3346354166666667,0.6055906046556127,0.970581261731165,0.5885482345348004,2.681325704075898,0.020833333333333332,0.20655499901792004,0.3844513801481588,0.9239640636921612,11145,0.906982421875,0.9977557480593373,0.0,2.6692708333333335,0.7264451652461976,0.9859598374870505,0.7162765001748449,2.413206871916432,0.08333333333333333,0.28848117044300037,0.5769310611498834,0.9995080021352394,0.0,5.338541666666667,0.8292024859846611,0.9939290591777318,0.8242099427476858,2.067890784167752,0.3333333333333333,0.5751484533265401,0.7886630144709235,0.013188789378754917,0.0006375814399205759,0.04935465354764821,0.00423326006541449,0.08450983725426388,0.00970777963410289,0.2659234160800932,0.052547869470159915
999,transformer.layers.2.self_attn.out_proj.weight,256,256,65536,0.038613730380448553,-0.6975950132619195,0.033778151992528316,6,8x32x8x32,1.5803735344046939,0.009999999999999998,3.2490083759036024,0.009999999999999997,0.5744376186196333,2.705649360416474,0.125244140625,0.04123622307631916,0.5464950311432031,0.028376603203990856,3.3011626627656705,0.000244140625,0.04359016365603617,0.02752863664553103,0.02741424033045257,80,0.01953125,0.796955662065007,2.171861445962758,0.25048828125,0.08578245492169116,0.7703405762010098,0.0717824465824563,3.268195537648384,0.0009765625,0.04662364897393101,0.052899514943750225,0.10277875277501475,240,0.05859375,0.8924207239015004,1.7136641405288897,0.5009765625,0.13115539496709666,0.8281789646380786,0.1028416198307658,3.243645394595037,0.00390625,0.08954042366041318,0.10066035345790539,0.3411244315988008,800,0.1953125,0.9458406823688091,1.2186047810489709,1.001953125,0.35174311499289806,0.888699390046127,0.3152795537382236,3.048721593953764,0.015625,0.16539077705035443,0.18364390555433863,0.7054575685421449,2880,0.703125,0.979630040151403,0.5132215682990027,2.00390625,0.44771293683938057,0.929707120036378,0.4136902482899809,2.936795573616337,0.0625,0.25073546536759567,0.317184717946369,0.9138501563282443,6720,1.640625,0.9940806217147174,0.0,4.0078125,0.6295261966697097,0.9623293719430963,0.6037792290646684,2.6541163034835953,0.25,0.43894721947000054,0.5110689576377996,0.9989636892401348,0.0,8.015625,0.8062646436744332,0.9840611157603965,0.7931006129179131,2.185428733128811,1.0,0.63158033572018,0.7465567816067311,0.015002257748108051,0.0017181989703767303,0.05368008099900922,0.005280706748766865,0.08972894460092193,0.00929230221920861,0.2693737832480035,0.0490753167058794
999,transformer.layers.2.linear1.weight,1024,256,262144,0.017129507745944073,-0.7949453011403451,0.024136974398224376,6,4x8x32x8x32,1.8630764241563051,0.01,3.3600953503854116,0.009999999999999997,0.4616819845937729,2.8751934012168303,0.07818603515625,0.027738523429126964,0.43782403412056003,0.022032122462544265,3.305857586945269,6.103515625e-05,3.903355462973207e-05,0.014550483469828604,0.005979223903445318,84,0.005126953125,0.6324778209479139,2.599879705265731,0.1563720703125,0.060210146000070054,0.6074551960703956,0.04915935424930196,3.2855658353110386,0.000244140625,0.000398145856336093,0.02807851043563656,0.028020375018903705,264,0.01611328125,0.8214260288547733,2.0792249520732287,0.312744140625,0.13401906389842283,0.7285309408847217,0.0892210439833155,3.2545145262940864,0.0009765625,0.023187909557694213,0.0519020275528109,0.12388977394887155,912,0.0556640625,0.9143247632069854,1.5494391370672105,0.62548828125,0.20824941047968193,0.8316060533810394,0.16065644460104161,3.195594771142769,0.00390625,0.05364757221679613,0.09538980878065148,0.31647299330633966,3088,0.1884765625,0.9668364689046277,0.8647988131659989,1.2509765625,0.315958755004321,0.912702662357298,0.2764687907968716,3.088491671503933,0.015625,0.09357607408309741,0.16936417954331567,0.6271324109980158,11280,0.6884765625,0.9901162451408185,0.0,2.501953125,0.49175774420269736,0.962027295133005,0.47030126658925026,2.8635500769131004,0.0625,0.14530392849726276,0.29033683922295445,0.997433035848955,0.0,5.00390625,0.6265349385782858,0.982873500170638,0.6144145047885565,2.6344894383986417,0.25,0.24711919299152466,0.46707914507711473,0.012000637414389597,0.0008006660756961018,0.04341842940727053,0.004372792429270032,0.07405656412742562,0.00882620442856611,0.23874023687172308,0.0511787711509933
999,transformer.layers.2.linear2.weight,256,1024,262144,0.015678826332318336,-0.7809980455564132,0.01700882855600616,6,8x32x4x8x32,2.0705517694887074,0.009999999999999998,3.394979882814915,0.009999999999999998,0.3492049840002833,3.012065648655704,0.07818603515625,0.04068875684705456,0.3207975973612619,0.027524327132335345,3.3017951277259194,6.103515625e-05,1.9113647332900066e-06,0.015538244265959664,0.009927466942815336,84,0.005126953125,0.5750636992954216,2.7045873438980057,0.1563720703125,0.12729806489180556,0.4273373968733965,0.04146756386096171,3.2913776737530247,0.000244140625,8.192425698424989e-05,0.029225051308713314,0.03269904560274897,256,0.015625,0.7397861550472348,2.35081290955016,0.312744140625,0.22954275211118644,0.5419282977073303,0.12707183370759959,3.2238955167549683,0.0009765625,0.044573047665063516,0.05300913615280386,0.10565838383952912,864,0.052734375,0.8834306553576069,1.7715582669821925,0.62548828125,0.3287521216423843,0.7052597908487108,0.20566266939646866,3.1558399502703445,0.00390625,0.06620928994913036,0.09586886499046395,0.3194230045854559,3136,0.19140625,0.9548530146990344,1.0873148273352833,1.2509765625,0.42443370937395486,0.8441130687808169,0.3396752325547736,3.0225519272115737,0.015625,0.15948270332123787,0.16690633650130998,0.56930458247518,7744,0.47265625,0.986708168971915,0.20526992902564825,2.501953125,0.6362693763903534,0.9168681095644455,0.5773809937478261,2.7006428726432516,0.0625,0.2999548166353677,0.28131897238043846,0.9967820554253566,0.0,5.00390625,0.7938857798505659,0.9569532453787077,0.757745643695408,2.2992253519099344,0.25,0.5244114681482324,0.45671241592949086,0.05394127898001189,0.003263823755019998,0.08587098220513759,0.00793280903617452,0.11603500484608407,0.012909142078311401,0.2742830476702406,0.05765095372468465
999,transformer.layers.3.self_attn.in_proj_weight,768,256,196608,0.02177481600127447,-1.2250005938367963,0.0008050230160216998,6,3x8x32x8x32,1.4249270100963143,0.009999999995109695,3.07611168782137,0.009999999999999998,0.5562622343242555,2.7358177191484168,0.08341471354166667,0.02713459361408182,0.48922344263265233,0.0050659399656687,3.318264504033712,8.138020833333333e-05,2.6550560977100443e-05,0.029144292650129324,0.025820238935872285,83,0.006754557291666667,0.7124797404438007,2.422795855613884,0.16682942708333334,0.14448047349962517,0.6595320909059273,0.13438638896146715,3.217825639692062,0.0003255208333333333,0.013784424904144122,0.055821836398517365,0.08400274251246638,262,0.021321614583333332,0.8724270698936187,1.8366251644072604,0.3336588541666667,0.2061245938109367,0.8087274158350732,0.17832997876150386,3.1802436128269154,0.0013020833333333333,0.022239876725279852,0.10412537346125227,0.23724442750046107,873,0.071044921875,0.9453687139061843,1.224863693206862,0.6673177083333334,0.29746629343891534,0.8800813001583937,0.2522175856212289,3.112273319290146,0.005208333333333333,0.1129282806881666,0.18467777370956392,0.5825938386935244,3017,0.24552408854166666,0.9793156757142144,0.5242689142356625,1.3346354166666667,0.42387985974013076,0.9389169764806122,0.3931589998763097,2.961623328433974,0.020833333333333332,0.2170900242717545,0.3156142967783747,0.8539427708952883,11145,0.906982421875,0.9948942984336869,0.0,2.6692708333333335,0.6325649606595712,0.9727673517717045,0.6144478461268097,2.6344270612297382,0.08333333333333333,0.3113361993016925,0.5007825585157057,0.9988899366651954,0.0,5.338541666666667,0.7928950391579886,0.9891230818380686,0.7843609451037878,2.215273293266383,0.3333333333333333,0.4326926766239156,0.724464684438523,0.015018918627363069,0.0006931570659943412,0.05097419878190111,0.003548396834015,0.08487535800176539,0.009245771820815745,0.2597235090485072,0.05464136289014977
999,transformer.layers.3.self_attn.out_proj.weight,256,256,65536,0.027510159122622224,-0.8777491720495174,0.02481402017818468,6,8x32x8x32,1.751450400097839,0.01,3.323083287384586,0.009999999999999998,0.5654809549045833,2.7206737535268743,0.125244140625,0.024773398331522752,0.5324613062060809,0.018190157410807897,3.308685862300775,0.000244140625,0.015586029172843546,0.028129143096669813,0.02715758199442879,80,0.01953125,0.7792169891664747,2.232278628227215,0.25048828125,0.07075509008511345,0.735665923243806,0.053241389330896734,3.2824623661075187,0.0009765625,0.01790150408125934,0.0544666000800535,0.10345709250150242,240,0.05859375,0.8572457861110911,1.9177307136419577,0.5009765625,0.11638372468559093,0.7859466637265053,0.07262231020729726,3.267542557331823,0.00390625,0.029174397967583258,0.10166813185577162,0.29752743042982577,800,0.1953125,0.9294642320854858,1.4091775089488179,1.001953125,0.32151460192669784,0.8505965003862495,0.26445832915845857,3.1003675860378874,0.015625,0.11803521705105988,0.18267864536901524,0.6895453350833595,2880,0.703125,0.9719969865802139,0.7427910423682914,2.00390625,0.44070539566238603,0.8957627614049175,0.3818565588496087,2.9749348757511305,0.0625,0.20815035294364462,0.31449840494295533,0.8937745887511959,6720,1.640625,0.9917147138153881,0.0,4.0078125,0.6327085406665393,0.9411536731858309,0.5901635649176127,2.678488171360652,0.25,0.3620988058179192,0.5028100768928394,0.9984999848351113,0.0,8.015625,0.8121147659783463,0.9729771652771555,0.7889856135235667,2.1996347284043805,1.0,0.5902778937366786,0.7363672442395124,0.012666845264184547,0.0008961359738130979,0.04654128915627485,0.005248525774708906,0.07974523646774812,0.00926061211482331,0.25462001750320323,0.04561123459554346
999,transformer.layers.3.linear1.weight,1024,256,262144,0.01113672750558737,-0.7056418359087329,0.043021628736463424,6,4x8x32x8x32,2.2506700935273187,0.009999999999999998,3.407431946130579,0.009999999999999998,0.34980720072815885,3.011397836752548,0.07818603515625,0.04648672375345713,0.31537340500973976,0.03767320993085758,3.294227493585523,6.103515625e-05,1.3263065799079862e-05,0.013441957351575096,0.0068609900302243915,84,0.005126953125,0.5167430781682029,2.79735924580978,0.1563720703125,0.08265965080558788,0.4307937641300858,0.05649946468182787,3.2799757156308673,0.000244140625,0.00011138980227578076,0.02612998994286651,0.025383138301372742,264,0.01611328125,0.709769201702811,2.4295643581333013,0.312744140625,0.1387968563499494,0.5314584476792051,0.07494537698328645,3.2657333259493178,0.0009765625,0.0020220287869357843,0.04814955691702851,0.09927865796983487,912,0.0556640625,0.8473319536390358,1.966163115247903,0.62548828125,0.21205770435779298,0.7333894089874778,0.15091722995579254,3.2039166459534996,0.00390625,0.04008869274141801,0.08756178478521225,0.2586353578583481,3088,0.1884765625,0.9381602968205346,1.3142666972887138,1.2509765625,0.31678303575812844,0.858702319028917,0.26552284319964214,3.0993228583325387,0.015625,0.08548953763778253,0.15620830668188374,0.5588856013173461,11280,0.6884765625,0.9805354080128892,0.48042605175844033,2.501953125,0.43565329585677975,0.9336905570875498,0.40157305040338853,2.951551620997222,0.0625,0.15509324686855006,0.2699074380584468,0.9948882119612825,0.0,5.00390625,0.608145583177985,0.9703706615078714,0.5885681896329564,2.6812907184205743,0.25,0.24726040588510778,0.447171755005234,0.01786330798762309,0.002307120939311127,0.04881841433430407,0.007534919156185758,0.07867084624475612,0.012687377132066574,0.23873641398600867,0.055752698584219204
999,transformer.layers.3.linear2.weight,256,1024,262144,0.011104845667595828,-0.6411188135252408,0.049180926785247436,6,8x32x4x8x32,2.312887655825822,0.009999999999999997,3.401156121213284,0.009999999999999997,0.279472488908039,3.0854908055709727,0.07818603515625,0.09616056234632195,0.2321217841199243,0.06927433295407072,3.2701420442707896,6.103515625e-05,1.7409789941574818e-06,0.013511347582524216,0.004461740548790283,84,0.005126953125,0.47643361839324866,2.8551502795780714,0.1563720703125,0.11362289362653229,0.30794609392678396,0.07363871653538719,3.266751526589543,0.000244140625,0.00011242535017707352,0.025334096109974592,0.022515928759289698,256,0.015625,0.6633594167885366,2.5365686020114557,0.312744140625,0.1978891329523181,0.44440799841799145,0.10533664243676907,3.2416365122429567,0.0009765625,0.0019291655177349567,0.04731493460808153,0.08480179834521806,864,0.052734375,0.8300880366933407,2.0433577647452665,0.62548828125,0.29679897647731984,0.6639335356550705,0.18893186982299123,3.170875600805607,0.00390625,0.08158731947510317,0.08643680189976528,0.26260558674433687,3136,0.19140625,0.9332401022062455,1.3694908730021698,1.2509765625,0.4736204282417904,0.7925197265510321,0.36733050930301053,2.9916900605736156,0.015625,0.1307772862814901,0.15540114974296548,0.5096685427381964,7744,0.47265625,0.9775350163955723,0.5838390044713067,2.501953125,0.6299571997080926,0.8726900396260633,0.5414427368536222,2.7595149995216235,0.0625,0.23094403229309302,0.2700951286157181,0.9944354651055034,0.0,5.00390625,0.8064770566113338,0.9246028954089669,0.7429090963800017,2.3421033302920486,0.25,0.47251843378050634,0.4468731502413035,0.02673400318322119,0.0012782211765948136,0.05851575200515664,0.005422436134036946,0.08828734633953465,0.009474609230630633,0.24718688903872837,0.04775536706152495
999,transformer.layers.4.self_attn.in_proj_weight,768,256,196608,0.009199857040304777,-0.6636040789498898,0.029186439679388387,6,3x8x32x8x32,1.8931562815849583,0.01,3.302623214114038,0.010000000000000009,0.3940659452166958,2.9605444426310776,0.08341471354166667,0.0386931206315196,0.36257065908584185,0.02674510196138447,3.3023728975193207,8.138020833333333e-05,0.0003348829101062457,0.021627500852210945,0.01805179405318425,83,0.006754557291666667,0.5489532761468017,2.7476024923212314,0.16682942708333334,0.04852008404445804,0.45965204900315304,0.032273129776801024,3.298264007879397,0.0003255208333333333,0.00978842806967995,0.04165768326057558,0.06495837760786596,262,0.021321614583333332,0.7608759315086069,2.289843721723175,0.3336588541666667,0.09443427599821531,0.641410270422415,0.07322427180399389,3.2670741780529315,0.0013020833333333333,0.014609076742296933,0.07895799393922638,0.18549624959944885,873,0.071044921875,0.9057590250206763,1.6181772323948787,0.6673177083333334,0.23910341788647824,0.8303697353461066,0.2031676580125401,3.1581021499355795,0.005208333333333333,0.031756507296569855,0.14748295262419492,0.43121674661815174,3017,0.24552408854166666,0.9599555003747161,1.0008020463071534,1.3346354166666667,0.35652774614649463,0.9086603724802458,0.32505245869701055,3.0383517356787113,0.020833333333333332,0.09178121742979355,0.25961438179265045,0.7667603508167218,11145,0.906982421875,0.9888269614085946,0.0800107954441655,2.6692708333333335,0.525161623085984,0.9535223083329398,0.5003081902376039,2.821483333274648,0.08333333333333333,0.18412755720991195,0.42809986140079115,0.9974970220655429,0.0,5.338541666666667,0.7192284374699156,0.9797214472871834,0.7046000782791161,2.442298769342514,0.3333333333333333,0.35075980273378643,0.6511479323555455,0.010841806564431523,0.0011953569435981888,0.03991832958124972,0.007270085626918702,0.06889341772374706,0.012868498951756404,0.22920509198181513,0.06366437763524323
999,transformer.layers.4.self_attn.out_proj.weight,256,256,65536,0.014455191072446381,-0.6285409895708582,0.042356030186444626,6,8x32x8x32,1.8863906800418073,0.01,3.2061404963506464,0.01,0.430194961232878,2.9161982371550454,0.125244140625,0.11264564771392191,0.36089130630199584,0.05755413871657606,3.2791689200819354,0.000244140625,0.004598447551202983,0.026001224534360035,0.022314602454549005,80,0.01953125,0.6968702437211386,2.460931786980285,0.25048828125,0.12804920597826355,0.5749556156404609,0.07233911736825298,3.2677628012198756,0.0009765625,0.006307046400926228,0.05062436467903094,0.08071807216838309,240,0.05859375,0.835433633707413,2.0202988029872304,0.5009765625,0.19718762452322436,0.6951191302713505,0.11747363753232659,3.231783734756451,0.00390625,0.016616145636731017,0.09224870588767647,0.25546515598844804,800,0.1953125,0.9123463785371713,1.5659068490208274,1.001953125,0.48854090696778113,0.777953753440955,0.3899077609289083,2.9654777366424065,0.015625,0.06576782722797721,0.16390446707238274,0.639104178315851,2880,0.703125,0.9665402807851493,0.8712126693551658,2.00390625,0.6522265948436844,0.835269416656299,0.5438484626377641,2.755720637141893,0.0625,0.2543263756197223,0.2831195438697079,0.8647797415662193,6720,1.640625,0.9903533929355989,0.0,4.0078125,0.7877781537713028,0.8941854968986628,0.7020419452561947,2.4485186717263816,0.25,0.4342812343197514,0.4621342969112998,0.9982694868075577,0.0,8.015625,0.9006683905848849,0.9489088553964146,0.8544056897346699,1.9319410359524298,1.0,0.6801726430342954,0.7007225191333553,0.010833585172401204,0.0004451799867354242,0.04127801325774862,0.004868136906736036,0.07225809645084601,0.008960801017131667,0.23899453475625188,0.058264707931644684
999,transformer.layers.4.linear1.weight,1024,256,262144,0.007486562131515848,-0.8693939002614257,0.019382979306638792,6,4x8x32x8x32,2.5112779622482604,0.01,3.4153237409637605,0.009999999999999998,0.24580750528067086,3.118430444292406,0.07818603515625,0.12746172349166784,0.06281607748498556,0.00970116517650683,3.3148960183541205,6.103515625e-05,3.206414984032837e-06,0.011576886114621961,0.0053443899933868924,84,0.005126953125,0.40001875705578516,2.9534227468589638,0.1563720703125,0.17079417924518378,0.2002668506556241,0.05799049609529891,3.278834855052209,0.000244140625,1.7370309192626365e-05,0.021795671647993852,0.019311249994994322,264,0.01611328125,0.5859563834016709,2.6858554242233916,0.312744140625,0.22243534708673174,0.3740718941657071,0.07848745130693137,3.262965953385237,0.0009765625,0.0006890318199714911,0.041167835679323764,0.0715552901957532,912,0.0556640625,0.7760564695303742,2.242531541750119,0.62548828125,0.29405214832783083,0.6085384469073271,0.18408132829078663,3.1751767253991425,0.00390625,0.003850754014710646,0.07644555714706283,0.1979081278503879,3088,0.1884765625,0.9049524742758958,1.6243245355724927,1.2509765625,0.4146455840374512,0.7694364151349997,0.3165800961797142,3.047350180051788,0.015625,0.09966170371841027,0.14017020834010774,0.487314149888341,11280,0.6884765625,0.9690309813683389,0.8154128332940145,2.501953125,0.5453293828653513,0.8813523009517591,0.4776098947426273,2.853527832762468,0.0625,0.18481320465676693,0.2504712766380894,0.9918465053305956,0.0,5.00390625,0.6908825132580854,0.9490187406463144,0.6560444067640563,2.552075205556022,0.25,0.30773838613367444,0.42470697904806903,0.01739418619013159,0.0013298367547992845,0.046660614603311154,0.005376523619664383,0.07476926186052707,0.010057449088280428,0.22900987192123923,0.04842759607240381
999,transformer.layers.4.linear2.weight,256,1024,262144,0.008420892063452687,-0.8778112572626626,0.012373922116209135,6,8x32x4x8x32,2.423591255145884,0.009999999999999998,3.3578066774186093,0.009999999999999998,0.30186262758732435,3.0627195190985916,0.07818603515625,0.1405369023803389,0.0839797338398334,0.010740432082008656,3.3141386043033894,6.103515625e-05,4.523617221381183e-05,0.015583094551061154,0.005271485875232983,84,0.005126953125,0.43029746704092425,2.916068457744185,0.1563720703125,0.1819997541137936,0.2522769327435249,0.0671190761763194,3.2718105185435196,0.000244140625,7.956976107886235e-05,0.02734921154200265,0.022271165853748998,256,0.015625,0.6355066062347979,2.593910380826027,0.312744140625,0.25073128594509614,0.40326287541325945,0.0962773169503588,3.2489041145339628,0.0009765625,0.0006304228476035147,0.04850980632085897,0.08435860027908437,864,0.052734375,0.8081153297673638,2.1310837766788877,0.62548828125,0.4064946670018912,0.5845663433338374,0.2451406121776524,3.1190680124544374,0.00390625,0.0023325627106521515,0.08690723323937526,0.2588910083814841,3136,0.19140625,0.9292259638100832,1.411610098727502,1.2509765625,0.5858924830390322,0.7156848960472063,0.4110432477657939,2.9400448970454107,0.015625,0.046323571556161285,0.15380831950006485,0.4959095786571843,7744,0.47265625,0.9798538402095148,0.5052524310584146,2.501953125,0.7761885420885869,0.8201118142068997,0.6316791721095665,2.6014455381404806,0.0625,0.23670861288447848,0.2661166497301533,0.995586087593831,0.0,5.00390625,0.8842513930783019,0.8962118048016369,0.7898404543307711,2.1967065408013915,0.25,0.47999944061641475,0.44052079993373905,0.0338790636510675,0.001965169099578772,0.06366372033849935,0.0068096902646640235,0.0920571689216774,0.011502895532183522,0.24595568175779173,0.051794791140555026
999,transformer.layers.5.self_attn.in_proj_weight,768,256,196608,0.00494743881181593,-1.0330285239355774,0.017777809886557194,6,3x8x32x8x32,2.1199765415709133,0.01,3.2846179423835293,0.01,0.36817882053035067,2.9907221969006796,0.08341471354166667,0.17807269313979843,0.2600701682116086,0.05707589513223126,3.2795348746026165,8.138020833333333e-05,0.001101392406506808,0.027386719028768255,0.021439640612250396,83,0.006754557291666667,0.5178519838378451,2.795702103453207,0.16682942708333334,0.20193880707985867,0.38450751371042297,0.07932790221777125,3.2623077596218573,0.0003255208333333333,0.0021256440035033043,0.05007733401492266,0.0724894239565678,262,0.021321614583333332,0.7271782609369051,2.384943350542898,0.3336588541666667,0.2753918046407649,0.5189652621632623,0.14178813664374068,3.211630969489364,0.0013020833333333333,0.0037315993286739404,0.09139923462380582,0.1770520077503561,873,0.071044921875,0.8696133272989324,1.852362254426461,0.6673177083333334,0.34390682864677324,0.7385715193103666,0.26220430630447633,3.102574731671186,0.005208333333333333,0.018568769833967998,0.16101121214824338,0.40183675415599757,3017,0.24552408854166666,0.9430332839689689,1.2550596206722786,1.3346354166666667,0.4414991927705929,0.8539237435351683,0.37320188260269016,2.984964470768165,0.020833333333333332,0.14668793823086412,0.27276405817778304,0.7396888140601949,11145,0.906982421875,0.9843950401799478,0.3210023212916148,2.6692708333333335,0.5807605256750943,0.9242857092375448,0.5332934248588063,2.7722219437867732,0.08333333333333333,0.2645643181816686,0.4365416622419753,0.9965965809250508,0.0,5.338541666666667,0.7059718885835466,0.9654981171374732,0.6791612739739414,2.501888192021205,0.3333333333333333,0.3894885502569223,0.6447995339170011,0.012385576400654016,0.0006282451956521622,0.04376488309088552,0.003387340280588664,0.07394540819974957,0.00737798513421397,0.23381165249053562,0.04699826768782011
999,transformer.layers.5.self_attn.out_proj.weight,256,256,65536,0.005726650847786666,-0.7528497590728911,0.030019553934297893,6,8x32x8x32,2.020889448728885,0.009999999999999998,3.240742811328607,0.009999999999999998,0.39357091688232365,2.9611335194022708,0.125244140625,0.17774251861163143,0.19760392775392926,0.036459012906883456,3.2951370660276287,0.000244140625,1.7677970833525762e-07,0.025780664776426838,0.019793500880658555,80,0.01953125,0.5452282923156638,2.753535299390403,0.25048828125,0.24925173174804469,0.32046371207382013,0.07055925806307119,3.2691454907535586,0.0009765625,0.0021415369193287983,0.050410598348509465,0.08692298407962142,240,0.05859375,0.7508069818730198,2.319595871242037,0.5009765625,0.3542360912063263,0.5101111085571466,0.18799665791639547,3.171706880112897,0.00390625,0.00551455821218617,0.09490125455308052,0.26000970330178236,800,0.1953125,0.8926788979029081,1.7119309349671499,1.001953125,0.5536314777238774,0.6332828803985435,0.361234961835675,2.9986067230360987,0.015625,0.03285470768368719,0.17063348040671308,0.6293589091674267,2880,0.703125,0.9713585162283526,0.7590531166668136,2.00390625,0.7739461503332654,0.73134526310375,0.5666455470358861,2.7187378120507093,0.0625,0.13237319250509802,0.29782743489645513,0.8548298564180398,6720,1.640625,0.9953053425815044,0.0,4.0078125,0.9306591627968466,0.8293397565947769,0.7716491317777983,2.256590184972022,0.25,0.4019674237401119,0.48770511559030555,0.9993029479704097,0.0,8.015625,0.9710307087081417,0.9194454122915722,0.8928959287386811,1.7104707080147477,1.0,0.6460949055735428,0.7250073887073206,0.014775235828086269,0.0007107557274645106,0.05000556370716433,0.003631190168128136,0.0820432703574296,0.007001879596276627,0.24508261003110493,0.04033385303492554
999,transformer.layers.5.linear1.weight,1024,256,262144,0.0038414843696418736,-0.9595872037286506,0.014833979269854969,6,4x8x32x8x32,2.515137247414616,0.01,3.3868831086968934,0.01,0.28856389333874183,3.076331145255922,0.07818603515625,0.05223497133747524,0.1684216329860565,0.01319536137718772,3.3123462960725893,6.103515625e-05,1.4198498830538143e-06,0.010715787791374925,0.003687436044642411,84,0.005126953125,0.4261144435591192,2.9213455799909895,0.1563720703125,0.08105945267255939,0.23606258479476108,0.014587292929989367,3.3113280852317333,0.000244140625,0.00010940916302955388,0.021250050948794712,0.016599276951378594,264,0.01611328125,0.611448693538954,2.6400166037611066,0.312744140625,0.175488499814055,0.39095789334050873,0.06293646851020605,3.2750374793144648,0.0009765625,0.0008999127204448778,0.040894658005159595,0.08479472744139893,912,0.0556640625,0.7745679956353994,2.247310221481813,0.62548828125,0.3294160855845507,0.5385775400522962,0.19602043238204325,3.16454346601219,0.00390625,0.003709728078666689,0.07729289209463454,0.2088532616469981,3088,0.1884765625,0.9025563582808402,1.6422840257353986,1.2509765625,0.4758324096165133,0.7270435398819369,0.3462227966569358,3.0153635836581683,0.015625,0.011215214480250493,0.14200773169325576,0.49022885602342375,11280,0.6884765625,0.971146164443591,0.7643815549363462,2.501953125,0.603154413380624,0.8708328352552364,0.5245765863069686,2.785570524943174,0.0625,0.10192964380582403,0.2518343670652601,0.9925913829195204,0.0,5.00390625,0.7429478031429205,0.9356555614531592,0.693981990321233,2.4677723276766215,0.25,0.23769437673872135,0.42666424839583333,0.01483916683349032,0.0009404359141708347,0.04545858444663111,0.0044162441560122,0.07496827733862575,0.009554969869337114,0.23370435717841853,0.05046535128861585
999,transformer.layers.5.linear2.weight,256,1024,262144,0.004462127471522574,-0.8847824096865151,0.012950786074927612,6,8x32x4x8x32,2.2666371803282885,0.009999999999999998,3.342427298848414,0.01,0.2887931640390679,3.0760986429917656,0.07818603515625,0.06573783513786768,0.14841911237199448,0.007718910830239466,3.3163384769574193,6.103515625e-05,7.894113228397469e-08,0.010775859040531351,0.0048878675236337255,84,0.005126953125,0.46954611922049216,2.8645777096649487,0.1563720703125,0.10917838980936204,0.21093316506000534,0.009430813544439608,3.315092919387966,0.000244140625,1.763457705960003e-05,0.021024446401902906,0.020472288528067716,256,0.015625,0.6688540318556961,2.5246976938721972,0.312744140625,0.23352674749751662,0.380086837073155,0.09372867385601161,3.2509355672153792,0.0009765625,0.0003852245970097449,0.04059882071921076,0.0827861773184996,864,0.052734375,0.84044900246057,1.997972861751322,0.62548828125,0.42890004705381196,0.5089322228948409,0.23467929874979038,3.128996259352784,0.00390625,0.0013151455249559092,0.07749701783886974,0.2514534562882676,3136,0.19140625,0.9564480679510021,1.0613683605105861,1.2509765625,0.7867641006190735,0.6504914250258388,0.5127476920767844,2.803298556933845,0.015625,0.006476495298935374,0.14372780012583802,0.5116304156519915,7744,0.47265625,0.9953235481646966,0.0,2.501953125,0.9420947671521683,0.7596452382117016,0.7112106650463187,2.425972779543857,0.0625,0.13021133800459891,0.25809318541015763,0.9995451820540822,0.0,5.00390625,0.982976190347418,0.8672938856426067,0.8518208978394533,1.9446350461129553,0.25,0.3915067589299657,0.4367939346809166,0.014410251827336908,0.0008339213005971649,0.0438630597152163,0.0042552197964094,0.07313044752104056,0.008706238249253827,0.23226742649613116,0.04862916767030558
